2022-10-10 10:33:23.470 | SUCCESS  | __main__:main:14 - 
  ██████╗ ███╗   ███╗     ██╗██╗  ██╗    ██████╗ ██╗   ██╗███╗   ██╗███╗   ██╗███████╗██████╗ 
██╔════╝ ████╗ ████║     ██║██║ ██╔╝    ██╔══██╗██║   ██║████╗  ██║████╗  ██║██╔════╝██╔══██╗
██║  ███╗██╔████╔██║     ██║█████╔╝     ██████╔╝██║   ██║██╔██╗ ██║██╔██╗ ██║█████╗  ██████╔╝
██║   ██║██║╚██╔╝██║██   ██║██╔═██╗     ██╔══██╗██║   ██║██║╚██╗██║██║╚██╗██║██╔══╝  ██╔══██╗
╚██████╔╝██║ ╚═╝ ██║╚█████╔╝██║  ██╗    ██║  ██║╚██████╔╝██║ ╚████║██║ ╚████║███████╗██║  ██║
 ╚═════╝ ╚═╝     ╚═╝ ╚════╝ ╚═╝  ╚═╝    ╚═╝  ╚═╝ ╚═════╝ ╚═╝  ╚═══╝╚═╝  ╚═══╝╚══════╝╚═╝  ╚═╝
                                                                                                                                          
    
2022-10-10 10:33:23.620 | SUCCESS  | __main__:main:22 - server started success.        ✔
2022-10-10 10:36:06.643 | SUCCESS  | __main__:main:14 - 
  ██████╗ ███╗   ███╗     ██╗██╗  ██╗    ██████╗ ██╗   ██╗███╗   ██╗███╗   ██╗███████╗██████╗ 
██╔════╝ ████╗ ████║     ██║██║ ██╔╝    ██╔══██╗██║   ██║████╗  ██║████╗  ██║██╔════╝██╔══██╗
██║  ███╗██╔████╔██║     ██║█████╔╝     ██████╔╝██║   ██║██╔██╗ ██║██╔██╗ ██║█████╗  ██████╔╝
██║   ██║██║╚██╔╝██║██   ██║██╔═██╗     ██╔══██╗██║   ██║██║╚██╗██║██║╚██╗██║██╔══╝  ██╔══██╗
╚██████╔╝██║ ╚═╝ ██║╚█████╔╝██║  ██╗    ██║  ██║╚██████╔╝██║ ╚████║██║ ╚████║███████╗██║  ██║
 ╚═════╝ ╚═╝     ╚═╝ ╚════╝ ╚═╝  ╚═╝    ╚═╝  ╚═╝ ╚═════╝ ╚═╝  ╚═══╝╚═╝  ╚═══╝╚══════╝╚═╝  ╚═╝
                                                                                                                                          
    
2022-10-10 10:36:06.720 | SUCCESS  | __main__:main:22 - server started success.        ✔
2022-10-10 10:36:14.221 | SUCCESS  | __main__:main:14 - 
  ██████╗ ███╗   ███╗     ██╗██╗  ██╗    ██████╗ ██╗   ██╗███╗   ██╗███╗   ██╗███████╗██████╗ 
██╔════╝ ████╗ ████║     ██║██║ ██╔╝    ██╔══██╗██║   ██║████╗  ██║████╗  ██║██╔════╝██╔══██╗
██║  ███╗██╔████╔██║     ██║█████╔╝     ██████╔╝██║   ██║██╔██╗ ██║██╔██╗ ██║█████╗  ██████╔╝
██║   ██║██║╚██╔╝██║██   ██║██╔═██╗     ██╔══██╗██║   ██║██║╚██╗██║██║╚██╗██║██╔══╝  ██╔══██╗
╚██████╔╝██║ ╚═╝ ██║╚█████╔╝██║  ██╗    ██║  ██║╚██████╔╝██║ ╚████║██║ ╚████║███████╗██║  ██║
 ╚═════╝ ╚═╝     ╚═╝ ╚════╝ ╚═╝  ╚═╝    ╚═╝  ╚═╝ ╚═════╝ ╚═╝  ╚═══╝╚═╝  ╚═══╝╚══════╝╚═╝  ╚═╝
                                                                                                                                          
    
2022-10-10 10:36:14.282 | SUCCESS  | __main__:main:22 - server started success.        ✔
2022-10-10 10:36:15.992 | SUCCESS  | __main__:main:14 - 
  ██████╗ ███╗   ███╗     ██╗██╗  ██╗    ██████╗ ██╗   ██╗███╗   ██╗███╗   ██╗███████╗██████╗ 
██╔════╝ ████╗ ████║     ██║██║ ██╔╝    ██╔══██╗██║   ██║████╗  ██║████╗  ██║██╔════╝██╔══██╗
██║  ███╗██╔████╔██║     ██║█████╔╝     ██████╔╝██║   ██║██╔██╗ ██║██╔██╗ ██║█████╗  ██████╔╝
██║   ██║██║╚██╔╝██║██   ██║██╔═██╗     ██╔══██╗██║   ██║██║╚██╗██║██║╚██╗██║██╔══╝  ██╔══██╗
╚██████╔╝██║ ╚═╝ ██║╚█████╔╝██║  ██╗    ██║  ██║╚██████╔╝██║ ╚████║██║ ╚████║███████╗██║  ██║
 ╚═════╝ ╚═╝     ╚═╝ ╚════╝ ╚═╝  ╚═╝    ╚═╝  ╚═╝ ╚═════╝ ╚═╝  ╚═══╝╚═╝  ╚═══╝╚══════╝╚═╝  ╚═╝
                                                                                                                                          
    
2022-10-10 10:36:16.060 | SUCCESS  | __main__:main:22 - server started success.        ✔
2022-10-10 10:36:34.627 | INFO     | gm_api_automation.middleware.LogMiddleware:process_response:89 - <WSGIRequest: GET '/getInterfaceTotal'>
2022-10-10 10:38:53.082 | INFO     | gm_api_automation.middleware.LogMiddleware:process_response:89 - <WSGIRequest: GET '/getApi'>
2022-10-10 10:39:01.214 | INFO     | gm_api_automation.middleware.LogMiddleware:process_response:89 - <WSGIRequest: GET '/getInterfaceTotal'>
2022-10-10 10:39:24.801 | SUCCESS  | __main__:main:14 - 
  ██████╗ ███╗   ███╗     ██╗██╗  ██╗    ██████╗ ██╗   ██╗███╗   ██╗███╗   ██╗███████╗██████╗ 
██╔════╝ ████╗ ████║     ██║██║ ██╔╝    ██╔══██╗██║   ██║████╗  ██║████╗  ██║██╔════╝██╔══██╗
██║  ███╗██╔████╔██║     ██║█████╔╝     ██████╔╝██║   ██║██╔██╗ ██║██╔██╗ ██║█████╗  ██████╔╝
██║   ██║██║╚██╔╝██║██   ██║██╔═██╗     ██╔══██╗██║   ██║██║╚██╗██║██║╚██╗██║██╔══╝  ██╔══██╗
╚██████╔╝██║ ╚═╝ ██║╚█████╔╝██║  ██╗    ██║  ██║╚██████╔╝██║ ╚████║██║ ╚████║███████╗██║  ██║
 ╚═════╝ ╚═╝     ╚═╝ ╚════╝ ╚═╝  ╚═╝    ╚═╝  ╚═╝ ╚═════╝ ╚═╝  ╚═══╝╚═╝  ╚═══╝╚══════╝╚═╝  ╚═╝
                                                                                                                                          
    
2022-10-10 10:39:24.842 | SUCCESS  | __main__:main:22 - server started success.        ✔
2022-10-10 10:39:39.771 | INFO     | gm_api_automation.middleware.LogMiddleware:process_response:89 - <WSGIRequest: GET '/getApiTotal'>
2022-10-10 10:39:43.696 | SUCCESS  | __main__:main:14 - 
  ██████╗ ███╗   ███╗     ██╗██╗  ██╗    ██████╗ ██╗   ██╗███╗   ██╗███╗   ██╗███████╗██████╗ 
██╔════╝ ████╗ ████║     ██║██║ ██╔╝    ██╔══██╗██║   ██║████╗  ██║████╗  ██║██╔════╝██╔══██╗
██║  ███╗██╔████╔██║     ██║█████╔╝     ██████╔╝██║   ██║██╔██╗ ██║██╔██╗ ██║█████╗  ██████╔╝
██║   ██║██║╚██╔╝██║██   ██║██╔═██╗     ██╔══██╗██║   ██║██║╚██╗██║██║╚██╗██║██╔══╝  ██╔══██╗
╚██████╔╝██║ ╚═╝ ██║╚█████╔╝██║  ██╗    ██║  ██║╚██████╔╝██║ ╚████║██║ ╚████║███████╗██║  ██║
 ╚═════╝ ╚═╝     ╚═╝ ╚════╝ ╚═╝  ╚═╝    ╚═╝  ╚═╝ ╚═════╝ ╚═╝  ╚═══╝╚═╝  ╚═══╝╚══════╝╚═╝  ╚═╝
                                                                                                                                          
    
2022-10-10 10:39:43.834 | SUCCESS  | __main__:main:22 - server started success.        ✔
2022-10-10 10:39:45.630 | SUCCESS  | __main__:main:14 - 
  ██████╗ ███╗   ███╗     ██╗██╗  ██╗    ██████╗ ██╗   ██╗███╗   ██╗███╗   ██╗███████╗██████╗ 
██╔════╝ ████╗ ████║     ██║██║ ██╔╝    ██╔══██╗██║   ██║████╗  ██║████╗  ██║██╔════╝██╔══██╗
██║  ███╗██╔████╔██║     ██║█████╔╝     ██████╔╝██║   ██║██╔██╗ ██║██╔██╗ ██║█████╗  ██████╔╝
██║   ██║██║╚██╔╝██║██   ██║██╔═██╗     ██╔══██╗██║   ██║██║╚██╗██║██║╚██╗██║██╔══╝  ██╔══██╗
╚██████╔╝██║ ╚═╝ ██║╚█████╔╝██║  ██╗    ██║  ██║╚██████╔╝██║ ╚████║██║ ╚████║███████╗██║  ██║
 ╚═════╝ ╚═╝     ╚═╝ ╚════╝ ╚═╝  ╚═╝    ╚═╝  ╚═╝ ╚═════╝ ╚═╝  ╚═══╝╚═╝  ╚═══╝╚══════╝╚═╝  ╚═╝
                                                                                                                                          
    
2022-10-10 10:39:45.740 | SUCCESS  | __main__:main:22 - server started success.        ✔
2022-10-10 10:40:43.806 | INFO     | gm_api_automation.middleware.LogMiddleware:process_response:84 - 耗时大于6秒的日志：{'time': '2022-10-10 10:39:49', 'url': '/getApiTotal', 'method': 'GET', 'ip': '127.0.0.1', 'body': <QueryDict: {}>, 'user': <User: admin>, 'protocol': 'http', 'response': '{"code":500,"message":"Cannot resolve keyword \'create_time\' into field. Choices are: assert_list, body, body_type, case_type, create_user, created_time, deleted_time, desc, developer, directory, directory_id, host, id, is_delete, name, out_params, priority, request_headers, request_method, request_type, response, state, status, tag, testsuit_interfaces, update_user, updated_time, url","success":false,"data":{}}', 'access_time': 54379}
2022-10-10 10:40:43.806 | INFO     | gm_api_automation.middleware.LogMiddleware:process_response:89 - <WSGIRequest: GET '/getApiTotal'>
2022-10-10 10:41:57.415 | INFO     | gm_api_automation.middleware.LogMiddleware:process_response:84 - 耗时大于6秒的日志：{'time': '2022-10-10 10:41:30', 'url': '/getApiTotal', 'method': 'GET', 'ip': '127.0.0.1', 'body': <QueryDict: {}>, 'user': <User: admin>, 'protocol': 'http', 'response': '{"code":500,"message":"Cannot resolve keyword \'create_time\' into field. Choices are: assert_list, body, body_type, case_type, create_user, created_time, deleted_time, desc, developer, directory, directory_id, host, id, is_delete, name, out_params, priority, request_headers, request_method, request_type, response, state, status, tag, testsuit_interfaces, update_user, updated_time, url","success":false,"data":{}}', 'access_time': 27144}
2022-10-10 10:41:57.418 | INFO     | gm_api_automation.middleware.LogMiddleware:process_response:89 - <WSGIRequest: GET '/getApiTotal'>
2022-10-10 10:42:01.175 | SUCCESS  | __main__:main:14 - 
  ██████╗ ███╗   ███╗     ██╗██╗  ██╗    ██████╗ ██╗   ██╗███╗   ██╗███╗   ██╗███████╗██████╗ 
██╔════╝ ████╗ ████║     ██║██║ ██╔╝    ██╔══██╗██║   ██║████╗  ██║████╗  ██║██╔════╝██╔══██╗
██║  ███╗██╔████╔██║     ██║█████╔╝     ██████╔╝██║   ██║██╔██╗ ██║██╔██╗ ██║█████╗  ██████╔╝
██║   ██║██║╚██╔╝██║██   ██║██╔═██╗     ██╔══██╗██║   ██║██║╚██╗██║██║╚██╗██║██╔══╝  ██╔══██╗
╚██████╔╝██║ ╚═╝ ██║╚█████╔╝██║  ██╗    ██║  ██║╚██████╔╝██║ ╚████║██║ ╚████║███████╗██║  ██║
 ╚═════╝ ╚═╝     ╚═╝ ╚════╝ ╚═╝  ╚═╝    ╚═╝  ╚═╝ ╚═════╝ ╚═╝  ╚═══╝╚═╝  ╚═══╝╚══════╝╚═╝  ╚═╝
                                                                                                                                          
    
2022-10-10 10:42:01.295 | SUCCESS  | __main__:main:22 - server started success.        ✔
2022-10-10 10:42:29.606 | INFO     | gm_api_automation.middleware.LogMiddleware:process_response:84 - 耗时大于6秒的日志：{'time': '2022-10-10 10:42:06', 'url': '/getApiTotal', 'method': 'GET', 'ip': '127.0.0.1', 'body': <QueryDict: {}>, 'user': <User: admin>, 'protocol': 'http', 'response': '{"code":200,"message":"操作成功","success":true,"data":{"total":4,"yesterday_total":0}}', 'access_time': 23252}
2022-10-10 10:42:29.606 | INFO     | gm_api_automation.middleware.LogMiddleware:process_response:89 - <WSGIRequest: GET '/getApiTotal'>
2022-10-10 10:44:26.690 | SUCCESS  | __main__:main:14 - 
  ██████╗ ███╗   ███╗     ██╗██╗  ██╗    ██████╗ ██╗   ██╗███╗   ██╗███╗   ██╗███████╗██████╗ 
██╔════╝ ████╗ ████║     ██║██║ ██╔╝    ██╔══██╗██║   ██║████╗  ██║████╗  ██║██╔════╝██╔══██╗
██║  ███╗██╔████╔██║     ██║█████╔╝     ██████╔╝██║   ██║██╔██╗ ██║██╔██╗ ██║█████╗  ██████╔╝
██║   ██║██║╚██╔╝██║██   ██║██╔═██╗     ██╔══██╗██║   ██║██║╚██╗██║██║╚██╗██║██╔══╝  ██╔══██╗
╚██████╔╝██║ ╚═╝ ██║╚█████╔╝██║  ██╗    ██║  ██║╚██████╔╝██║ ╚████║██║ ╚████║███████╗██║  ██║
 ╚═════╝ ╚═╝     ╚═╝ ╚════╝ ╚═╝  ╚═╝    ╚═╝  ╚═╝ ╚═════╝ ╚═╝  ╚═══╝╚═╝  ╚═══╝╚══════╝╚═╝  ╚═╝
                                                                                                                                          
    
2022-10-10 10:44:26.767 | SUCCESS  | __main__:main:22 - server started success.        ✔
2022-10-10 10:45:21.390 | SUCCESS  | __main__:main:14 - 
  ██████╗ ███╗   ███╗     ██╗██╗  ██╗    ██████╗ ██╗   ██╗███╗   ██╗███╗   ██╗███████╗██████╗ 
██╔════╝ ████╗ ████║     ██║██║ ██╔╝    ██╔══██╗██║   ██║████╗  ██║████╗  ██║██╔════╝██╔══██╗
██║  ███╗██╔████╔██║     ██║█████╔╝     ██████╔╝██║   ██║██╔██╗ ██║██╔██╗ ██║█████╗  ██████╔╝
██║   ██║██║╚██╔╝██║██   ██║██╔═██╗     ██╔══██╗██║   ██║██║╚██╗██║██║╚██╗██║██╔══╝  ██╔══██╗
╚██████╔╝██║ ╚═╝ ██║╚█████╔╝██║  ██╗    ██║  ██║╚██████╔╝██║ ╚████║██║ ╚████║███████╗██║  ██║
 ╚═════╝ ╚═╝     ╚═╝ ╚════╝ ╚═╝  ╚═╝    ╚═╝  ╚═╝ ╚═════╝ ╚═╝  ╚═══╝╚═╝  ╚═══╝╚══════╝╚═╝  ╚═╝
                                                                                                                                          
    
2022-10-10 10:45:21.476 | SUCCESS  | __main__:main:22 - server started success.        ✔
2022-10-10 10:46:25.486 | SUCCESS  | __main__:main:14 - 
  ██████╗ ███╗   ███╗     ██╗██╗  ██╗    ██████╗ ██╗   ██╗███╗   ██╗███╗   ██╗███████╗██████╗ 
██╔════╝ ████╗ ████║     ██║██║ ██╔╝    ██╔══██╗██║   ██║████╗  ██║████╗  ██║██╔════╝██╔══██╗
██║  ███╗██╔████╔██║     ██║█████╔╝     ██████╔╝██║   ██║██╔██╗ ██║██╔██╗ ██║█████╗  ██████╔╝
██║   ██║██║╚██╔╝██║██   ██║██╔═██╗     ██╔══██╗██║   ██║██║╚██╗██║██║╚██╗██║██╔══╝  ██╔══██╗
╚██████╔╝██║ ╚═╝ ██║╚█████╔╝██║  ██╗    ██║  ██║╚██████╔╝██║ ╚████║██║ ╚████║███████╗██║  ██║
 ╚═════╝ ╚═╝     ╚═╝ ╚════╝ ╚═╝  ╚═╝    ╚═╝  ╚═╝ ╚═════╝ ╚═╝  ╚═══╝╚═╝  ╚═══╝╚══════╝╚═╝  ╚═╝
                                                                                                                                          
    
2022-10-10 10:46:25.566 | SUCCESS  | __main__:main:22 - server started success.        ✔
2022-10-10 10:46:28.511 | INFO     | gm_api_automation.middleware.LogMiddleware:process_response:89 - <WSGIRequest: GET '/getApiTotal'>
2022-10-10 10:46:38.953 | SUCCESS  | __main__:main:14 - 
  ██████╗ ███╗   ███╗     ██╗██╗  ██╗    ██████╗ ██╗   ██╗███╗   ██╗███╗   ██╗███████╗██████╗ 
██╔════╝ ████╗ ████║     ██║██║ ██╔╝    ██╔══██╗██║   ██║████╗  ██║████╗  ██║██╔════╝██╔══██╗
██║  ███╗██╔████╔██║     ██║█████╔╝     ██████╔╝██║   ██║██╔██╗ ██║██╔██╗ ██║█████╗  ██████╔╝
██║   ██║██║╚██╔╝██║██   ██║██╔═██╗     ██╔══██╗██║   ██║██║╚██╗██║██║╚██╗██║██╔══╝  ██╔══██╗
╚██████╔╝██║ ╚═╝ ██║╚█████╔╝██║  ██╗    ██║  ██║╚██████╔╝██║ ╚████║██║ ╚████║███████╗██║  ██║
 ╚═════╝ ╚═╝     ╚═╝ ╚════╝ ╚═╝  ╚═╝    ╚═╝  ╚═╝ ╚═════╝ ╚═╝  ╚═══╝╚═╝  ╚═══╝╚══════╝╚═╝  ╚═╝
                                                                                                                                          
    
2022-10-10 10:46:39.071 | SUCCESS  | __main__:main:22 - server started success.        ✔
2022-10-10 10:46:42.913 | INFO     | gm_api_automation.middleware.LogMiddleware:process_response:89 - <WSGIRequest: GET '/getApiTotal'>
2022-10-10 10:47:17.459 | INFO     | gm_api_automation.middleware.LogMiddleware:process_response:92 - POST http://127.0.0.1/createrApi
2022-10-10 10:47:17.459 | INFO     | gm_api_automation.middleware.LogMiddleware:process_response:93 - 请求参数: {'host': 'https://www.baidu.com', 'name': '测试断言15', 'request_method': 'post', 'request_type': 'https', 'request_headers': '', 'body': '{"loginAccount": "17621525387","loginKey": "541925","loginType": 1,"landingSource": 7}', 'body_type': 'json', 'assert_list': '[{"expected":"3000","actually":"$..code","assert_type":"equal","assert_obj":"response_json"}]', 'case_type': '前置用例', 'tag': '测试', 'desc': '第一个接口', 'url': 'https://gmjk-hcm-test.nhf.cn/api/gm-health-steward-platform/healthSteward/user/wjjGmOpenToken/login', 'developer': '王宋文', 'status': '成功', 'priority': 1, 'directory': '43', 'state': '进行中'}
2022-10-10 10:47:17.459 | INFO     | gm_api_automation.middleware.LogMiddleware:process_response:94 - 响应信息: {"code":400,"message":"无效主键 “43” － 对象不存在。","success":false,"data":{}}
2022-10-10 10:47:30.005 | INFO     | gm_api_automation.middleware.LogMiddleware:process_response:92 - POST http://127.0.0.1/createrApi
2022-10-10 10:47:30.006 | INFO     | gm_api_automation.middleware.LogMiddleware:process_response:93 - 请求参数: {'host': 'https://www.baidu.com', 'name': '测试断言15', 'request_method': 'post', 'request_type': 'https', 'request_headers': '', 'body': '{"loginAccount": "17621525387","loginKey": "541925","loginType": 1,"landingSource": 7}', 'body_type': 'json', 'assert_list': '[{"expected":"3000","actually":"$..code","assert_type":"equal","assert_obj":"response_json"}]', 'case_type': '前置用例', 'tag': '测试', 'desc': '第一个接口', 'url': 'https://gmjk-hcm-test.nhf.cn/api/gm-health-steward-platform/healthSteward/user/wjjGmOpenToken/login', 'developer': '王宋文', 'status': '成功', 'priority': 1, 'directory': '1', 'state': '进行中'}
2022-10-10 10:47:30.006 | INFO     | gm_api_automation.middleware.LogMiddleware:process_response:94 - 响应信息: {"code":200,"message":"接口创建成功","success":true,"data":{}}
2022-10-10 10:47:40.632 | INFO     | gm_api_automation.middleware.LogMiddleware:process_response:89 - <WSGIRequest: GET '/getApiTotal'>
2022-10-10 10:48:56.585 | SUCCESS  | __main__:main:14 - 
  ██████╗ ███╗   ███╗     ██╗██╗  ██╗    ██████╗ ██╗   ██╗███╗   ██╗███╗   ██╗███████╗██████╗ 
██╔════╝ ████╗ ████║     ██║██║ ██╔╝    ██╔══██╗██║   ██║████╗  ██║████╗  ██║██╔════╝██╔══██╗
██║  ███╗██╔████╔██║     ██║█████╔╝     ██████╔╝██║   ██║██╔██╗ ██║██╔██╗ ██║█████╗  ██████╔╝
██║   ██║██║╚██╔╝██║██   ██║██╔═██╗     ██╔══██╗██║   ██║██║╚██╗██║██║╚██╗██║██╔══╝  ██╔══██╗
╚██████╔╝██║ ╚═╝ ██║╚█████╔╝██║  ██╗    ██║  ██║╚██████╔╝██║ ╚████║██║ ╚████║███████╗██║  ██║
 ╚═════╝ ╚═╝     ╚═╝ ╚════╝ ╚═╝  ╚═╝    ╚═╝  ╚═╝ ╚═════╝ ╚═╝  ╚═══╝╚═╝  ╚═══╝╚══════╝╚═╝  ╚═╝
                                                                                                                                          
    
2022-10-10 10:48:56.665 | SUCCESS  | __main__:main:22 - server started success.        ✔
2022-10-10 10:55:22.775 | SUCCESS  | __main__:main:14 - 
  ██████╗ ███╗   ███╗     ██╗██╗  ██╗    ██████╗ ██╗   ██╗███╗   ██╗███╗   ██╗███████╗██████╗ 
██╔════╝ ████╗ ████║     ██║██║ ██╔╝    ██╔══██╗██║   ██║████╗  ██║████╗  ██║██╔════╝██╔══██╗
██║  ███╗██╔████╔██║     ██║█████╔╝     ██████╔╝██║   ██║██╔██╗ ██║██╔██╗ ██║█████╗  ██████╔╝
██║   ██║██║╚██╔╝██║██   ██║██╔═██╗     ██╔══██╗██║   ██║██║╚██╗██║██║╚██╗██║██╔══╝  ██╔══██╗
╚██████╔╝██║ ╚═╝ ██║╚█████╔╝██║  ██╗    ██║  ██║╚██████╔╝██║ ╚████║██║ ╚████║███████╗██║  ██║
 ╚═════╝ ╚═╝     ╚═╝ ╚════╝ ╚═╝  ╚═╝    ╚═╝  ╚═╝ ╚═════╝ ╚═╝  ╚═══╝╚═╝  ╚═══╝╚══════╝╚═╝  ╚═╝
                                                                                                                                          
    
2022-10-10 10:55:22.861 | SUCCESS  | __main__:main:22 - server started success.        ✔
2022-10-10 10:58:11.007 | INFO     | gm_api_automation.middleware.LogMiddleware:process_response:89 - <WSGIRequest: GET '/getTestSuits?pageNo=1&pageSize=20'>
2022-10-10 10:59:43.289 | SUCCESS  | __main__:main:14 - 
  ██████╗ ███╗   ███╗     ██╗██╗  ██╗    ██████╗ ██╗   ██╗███╗   ██╗███╗   ██╗███████╗██████╗ 
██╔════╝ ████╗ ████║     ██║██║ ██╔╝    ██╔══██╗██║   ██║████╗  ██║████╗  ██║██╔════╝██╔══██╗
██║  ███╗██╔████╔██║     ██║█████╔╝     ██████╔╝██║   ██║██╔██╗ ██║██╔██╗ ██║█████╗  ██████╔╝
██║   ██║██║╚██╔╝██║██   ██║██╔═██╗     ██╔══██╗██║   ██║██║╚██╗██║██║╚██╗██║██╔══╝  ██╔══██╗
╚██████╔╝██║ ╚═╝ ██║╚█████╔╝██║  ██╗    ██║  ██║╚██████╔╝██║ ╚████║██║ ╚████║███████╗██║  ██║
 ╚═════╝ ╚═╝     ╚═╝ ╚════╝ ╚═╝  ╚═╝    ╚═╝  ╚═╝ ╚═════╝ ╚═╝  ╚═══╝╚═╝  ╚═══╝╚══════╝╚═╝  ╚═╝
                                                                                                                                          
    
2022-10-10 10:59:43.371 | SUCCESS  | __main__:main:22 - server started success.        ✔
2022-10-10 11:01:40.568 | INFO     | gm_api_automation.middleware.LogMiddleware:process_response:84 - 耗时大于6秒的日志：{'time': '2022-10-10 11:00:00', 'url': '/getCaseTotal', 'method': 'GET', 'ip': '127.0.0.1', 'body': <QueryDict: {}>, 'user': <User: admin>, 'protocol': 'http', 'response': '<!DOCTYPE html>\n<html lang="en">\n<head>\n  <meta http-equiv="content-type" content="text/html; charset=utf-8">\n  <meta name="robots" content="NONE,NOARCHIVE">\n  <title>AssertionError\n          at /getCaseTotal</title>\n  <style type="text/css">\n    html * { padding:0; margin:0; }\n    body * { padding:10px 20px; }\n    body * * { padding:0; }\n    body { font:small sans-serif; background-color:#fff; color:#000; }\n    body>div { border-bottom:1px solid #ddd; }\n    h1 { font-weight:normal; }\n    h2 { margin-bottom:.8em; }\n    h3 { margin:1em 0 .5em 0; }\n    h4 { margin:0 0 .5em 0; font-weight: normal; }\n    code, pre { font-size: 100%; white-space: pre-wrap; }\n    table { border:1px solid #ccc; border-collapse: collapse; width:100%; background:white; }\n    tbody td, tbody th { vertical-align:top; padding:2px 3px; }\n    thead th {\n      padding:1px 6px 1px 3px; background:#fefefe; text-align:left;\n      font-weight:normal; font-size:11px; border:1px solid #ddd;\n    }\n    tbody th { width:12em; text-align:right; color:#666; padding-right:.5em; }\n    table.vars { margin:5px 0 2px 40px; }\n    table.vars td, table.req td { font-family:monospace; }\n    table td.code { width:100%; }\n    table td.code pre { overflow:hidden; }\n    table.source th { color:#666; }\n    table.source td { font-family:monospace; white-space:pre; border-bottom:1px solid #eee; }\n    ul.traceback { list-style-type:none; color: #222; }\n    ul.traceback li.frame { padding-bottom:1em; color:#4f4f4f; }\n    ul.traceback li.user { background-color:#e0e0e0; color:#000 }\n    div.context { padding:10px 0; overflow:hidden; }\n    div.context ol { padding-left:30px; margin:0 10px; list-style-position: inside; }\n    div.context ol li { font-family:monospace; white-space:pre; color:#777; cursor:pointer; padding-left: 2px; }\n    div.context ol li pre { display:inline; }\n    div.context ol.context-line li { color:#464646; background-color:#dfdfdf; padding: 3px 2px; }\n    div.context ol.context-line li span { position:absolute; right:32px; }\n    .user div.context ol.context-line li { background-color:#bbb; color:#000; }\n    .user div.context ol li { color:#666; }\n    div.commands { margin-left: 40px; }\n    div.commands a { color:#555; text-decoration:none; }\n    .user div.commands a { color: black; }\n    #summary { background: #ffc; }\n    #summary h2 { font-weight: normal; color: #666; }\n    #explanation { background:#eee; }\n    #template, #template-not-exist { background:#f6f6f6; }\n    #template-not-exist ul { margin: 0 0 10px 20px; }\n    #template-not-exist .postmortem-section { margin-bottom: 3px; }\n    #unicode-hint { background:#eee; }\n    #traceback { background:#eee; }\n    #requestinfo { background:#f6f6f6; padding-left:120px; }\n    #summary table { border:none; background:transparent; }\n    #requestinfo h2, #requestinfo h3 { position:relative; margin-left:-100px; }\n    #requestinfo h3 { margin-bottom:-1em; }\n    .error { background: #ffc; }\n    .specific { color:#cc3300; font-weight:bold; }\n    h2 span.commands { font-size:.7em; font-weight:normal; }\n    span.commands a:link {color:#5E5694;}\n    pre.exception_value { font-family: sans-serif; color: #575757; font-size: 1.5em; margin: 10px 0 10px 0; }\n    .append-bottom { margin-bottom: 10px; }\n    .fname { user-select: all; }\n  </style>\n  \n  <script>\n    function hideAll(elems) {\n      for (var e = 0; e < elems.length; e++) {\n        elems[e].style.display = \'none\';\n      }\n    }\n    window.onload = function() {\n      hideAll(document.querySelectorAll(\'table.vars\'));\n      hideAll(document.querySelectorAll(\'ol.pre-context\'));\n      hideAll(document.querySelectorAll(\'ol.post-context\'));\n      hideAll(document.querySelectorAll(\'div.pastebin\'));\n    }\n    function toggle() {\n      for (var i = 0; i < arguments.length; i++) {\n        var e = document.getElementById(arguments[i]);\n        if (e) {\n          e.style.display = e.style.display == \'none\' ? \'block\': \'none\';\n        }\n      }\n      return false;\n    }\n    function varToggle(link, id) {\n      toggle(\'v\' + id);\n      var s = link.getElementsByTagName(\'span\')[0];\n      var uarr = String.fromCharCode(0x25b6);\n      var darr = String.fromCharCode(0x25bc);\n      s.textContent = s.textContent == uarr ? darr : uarr;\n      return false;\n    }\n    function switchPastebinFriendly(link) {\n      s1 = "Switch to copy-and-paste view";\n      s2 = "Switch back to interactive view";\n      link.textContent = link.textContent.trim() == s1 ? s2: s1;\n      toggle(\'browserTraceback\', \'pastebinTraceback\');\n      return false;\n    }\n  </script>\n  \n</head>\n<body>\n<div id="summary">\n  <h1>AssertionError\n       at /getCaseTotal</h1>\n  <pre class="exception_value">Expected a `Response`, `HttpResponse` or `HttpStreamingResponse` to be returned from the view, but received a `&lt;class &#x27;NoneType&#x27;&gt;`</pre>\n  <table class="meta">\n\n    <tr>\n      <th>Request Method:</th>\n      <td>GET</td>\n    </tr>\n    <tr>\n      <th>Request URL:</th>\n      <td>http://127.0.0.1:8000/getCaseTotal</td>\n    </tr>\n\n    <tr>\n      <th>Django Version:</th>\n      <td>3.2.9</td>\n    </tr>\n\n    <tr>\n      <th>Exception Type:</th>\n      <td>AssertionError</td>\n    </tr>\n\n\n    <tr>\n      <th>Exception Value:</th>\n      <td><pre>Expected a `Response`, `HttpResponse` or `HttpStreamingResponse` to be returned from the view, but received a `&lt;class &#x27;NoneType&#x27;&gt;`</pre></td>\n    </tr>\n\n\n    <tr>\n      <th>Exception Location:</th>\n      <td><span class="fname">C:\\Users\\17621\\.virtualenvs\\api_automation_platfrom_v1.0-mjY1grIv\\lib\\site-packages\\rest_framework\\views.py</span>, line 423, in finalize_response</td>\n    </tr>\n\n    <tr>\n      <th>Python Executable:</th>\n      <td>C:\\Users\\17621\\.virtualenvs\\api_automation_platfrom_v1.0-mjY1grIv\\Scripts\\python.exe</td>\n    </tr>\n    <tr>\n      <th>Python Version:</th>\n      <td>3.9.8</td>\n    </tr>\n    <tr>\n      <th>Python Path:</th>\n      <td><pre>[&#x27;E:\\\\测试平台相关\\\\api_automation_platfrom_v1.0\\\\apps&#x27;,\n &#x27;E:\\\\测试平台相关\\\\api_automation_platfrom_v1.0&#x27;,\n &#x27;D:\\\\PyCharm 2021.3.1\\\\plugins\\\\python\\\\helpers\\\\pydev&#x27;,\n &#x27;E:\\\\测试平台相关\\\\api_automation_platfrom_v1.0&#x27;,\n &#x27;E:\\\\测试平台相关\\\\api_automation_platfrom_v1.0\\\\apps&#x27;,\n &#x27;D:\\\\PyCharm 2021.3.1\\\\plugins\\\\python\\\\helpers\\\\pycharm_display&#x27;,\n &#x27;D:\\\\PyCharm 2021.3.1\\\\plugins\\\\python\\\\helpers\\\\third_party\\\\thriftpy&#x27;,\n &#x27;D:\\\\PyCharm 2021.3.1\\\\plugins\\\\python\\\\helpers\\\\pydev&#x27;,\n &#x27;C:\\\\Users\\\\17621\\\\AppData\\\\Local\\\\JetBrains\\\\PyCharm2021.3\\\\cythonExtensions&#x27;,\n &#x27;D:\\\\python3.9.8\\\\python39.zip&#x27;,\n &#x27;D:\\\\python3.9.8\\\\DLLs&#x27;,\n &#x27;D:\\\\python3.9.8\\\\lib&#x27;,\n &#x27;D:\\\\python3.9.8&#x27;,\n &#x27;C:\\\\Users\\\\17621\\\\.virtualenvs\\\\api_automation_platfrom_v1.0-mjY1grIv&#x27;,\n &#x27;C:\\\\Users\\\\17621\\\\.virtualenvs\\\\api_automation_platfrom_v1.0-mjY1grIv\\\\lib\\\\site-packages&#x27;,\n &#x27;D:\\\\PyCharm 2021.3.1\\\\plugins\\\\python\\\\helpers\\\\pycharm_matplotlib_backend&#x27;]</pre></td>\n    </tr>\n    <tr>\n      <th>Server time:</th>\n      <td>Mon, 10 Oct 2022 11:01:40 +0800</td>\n    </tr>\n  </table>\n</div>\n\n\n\n\n<div id="traceback">\n  <h2>Traceback <span class="commands"><a href="#" onclick="return switchPastebinFriendly(this);">\n    Switch to copy-and-paste view</a></span>\n  </h2>\n  <div id="browserTraceback">\n    <ul class="traceback">\n      \n        \n        <li class="frame django">\n          \n            <code class="fname">C:\\Users\\17621\\.virtualenvs\\api_automation_platfrom_v1.0-mjY1grIv\\lib\\site-packages\\django\\core\\handlers\\exception.py</code>, line 47, in inner\n          \n\n          \n            <div class="context" id="c2563781545408">\n              \n                <ol start="40" class="pre-context" id="pre2563781545408">\n                \n                  <li onclick="toggle(\'pre2563781545408\', \'post2563781545408\')"><pre>                response = await sync_to_async(response_for_exception, thread_sensitive=False)(request, exc)</pre></li>\n                \n                  <li onclick="toggle(\'pre2563781545408\', \'post2563781545408\')"><pre>            return response</pre></li>\n                \n                  <li onclick="toggle(\'pre2563781545408\', \'post2563781545408\')"><pre>        return inner</pre></li>\n                \n                  <li onclick="toggle(\'pre2563781545408\', \'post2563781545408\')"><pre>    else:</pre></li>\n                \n                  <li onclick="toggle(\'pre2563781545408\', \'post2563781545408\')"><pre>        @wraps(get_response)</pre></li>\n                \n                  <li onclick="toggle(\'pre2563781545408\', \'post2563781545408\')"><pre>        def inner(request):</pre></li>\n                \n                  <li onclick="toggle(\'pre2563781545408\', \'post2563781545408\')"><pre>            try:</pre></li>\n                \n                </ol>\n              \n              <ol start="47" class="context-line">\n                <li onclick="toggle(\'pre2563781545408\', \'post2563781545408\')"><pre>                response = get_response(request)</pre> <span>…</span></li>\n              </ol>\n              \n                <ol start=\'48\' class="post-context" id="post2563781545408">\n                  \n                  <li onclick="toggle(\'pre2563781545408\', \'post2563781545408\')"><pre>            except Exception as exc:</pre></li>\n                  \n                  <li onclick="toggle(\'pre2563781545408\', \'post2563781545408\')"><pre>                response = response_for_exception(request, exc)</pre></li>\n                  \n                  <li onclick="toggle(\'pre2563781545408\', \'post2563781545408\')"><pre>            return response</pre></li>\n                  \n                  <li onclick="toggle(\'pre2563781545408\', \'post2563781545408\')"><pre>        return inner</pre></li>\n                  \n                  <li onclick="toggle(\'pre2563781545408\', \'post2563781545408\')"><pre></pre></li>\n                  \n                  <li onclick="toggle(\'pre2563781545408\', \'post2563781545408\')"><pre></pre></li>\n                  \n              </ol>\n              \n            </div>\n          \n\n          \n            <div class="commands">\n                \n                    <a href="#" onclick="return varToggle(this, \'2563781545408\')"><span>&#x25b6;</span> Local vars</a>\n                \n            </div>\n            <table class="vars" id="v2563781545408">\n              <thead>\n                <tr>\n                  <th>Variable</th>\n                  <th>Value</th>\n                </tr>\n              </thead>\n              <tbody>\n                \n                  <tr>\n                    <td>exc</td>\n                    <td class="code"><pre>AssertionError(&quot;Expected a `Response`, `HttpResponse` or `HttpStreamingResponse` to be returned from the view, but received a `&lt;class &#x27;NoneType&#x27;&gt;`&quot;)</pre></td>\n                  </tr>\n                \n                  <tr>\n                    <td>get_response</td>\n                    <td class="code"><pre>&lt;bound method BaseHandler._get_response of &lt;django.core.handlers.wsgi.WSGIHandler object at 0x00000254EABCA400&gt;&gt;</pre></td>\n                  </tr>\n                \n                  <tr>\n                    <td>request</td>\n                    <td class="code"><pre>&lt;WSGIRequest: GET &#x27;/getCaseTotal&#x27;&gt;</pre></td>\n                  </tr>\n                \n              </tbody>\n            </table>\n          \n        </li>\n      \n        \n        <li class="frame django">\n          \n            <code class="fname">C:\\Users\\17621\\.virtualenvs\\api_automation_platfrom_v1.0-mjY1grIv\\lib\\site-packages\\django\\core\\handlers\\base.py</code>, line 181, in _get_response\n          \n\n          \n            <div class="context" id="c2563781365504">\n              \n                <ol start="174" class="pre-context" id="pre2563781365504">\n                \n                  <li onclick="toggle(\'pre2563781365504\', \'post2563781365504\')"><pre></pre></li>\n                \n                  <li onclick="toggle(\'pre2563781365504\', \'post2563781365504\')"><pre>        if response is None:</pre></li>\n                \n                  <li onclick="toggle(\'pre2563781365504\', \'post2563781365504\')"><pre>            wrapped_callback = self.make_view_atomic(callback)</pre></li>\n                \n                  <li onclick="toggle(\'pre2563781365504\', \'post2563781365504\')"><pre>            # If it is an asynchronous view, run it in a subthread.</pre></li>\n                \n                  <li onclick="toggle(\'pre2563781365504\', \'post2563781365504\')"><pre>            if asyncio.iscoroutinefunction(wrapped_callback):</pre></li>\n                \n                  <li onclick="toggle(\'pre2563781365504\', \'post2563781365504\')"><pre>                wrapped_callback = async_to_sync(wrapped_callback)</pre></li>\n                \n                  <li onclick="toggle(\'pre2563781365504\', \'post2563781365504\')"><pre>            try:</pre></li>\n                \n                </ol>\n              \n              <ol start="181" class="context-line">\n                <li onclick="toggle(\'pre2563781365504\', \'post2563781365504\')"><pre>                response = wrapped_callback(request, *callback_args, **callback_kwargs)</pre> <span>…</span></li>\n              </ol>\n              \n                <ol start=\'182\' class="post-context" id="post2563781365504">\n                  \n                  <li onclick="toggle(\'pre2563781365504\', \'post2563781365504\')"><pre>            except Exception as e:</pre></li>\n                  \n                  <li onclick="toggle(\'pre2563781365504\', \'post2563781365504\')"><pre>                response = self.process_exception_by_middleware(e, request)</pre></li>\n                  \n                  <li onclick="toggle(\'pre2563781365504\', \'post2563781365504\')"><pre>                if response is None:</pre></li>\n                  \n                  <li onclick="toggle(\'pre2563781365504\', \'post2563781365504\')"><pre>                    raise</pre></li>\n                  \n                  <li onclick="toggle(\'pre2563781365504\', \'post2563781365504\')"><pre></pre></li>\n                  \n                  <li onclick="toggle(\'pre2563781365504\', \'post2563781365504\')"><pre>        # Complain if the view returned None (a common error).</pre></li>\n                  \n              </ol>\n              \n            </div>\n          \n\n          \n            <div class="commands">\n                \n                    <a href="#" onclick="return varToggle(this, \'2563781365504\')"><span>&#x25b6;</span> Local vars</a>\n                \n            </div>\n            <table class="vars" id="v2563781365504">\n              <thead>\n                <tr>\n                  <th>Variable</th>\n                  <th>Value</th>\n                </tr>\n              </thead>\n              <tbody>\n                \n                  <tr>\n                    <td>callback</td>\n                    <td class="code"><pre>&lt;function TestSuitView at 0x00000254EA650430&gt;</pre></td>\n                  </tr>\n                \n                  <tr>\n                    <td>callback_args</td>\n                    <td class="code"><pre>()</pre></td>\n                  </tr>\n                \n                  <tr>\n                    <td>callback_kwargs</td>\n                    <td class="code"><pre>{}</pre></td>\n                  </tr>\n                \n                  <tr>\n                    <td>request</td>\n                    <td class="code"><pre>&lt;WSGIRequest: GET &#x27;/getCaseTotal&#x27;&gt;</pre></td>\n                  </tr>\n                \n                  <tr>\n                    <td>response</td>\n                    <td class="code"><pre>None</pre></td>\n                  </tr>\n                \n                  <tr>\n                    <td>self</td>\n                    <td class="code"><pre>&lt;django.core.handlers.wsgi.WSGIHandler object at 0x00000254EABCA400&gt;</pre></td>\n                  </tr>\n                \n                  <tr>\n                    <td>wrapped_callback</td>\n                    <td class="code"><pre>&lt;function TestSuitView at 0x00000254EA650430&gt;</pre></td>\n                  </tr>\n                \n              </tbody>\n            </table>\n          \n        </li>\n      \n        \n        <li class="frame django">\n          \n            <code class="fname">C:\\Users\\17621\\.virtualenvs\\api_automation_platfrom_v1.0-mjY1grIv\\lib\\site-packages\\django\\views\\decorators\\csrf.py</code>, line 54, in wrapped_view\n          \n\n          \n            <div class="context" id="c2563784872448">\n              \n                <ol start="47" class="pre-context" id="pre2563784872448">\n                \n                  <li onclick="toggle(\'pre2563784872448\', \'post2563784872448\')"><pre></pre></li>\n                \n                  <li onclick="toggle(\'pre2563784872448\', \'post2563784872448\')"><pre></pre></li>\n                \n                  <li onclick="toggle(\'pre2563784872448\', \'post2563784872448\')"><pre>def csrf_exempt(view_func):</pre></li>\n                \n                  <li onclick="toggle(\'pre2563784872448\', \'post2563784872448\')"><pre>    &quot;&quot;&quot;Mark a view function as being exempt from the CSRF view protection.&quot;&quot;&quot;</pre></li>\n                \n                  <li onclick="toggle(\'pre2563784872448\', \'post2563784872448\')"><pre>    # view_func.csrf_exempt = True would also work, but decorators are nicer</pre></li>\n                \n                  <li onclick="toggle(\'pre2563784872448\', \'post2563784872448\')"><pre>    # if they don&#x27;t have side effects, so return a new function.</pre></li>\n                \n                  <li onclick="toggle(\'pre2563784872448\', \'post2563784872448\')"><pre>    def wrapped_view(*args, **kwargs):</pre></li>\n                \n                </ol>\n              \n              <ol start="54" class="context-line">\n                <li onclick="toggle(\'pre2563784872448\', \'post2563784872448\')"><pre>        return view_func(*args, **kwargs)</pre> <span>…</span></li>\n              </ol>\n              \n                <ol start=\'55\' class="post-context" id="post2563784872448">\n                  \n                  <li onclick="toggle(\'pre2563784872448\', \'post2563784872448\')"><pre>    wrapped_view.csrf_exempt = True</pre></li>\n                  \n                  <li onclick="toggle(\'pre2563784872448\', \'post2563784872448\')"><pre>    return wraps(view_func)(wrapped_view)</pre></li>\n                  \n              </ol>\n              \n            </div>\n          \n\n          \n            <div class="commands">\n                \n                    <a href="#" onclick="return varToggle(this, \'2563784872448\')"><span>&#x25b6;</span> Local vars</a>\n                \n            </div>\n            <table class="vars" id="v2563784872448">\n              <thead>\n                <tr>\n                  <th>Variable</th>\n                  <th>Value</th>\n                </tr>\n              </thead>\n              <tbody>\n                \n                  <tr>\n                    <td>args</td>\n                    <td class="code"><pre>(&lt;WSGIRequest: GET &#x27;/getCaseTotal&#x27;&gt;,)</pre></td>\n                  </tr>\n                \n                  <tr>\n                    <td>kwargs</td>\n                    <td class="code"><pre>{}</pre></td>\n                  </tr>\n                \n                  <tr>\n                    <td>view_func</td>\n                    <td class="code"><pre>&lt;function TestSuitView at 0x00000254EA6503A0&gt;</pre></td>\n                  </tr>\n                \n              </tbody>\n            </table>\n          \n        </li>\n      \n        \n        <li class="frame user">\n          \n            <code class="fname">C:\\Users\\17621\\.virtualenvs\\api_automation_platfrom_v1.0-mjY1grIv\\lib\\site-packages\\rest_framework\\viewsets.py</code>, line 125, in view\n          \n\n          \n            <div class="context" id="c2563781537408">\n              \n                <ol start="118" class="pre-context" id="pre2563781537408">\n                \n                  <li onclick="toggle(\'pre2563781537408\', \'post2563781537408\')"><pre>                setattr(self, method, handler)</pre></li>\n                \n                  <li onclick="toggle(\'pre2563781537408\', \'post2563781537408\')"><pre></pre></li>\n                \n                  <li onclick="toggle(\'pre2563781537408\', \'post2563781537408\')"><pre>            self.request = request</pre></li>\n                \n                  <li onclick="toggle(\'pre2563781537408\', \'post2563781537408\')"><pre>            self.args = args</pre></li>\n                \n                  <li onclick="toggle(\'pre2563781537408\', \'post2563781537408\')"><pre>            self.kwargs = kwargs</pre></li>\n                \n                  <li onclick="toggle(\'pre2563781537408\', \'post2563781537408\')"><pre></pre></li>\n                \n                  <li onclick="toggle(\'pre2563781537408\', \'post2563781537408\')"><pre>            # And continue as usual</pre></li>\n                \n                </ol>\n              \n              <ol start="125" class="context-line">\n                <li onclick="toggle(\'pre2563781537408\', \'post2563781537408\')"><pre>            return self.dispatch(request, *args, **kwargs)</pre> <span>…</span></li>\n              </ol>\n              \n                <ol start=\'126\' class="post-context" id="post2563781537408">\n                  \n                  <li onclick="toggle(\'pre2563781537408\', \'post2563781537408\')"><pre></pre></li>\n                  \n                  <li onclick="toggle(\'pre2563781537408\', \'post2563781537408\')"><pre>        # take name and docstring from class</pre></li>\n                  \n                  <li onclick="toggle(\'pre2563781537408\', \'post2563781537408\')"><pre>        update_wrapper(view, cls, updated=())</pre></li>\n                  \n                  <li onclick="toggle(\'pre2563781537408\', \'post2563781537408\')"><pre></pre></li>\n                  \n                  <li onclick="toggle(\'pre2563781537408\', \'post2563781537408\')"><pre>        # and possible attributes set by decorators</pre></li>\n                  \n                  <li onclick="toggle(\'pre2563781537408\', \'post2563781537408\')"><pre>        # like csrf_exempt from dispatch</pre></li>\n                  \n              </ol>\n              \n            </div>\n          \n\n          \n            <div class="commands">\n                \n                    <a href="#" onclick="return varToggle(this, \'2563781537408\')"><span>&#x25b6;</span> Local vars</a>\n                \n            </div>\n            <table class="vars" id="v2563781537408">\n              <thead>\n                <tr>\n                  <th>Variable</th>\n                  <th>Value</th>\n                </tr>\n              </thead>\n              <tbody>\n                \n                  <tr>\n                    <td>action</td>\n                    <td class="code"><pre>&#x27;get_case_total&#x27;</pre></td>\n                  </tr>\n                \n                  <tr>\n                    <td>actions</td>\n                    <td class="code"><pre>{&#x27;get&#x27;: &#x27;get_case_total&#x27;, &#x27;head&#x27;: &#x27;get_case_total&#x27;}</pre></td>\n                  </tr>\n                \n                  <tr>\n                    <td>args</td>\n                    <td class="code"><pre>()</pre></td>\n                  </tr>\n                \n                  <tr>\n                    <td>cls</td>\n                    <td class="code"><pre>&lt;class &#x27;TestSuit.views.TestSuitView&#x27;&gt;</pre></td>\n                  </tr>\n                \n                  <tr>\n                    <td>handler</td>\n                    <td class="code"><pre>&lt;bound method TestSuitView.get_case_total of &lt;TestSuit.views.TestSuitView object at 0x00000254ED680070&gt;&gt;</pre></td>\n                  </tr>\n                \n                  <tr>\n                    <td>initkwargs</td>\n                    <td class="code"><pre>{}</pre></td>\n                  </tr>\n                \n                  <tr>\n                    <td>kwargs</td>\n                    <td class="code"><pre>{}</pre></td>\n                  </tr>\n                \n                  <tr>\n                    <td>method</td>\n                    <td class="code"><pre>&#x27;head&#x27;</pre></td>\n                  </tr>\n                \n                  <tr>\n                    <td>request</td>\n                    <td class="code"><pre>&lt;WSGIRequest: GET &#x27;/getCaseTotal&#x27;&gt;</pre></td>\n                  </tr>\n                \n                  <tr>\n                    <td>self</td>\n                    <td class="code"><pre>&lt;TestSuit.views.TestSuitView object at 0x00000254ED680070&gt;</pre></td>\n                  </tr>\n                \n              </tbody>\n            </table>\n          \n        </li>\n      \n        \n        <li class="frame user">\n          \n            <code class="fname">C:\\Users\\17621\\.virtualenvs\\api_automation_platfrom_v1.0-mjY1grIv\\lib\\site-packages\\rest_framework\\views.py</code>, line 511, in dispatch\n          \n\n          \n            <div class="context" id="c2563783753024">\n              \n                <ol start="504" class="pre-context" id="pre2563783753024">\n                \n                  <li onclick="toggle(\'pre2563783753024\', \'post2563783753024\')"><pre>                handler = self.http_method_not_allowed</pre></li>\n                \n                  <li onclick="toggle(\'pre2563783753024\', \'post2563783753024\')"><pre></pre></li>\n                \n                  <li onclick="toggle(\'pre2563783753024\', \'post2563783753024\')"><pre>            response = handler(request, *args, **kwargs)</pre></li>\n                \n                  <li onclick="toggle(\'pre2563783753024\', \'post2563783753024\')"><pre></pre></li>\n                \n                  <li onclick="toggle(\'pre2563783753024\', \'post2563783753024\')"><pre>        except Exception as exc:</pre></li>\n                \n                  <li onclick="toggle(\'pre2563783753024\', \'post2563783753024\')"><pre>            response = self.handle_exception(exc)</pre></li>\n                \n                  <li onclick="toggle(\'pre2563783753024\', \'post2563783753024\')"><pre></pre></li>\n                \n                </ol>\n              \n              <ol start="511" class="context-line">\n                <li onclick="toggle(\'pre2563783753024\', \'post2563783753024\')"><pre>        self.response = self.finalize_response(request, response, *args, **kwargs)</pre> <span>…</span></li>\n              </ol>\n              \n                <ol start=\'512\' class="post-context" id="post2563783753024">\n                  \n                  <li onclick="toggle(\'pre2563783753024\', \'post2563783753024\')"><pre>        return self.response</pre></li>\n                  \n                  <li onclick="toggle(\'pre2563783753024\', \'post2563783753024\')"><pre></pre></li>\n                  \n                  <li onclick="toggle(\'pre2563783753024\', \'post2563783753024\')"><pre>    def options(self, request, *args, **kwargs):</pre></li>\n                  \n                  <li onclick="toggle(\'pre2563783753024\', \'post2563783753024\')"><pre>        &quot;&quot;&quot;</pre></li>\n                  \n                  <li onclick="toggle(\'pre2563783753024\', \'post2563783753024\')"><pre>        Handler method for HTTP &#x27;OPTIONS&#x27; request.</pre></li>\n                  \n                  <li onclick="toggle(\'pre2563783753024\', \'post2563783753024\')"><pre>        &quot;&quot;&quot;</pre></li>\n                  \n              </ol>\n              \n            </div>\n          \n\n          \n            <div class="commands">\n                \n                    <a href="#" onclick="return varToggle(this, \'2563783753024\')"><span>&#x25b6;</span> Local vars</a>\n                \n            </div>\n            <table class="vars" id="v2563783753024">\n              <thead>\n                <tr>\n                  <th>Variable</th>\n                  <th>Value</th>\n                </tr>\n              </thead>\n              <tbody>\n                \n                  <tr>\n                    <td>args</td>\n                    <td class="code"><pre>()</pre></td>\n                  </tr>\n                \n                  <tr>\n                    <td>handler</td>\n                    <td class="code"><pre>&lt;bound method TestSuitView.get_case_total of &lt;TestSuit.views.TestSuitView object at 0x00000254ED680070&gt;&gt;</pre></td>\n                  </tr>\n                \n                  <tr>\n                    <td>kwargs</td>\n                    <td class="code"><pre>{}</pre></td>\n                  </tr>\n                \n                  <tr>\n                    <td>request</td>\n                    <td class="code"><pre>&lt;rest_framework.request.Request: GET &#x27;/getCaseTotal&#x27;&gt;</pre></td>\n                  </tr>\n                \n                  <tr>\n                    <td>response</td>\n                    <td class="code"><pre>None</pre></td>\n                  </tr>\n                \n                  <tr>\n                    <td>self</td>\n                    <td class="code"><pre>&lt;TestSuit.views.TestSuitView object at 0x00000254ED680070&gt;</pre></td>\n                  </tr>\n                \n              </tbody>\n            </table>\n          \n        </li>\n      \n        \n        <li class="frame user">\n          \n            <code class="fname">C:\\Users\\17621\\.virtualenvs\\api_automation_platfrom_v1.0-mjY1grIv\\lib\\site-packages\\rest_framework\\views.py</code>, line 423, in finalize_response\n          \n\n          \n            <div class="context" id="c2563785250944">\n              \n                <ol start="416" class="pre-context" id="pre2563785250944">\n                \n                  <li onclick="toggle(\'pre2563785250944\', \'post2563785250944\')"><pre>        self.check_throttles(request)</pre></li>\n                \n                  <li onclick="toggle(\'pre2563785250944\', \'post2563785250944\')"><pre></pre></li>\n                \n                  <li onclick="toggle(\'pre2563785250944\', \'post2563785250944\')"><pre>    def finalize_response(self, request, response, *args, **kwargs):</pre></li>\n                \n                  <li onclick="toggle(\'pre2563785250944\', \'post2563785250944\')"><pre>        &quot;&quot;&quot;</pre></li>\n                \n                  <li onclick="toggle(\'pre2563785250944\', \'post2563785250944\')"><pre>        Returns the final response object.</pre></li>\n                \n                  <li onclick="toggle(\'pre2563785250944\', \'post2563785250944\')"><pre>        &quot;&quot;&quot;</pre></li>\n                \n                  <li onclick="toggle(\'pre2563785250944\', \'post2563785250944\')"><pre>        # Make the error obvious if a proper response is not returned</pre></li>\n                \n                </ol>\n              \n              <ol start="423" class="context-line">\n                <li onclick="toggle(\'pre2563785250944\', \'post2563785250944\')"><pre>        assert isinstance(response, HttpResponseBase), (</pre> <span>…</span></li>\n              </ol>\n              \n                <ol start=\'424\' class="post-context" id="post2563785250944">\n                  \n                  <li onclick="toggle(\'pre2563785250944\', \'post2563785250944\')"><pre>            &#x27;Expected a `Response`, `HttpResponse` or `HttpStreamingResponse` &#x27;</pre></li>\n                  \n                  <li onclick="toggle(\'pre2563785250944\', \'post2563785250944\')"><pre>            &#x27;to be returned from the view, but received a `%s`&#x27;</pre></li>\n                  \n                  <li onclick="toggle(\'pre2563785250944\', \'post2563785250944\')"><pre>            % type(response)</pre></li>\n                  \n                  <li onclick="toggle(\'pre2563785250944\', \'post2563785250944\')"><pre>        )</pre></li>\n                  \n                  <li onclick="toggle(\'pre2563785250944\', \'post2563785250944\')"><pre></pre></li>\n                  \n                  <li onclick="toggle(\'pre2563785250944\', \'post2563785250944\')"><pre>        if isinstance(response, Response):</pre></li>\n                  \n              </ol>\n              \n            </div>\n          \n\n          \n            <div class="commands">\n                \n                    <a href="#" onclick="return varToggle(this, \'2563785250944\')"><span>&#x25b6;</span> Local vars</a>\n                \n            </div>\n            <table class="vars" id="v2563785250944">\n              <thead>\n                <tr>\n                  <th>Variable</th>\n                  <th>Value</th>\n                </tr>\n              </thead>\n              <tbody>\n                \n                  <tr>\n                    <td>args</td>\n                    <td class="code"><pre>()</pre></td>\n                  </tr>\n                \n                  <tr>\n                    <td>kwargs</td>\n                    <td class="code"><pre>{}</pre></td>\n                  </tr>\n                \n                  <tr>\n                    <td>request</td>\n                    <td class="code"><pre>&lt;rest_framework.request.Request: GET &#x27;/getCaseTotal&#x27;&gt;</pre></td>\n                  </tr>\n                \n                  <tr>\n                    <td>response</td>\n                    <td class="code"><pre>None</pre></td>\n                  </tr>\n                \n                  <tr>\n                    <td>self</td>\n                    <td class="code"><pre>&lt;TestSuit.views.TestSuitView object at 0x00000254ED680070&gt;</pre></td>\n                  </tr>\n                \n              </tbody>\n            </table>\n          \n        </li>\n      \n    </ul>\n  </div>\n  <form action="https://dpaste.com/" name="pasteform" id="pasteform" method="post">\n\n  <div id="pastebinTraceback" class="pastebin">\n    <input type="hidden" name="language" value="PythonConsole">\n    <input type="hidden" name="title"\n      value="AssertionError at /getCaseTotal">\n    <input type="hidden" name="source" value="Django Dpaste Agent">\n    <input type="hidden" name="poster" value="Django">\n    <textarea name="content" id="traceback_area" cols="140" rows="25">\nEnvironment:\n\n\nRequest Method: GET\nRequest URL: http://127.0.0.1:8000/getCaseTotal\n\nDjango Version: 3.2.9\nPython Version: 3.9.8\nInstalled Applications:\n[&#x27;django.contrib.admin&#x27;,\n &#x27;django.contrib.auth&#x27;,\n &#x27;django.contrib.contenttypes&#x27;,\n &#x27;django.contrib.sessions&#x27;,\n &#x27;django.contrib.messages&#x27;,\n &#x27;django.contrib.staticfiles&#x27;,\n &#x27;rest_framework&#x27;,\n &#x27;django_filters&#x27;,\n &#x27;Projects&#x27;,\n &#x27;Users&#x27;,\n &#x27;Interfaces&#x27;,\n &#x27;drf_yasg&#x27;,\n &#x27;TestCasesDiretorys&#x27;,\n &#x27;Configs&#x27;,\n &#x27;Executed&#x27;,\n &#x27;TestSuit&#x27;]\nInstalled Middleware:\n[&#x27;django.middleware.security.SecurityMiddleware&#x27;,\n &#x27;django.contrib.sessions.middleware.SessionMiddleware&#x27;,\n &#x27;django.middleware.common.CommonMiddleware&#x27;,\n &#x27;django.contrib.auth.middleware.AuthenticationMiddleware&#x27;,\n &#x27;django.contrib.messages.middleware.MessageMiddleware&#x27;,\n &#x27;django.middleware.clickjacking.XFrameOptionsMiddleware&#x27;,\n &#x27;gm_api_automation.middleware.LogMiddleware.OpLogs&#x27;]\n\n\n\nTraceback (most recent call last):\n  File "C:\\Users\\17621\\.virtualenvs\\api_automation_platfrom_v1.0-mjY1grIv\\lib\\site-packages\\django\\core\\handlers\\exception.py", line 47, in inner\n    response = get_response(request)\n  File "C:\\Users\\17621\\.virtualenvs\\api_automation_platfrom_v1.0-mjY1grIv\\lib\\site-packages\\django\\core\\handlers\\base.py", line 181, in _get_response\n    response = wrapped_callback(request, *callback_args, **callback_kwargs)\n  File "C:\\Users\\17621\\.virtualenvs\\api_automation_platfrom_v1.0-mjY1grIv\\lib\\site-packages\\django\\views\\decorators\\csrf.py", line 54, in wrapped_view\n    return view_func(*args, **kwargs)\n  File "C:\\Users\\17621\\.virtualenvs\\api_automation_platfrom_v1.0-mjY1grIv\\lib\\site-packages\\rest_framework\\viewsets.py", line 125, in view\n    return self.dispatch(request, *args, **kwargs)\n  File "C:\\Users\\17621\\.virtualenvs\\api_automation_platfrom_v1.0-mjY1grIv\\lib\\site-packages\\rest_framework\\views.py", line 511, in dispatch\n    self.response = self.finalize_response(request, response, *args, **kwargs)\n  File "C:\\Users\\17621\\.virtualenvs\\api_automation_platfrom_v1.0-mjY1grIv\\lib\\site-packages\\rest_framework\\views.py", line 423, in finalize_response\n    assert isinstance(response, HttpResponseBase), (\n\nException Type: AssertionError at /getCaseTotal\nException Value: Expected a `Response`, `HttpResponse` or `HttpStreamingResponse` to be returned from the view, but received a `&lt;class &#x27;NoneType&#x27;&gt;`\n</textarea>\n  <br><br>\n  <input type="submit" value="Share this traceback on a public website">\n  </div>\n</form>\n</div>\n\n\n\n<div id="requestinfo">\n  <h2>Request information</h2>\n\n\n  \n    <h3 id="user-info">USER</h3>\n    <p>admin</p>\n  \n\n  <h3 id="get-info">GET</h3>\n  \n    <p>No GET data</p>\n  \n\n  <h3 id="post-info">POST</h3>\n  \n    <p>No POST data</p>\n  \n  <h3 id="files-info">FILES</h3>\n  \n    <p>No FILES data</p>\n  \n\n\n  <h3 id="cookie-info">COOKIES</h3>\n  \n    <p>No cookie data</p>\n  \n\n  <h3 id="meta-info">META</h3>\n  <table class="req">\n    <thead>\n      <tr>\n        <th>Variable</th>\n        <th>Value</th>\n      </tr>\n    </thead>\n    <tbody>\n      \n        <tr>\n          <td>ALLUSERSPROFILE</td>\n          <td class="code"><pre>&#x27;C:\\\\ProgramData&#x27;</pre></td>\n        </tr>\n      \n        <tr>\n          <td>ANDROID_ADB</td>\n          <td class="code"><pre>&#x27;C:\\\\Users\\\\17621\\\\AppData\\\\Local\\\\Android\\\\Sdk\\\\platform-tools;C:\\\\Users\\\\17621\\\\AppData\\\\Local\\\\Android\\\\Sdk\\\\platform-tools;C:\\\\Users\\\\17621\\\\AppData\\\\Local\\\\Android\\\\Sdk\\\\platform-tools;%Android_adb%;;;&#x27;</pre></td>\n        </tr>\n      \n        <tr>\n          <td>APPDATA</td>\n          <td class="code"><pre>&#x27;C:\\\\Users\\\\17621\\\\AppData\\\\Roaming&#x27;</pre></td>\n        </tr>\n      \n        <tr>\n          <td>ASL.LOG</td>\n          <td class="code"><pre>&#x27;Destination=file&#x27;</pre></td>\n        </tr>\n      \n        <tr>\n          <td>CLASSPATH</td>\n          <td class="code"><pre>(&#x27;.;C:\\\\Program Files\\\\Java\\\\jdk1.8.0_161\\\\lib\\\\dt.jar;C:\\\\Program &#x27;\n &#x27;Files\\\\Java\\\\jdk1.8.0_161\\\\lib\\\\tools.jar;CLASSPATH=D:\\\\apache-jmeter-4.0\\\\lib\\\\ext\\\\ApacheJMeter_core.jar; &#x27;\n &#x27;D:\\\\apache-jmeter-4.0\\\\lib\\\\jorphan.jar;&#x27;)</pre></td>\n        </tr>\n      \n        <tr>\n          <td>COMMONPROGRAMFILES</td>\n          <td class="code"><pre>&#x27;C:\\\\Program Files\\\\Common Files&#x27;</pre></td>\n        </tr>\n      \n        <tr>\n          <td>COMMONPROGRAMFILES(X86)</td>\n          <td class="code"><pre>&#x27;C:\\\\Program Files (x86)\\\\Common Files&#x27;</pre></td>\n        </tr>\n      \n        <tr>\n          <td>COMMONPROGRAMW6432</td>\n          <td class="code"><pre>&#x27;C:\\\\Program Files\\\\Common Files&#x27;</pre></td>\n        </tr>\n      \n        <tr>\n          <td>COMPUTERNAME</td>\n          <td class="code"><pre>&#x27;DESKTOP-RH0HDLB&#x27;</pre></td>\n        </tr>\n      \n        <tr>\n          <td>COMSPEC</td>\n          <td class="code"><pre>&#x27;C:\\\\WINDOWS\\\\system32\\\\cmd.exe&#x27;</pre></td>\n        </tr>\n      \n        <tr>\n          <td>CONTENT_LENGTH</td>\n          <td class="code"><pre>&#x27;&#x27;</pre></td>\n        </tr>\n      \n        <tr>\n          <td>CONTENT_TYPE</td>\n          <td class="code"><pre>&#x27;text/plain&#x27;</pre></td>\n        </tr>\n      \n        <tr>\n          <td>DJANGO_SETTINGS_MODULE</td>\n          <td class="code"><pre>&#x27;gm_api_automation.settings&#x27;</pre></td>\n        </tr>\n      \n        <tr>\n          <td>DRIVERDATA</td>\n          <td class="code"><pre>&#x27;C:\\\\Windows\\\\System32\\\\Drivers\\\\DriverData&#x27;</pre></td>\n        </tr>\n      \n        <tr>\n          <td>FPS_BROWSER_APP_PROFILE_STRING</td>\n          <td class="code"><pre>&#x27;Internet Explorer&#x27;</pre></td>\n        </tr>\n      \n        <tr>\n          <td>FPS_BROWSER_USER_PROFILE_STRING</td>\n          <td class="code"><pre>&#x27;Default&#x27;</pre></td>\n        </tr>\n      \n        <tr>\n          <td>GATEWAY_INTERFACE</td>\n          <td class="code"><pre>&#x27;CGI/1.1&#x27;</pre></td>\n        </tr>\n      \n        <tr>\n          <td>HOMEDRIVE</td>\n          <td class="code"><pre>&#x27;C:&#x27;</pre></td>\n        </tr>\n      \n        <tr>\n          <td>HOMEPATH</td>\n          <td class="code"><pre>&#x27;\\\\Users\\\\17621&#x27;</pre></td>\n        </tr>\n      \n        <tr>\n          <td>HTTP_ACCEPT</td>\n          <td class="code"><pre>&#x27;*/*&#x27;</pre></td>\n        </tr>\n      \n        <tr>\n          <td>HTTP_ACCEPT_ENCODING</td>\n          <td class="code"><pre>&#x27;gzip, deflate, br&#x27;</pre></td>\n        </tr>\n      \n        <tr>\n          <td>HTTP_AUTHORIZATION</td>\n          <td class="code"><pre>(&#x27;Bearer &#x27;\n &#x27;eyJ0eXAiOiJKV1QiLCJhbGciOiJIUzI1NiJ9.eyJ1c2VyX2lkIjoxLCJ1c2VybmFtZSI6ImFkbWluIiwiZXhwIjoxNjY2MjMxOTcwLCJlbWFpbCI6IjE3NjIxNTI1Mzg3QDEzOS5jb20ifQ.i_wfLbKnd5DYSS9MTn_KGEyEGdY8DcX8vuPhOaunqbk&#x27;)</pre></td>\n        </tr>\n      \n        <tr>\n          <td>HTTP_CACHE_CONTROL</td>\n          <td class="code"><pre>&#x27;no-cache&#x27;</pre></td>\n        </tr>\n      \n        <tr>\n          <td>HTTP_CONNECTION</td>\n          <td class="code"><pre>&#x27;keep-alive&#x27;</pre></td>\n        </tr>\n      \n        <tr>\n          <td>HTTP_HOST</td>\n          <td class="code"><pre>&#x27;127.0.0.1:8000&#x27;</pre></td>\n        </tr>\n      \n        <tr>\n          <td>HTTP_POSTMAN_TOKEN</td>\n          <td class="code"><pre>&#x27;********************&#x27;</pre></td>\n        </tr>\n      \n        <tr>\n          <td>HTTP_USER_AGENT</td>\n          <td class="code"><pre>&#x27;PostmanRuntime/7.28.2&#x27;</pre></td>\n        </tr>\n      \n        <tr>\n          <td>IDEA_INITIAL_DIRECTORY</td>\n          <td class="code"><pre>&#x27;D:\\\\PyCharm 2021.3.1\\\\bin&#x27;</pre></td>\n        </tr>\n      \n        <tr>\n          <td>IDE_PROJECT_ROOTS</td>\n          <td class="code"><pre>&#x27;E:/测试平台相关/api_automation_platfrom_v1.0&#x27;</pre></td>\n        </tr>\n      \n        <tr>\n          <td>IPYTHONENABLE</td>\n          <td class="code"><pre>&#x27;True&#x27;</pre></td>\n        </tr>\n      \n        <tr>\n          <td>JAVA_HOME</td>\n          <td class="code"><pre>&#x27;C:\\\\Program Files\\\\Java\\\\jdk1.8.0_161&#x27;</pre></td>\n        </tr>\n      \n        <tr>\n          <td>JMETER_HOME</td>\n          <td class="code"><pre>&#x27;D:\\\\apache-jmeter-4.0&#x27;</pre></td>\n        </tr>\n      \n        <tr>\n          <td>LIBRARY_ROOTS</td>\n          <td class="code"><pre>(&#x27;D:/python3.9.8/DLLs;D:/python3.9.8/Lib;D:/python3.9.8;C:/Users/17621/.virtualenvs/api_automation_platfrom_v1.0-mjY1grIv;C:/Users/17621/.virtualenvs/api_automation_platfrom_v1.0-mjY1grIv/Lib/site-packages;C:/Users/17621/AppData/Local/JetBrains/PyCharm2021.3/python_stubs/668457129;D:/PyCharm &#x27;\n &#x27;2021.3.1/plugins/python/helpers/python-skeletons;D:/PyCharm &#x27;\n &#x27;2021.3.1/plugins/python/helpers/typeshed/stdlib;D:/PyCharm &#x27;\n &#x27;2021.3.1/plugins/python/helpers/typeshed/stubs/six;D:/PyCharm &#x27;\n &#x27;2021.3.1/plugins/python/helpers/typeshed/stubs/boto;D:/PyCharm &#x27;\n &#x27;2021.3.1/plugins/python/helpers/typeshed/stubs/mock;D:/PyCharm &#x27;\n &#x27;2021.3.1/plugins/python/helpers/typeshed/stubs/pytz;D:/PyCharm &#x27;\n &#x27;2021.3.1/plugins/python/helpers/typeshed/stubs/toml;D:/PyCharm &#x27;\n &#x27;2021.3.1/plugins/python/helpers/typeshed/stubs/annoy;D:/PyCharm &#x27;\n &#x27;2021.3.1/plugins/python/helpers/typeshed/stubs/babel;D:/PyCharm &#x27;\n &#x27;2021.3.1/plugins/python/helpers/typeshed/stubs/click;D:/PyCharm &#x27;\n &#x27;2021.3.1/plugins/python/helpers/typeshed/stubs/emoji;D:/PyCharm &#x27;\n &#x27;2021.3.1/plugins/python/helpers/typeshed/stubs/first;D:/PyCharm &#x27;\n &#x27;2021.3.1/plugins/python/helpers/typeshed/stubs/polib;D:/PyCharm &#x27;\n &#x27;2021.3.1/plugins/python/helpers/typeshed/stubs/redis;D:/PyCharm &#x27;\n &#x27;2021.3.1/plugins/python/helpers/typeshed/stubs/retry;D:/PyCharm &#x27;\n &#x27;2021.3.1/plugins/python/helpers/typeshed/stubs/ujson;D:/PyCharm &#x27;\n &#x27;2021.3.1/plugins/python/helpers/typeshed/stubs/bleach;D:/PyCharm &#x27;\n &#x27;2021.3.1/plugins/python/helpers/typeshed/stubs/caldav;D:/PyCharm &#x27;\n &#x27;2021.3.1/plugins/python/helpers/typeshed/stubs/docopt;D:/PyCharm &#x27;\n &#x27;2021.3.1/plugins/python/helpers/typeshed/stubs/enum34;D:/PyCharm &#x27;\n &#x27;2021.3.1/plugins/python/helpers/typeshed/stubs/orjson;D:/PyCharm &#x27;\n &#x27;2021.3.1/plugins/python/helpers/typeshed/stubs/Pillow;D:/PyCharm &#x27;\n &#x27;2021.3.1/plugins/python/helpers/typeshed/stubs/psutil;D:/PyCharm &#x27;\n &#x27;2021.3.1/plugins/python/helpers/typeshed/stubs/pycurl;D:/PyCharm &#x27;\n &#x27;2021.3.1/plugins/python/helpers/typeshed/stubs/pysftp;D:/PyCharm &#x27;\n &#x27;2021.3.1/plugins/python/helpers/typeshed/stubs/PyYAML;D:/PyCharm &#x27;\n &#x27;2021.3.1/plugins/python/helpers/typeshed/stubs/stripe;D:/PyCharm &#x27;\n &#x27;2021.3.1/plugins/python/helpers/typeshed/stubs/xxhash;D:/PyCharm &#x27;\n &#x27;2021.3.1/plugins/python/helpers/typeshed/stubs/appdirs;D:/PyCharm &#x27;\n &#x27;2021.3.1/plugins/python/helpers/typeshed/stubs/certifi;D:/PyCharm &#x27;\n &#x27;2021.3.1/plugins/python/helpers/typeshed/stubs/chardet;D:/PyCharm &#x27;\n &#x27;2021.3.1/plugins/python/helpers/typeshed/stubs/futures;D:/PyCharm &#x27;\n &#x27;2021.3.1/plugins/python/helpers/typeshed/stubs/pyaudio;D:/PyCharm &#x27;\n &#x27;2021.3.1/plugins/python/helpers/typeshed/stubs/PyMySQL;D:/PyCharm &#x27;\n &#x27;2021.3.1/plugins/python/helpers/typeshed/stubs/pyvmomi;D:/PyCharm &#x27;\n &#x27;2021.3.1/plugins/python/helpers/typeshed/stubs/slumber;D:/PyCharm &#x27;\n &#x27;2021.3.1/plugins/python/helpers/typeshed/stubs/tzlocal;D:/PyCharm &#x27;\n &#x27;2021.3.1/plugins/python/helpers/typeshed/stubs/vobject;D:/PyCharm &#x27;\n &#x27;2021.3.1/plugins/python/helpers/typeshed/stubs/aiofiles;D:/PyCharm &#x27;\n &#x27;2021.3.1/plugins/python/helpers/typeshed/stubs/colorama;D:/PyCharm &#x27;\n &#x27;2021.3.1/plugins/python/helpers/typeshed/stubs/croniter;D:/PyCharm &#x27;\n &#x27;2021.3.1/plugins/python/helpers/typeshed/stubs/docutils;D:/PyCharm &#x27;\n &#x27;2021.3.1/plugins/python/helpers/typeshed/stubs/filelock;D:/PyCharm &#x27;\n &#x27;2021.3.1/plugins/python/helpers/typeshed/stubs/html5lib;D:/PyCharm &#x27;\n &#x27;2021.3.1/plugins/python/helpers/typeshed/stubs/httplib2;D:/PyCharm &#x27;\n &#x27;2021.3.1/plugins/python/helpers/typeshed/stubs/jmespath;D:/PyCharm &#x27;\n &#x27;2021.3.1/plugins/python/helpers/typeshed/stubs/Markdown;D:/PyCharm &#x27;\n &#x27;2021.3.1/plugins/python/helpers/typeshed/stubs/oauthlib;D:/PyCharm &#x27;\n &#x27;2021.3.1/plugins/python/helpers/typeshed/stubs/paramiko;D:/PyCharm &#x27;\n &#x27;2021.3.1/plugins/python/helpers/typeshed/stubs/psycopg2;D:/PyCharm &#x27;\n &#x27;2021.3.1/plugins/python/helpers/typeshed/stubs/Pygments;D:/PyCharm &#x27;\n &#x27;2021.3.1/plugins/python/helpers/typeshed/stubs/requests;D:/PyCharm &#x27;\n &#x27;2021.3.1/plugins/python/helpers/typeshed/stubs/selenium;D:/PyCharm &#x27;\n &#x27;2021.3.1/plugins/python/helpers/typeshed/stubs/tabulate;D:/PyCharm &#x27;\n &#x27;2021.3.1/plugins/python/helpers/typeshed/stubs/toposort;D:/PyCharm &#x27;\n &#x27;2021.3.1/plugins/python/helpers/typeshed/stubs/waitress;D:/PyCharm &#x27;\n &#x27;2021.3.1/plugins/python/helpers/typeshed/stubs/Werkzeug;D:/PyCharm &#x27;\n &#x27;2021.3.1/plugins/python/helpers/typeshed/stubs/braintree;D:/PyCharm &#x27;\n &#x27;2021.3.1/plugins/python/helpers/typeshed/stubs/decorator;D:/PyCharm &#x27;\n &#x27;2021.3.1/plugins/python/helpers/typeshed/stubs/freezegun;D:/PyCharm &#x27;\n &#x27;2021.3.1/plugins/python/helpers/typeshed/stubs/ipaddress;D:/PyCharm &#x27;\n &#x27;2021.3.1/plugins/python/helpers/typeshed/stubs/pyOpenSSL;D:/PyCharm &#x27;\n &#x27;2021.3.1/plugins/python/helpers/typeshed/stubs/pyRFC3339;D:/PyCharm &#x27;\n &#x27;2021.3.1/plugins/python/helpers/typeshed/stubs/termcolor;D:/PyCharm &#x27;\n &#x27;2021.3.1/plugins/python/helpers/typeshed/stubs/ttkthemes;D:/PyCharm &#x27;\n &#x27;2021.3.1/plugins/python/helpers/typeshed/stubs/typed-ast;D:/PyCharm &#x27;\n &#x27;2021.3.1/plugins/python/helpers/typeshed/stubs/cachetools;D:/PyCharm &#x27;\n &#x27;2021.3.1/plugins/python/helpers/typeshed/stubs/commonmark;D:/PyCharm &#x27;\n &#x27;2021.3.1/plugins/python/helpers/typeshed/stubs/dateparser;D:/PyCharm &#x27;\n &#x27;2021.3.1/plugins/python/helpers/typeshed/stubs/Deprecated;D:/PyCharm &#x27;\n &#x27;2021.3.1/plugins/python/helpers/typeshed/stubs/frozendict;D:/PyCharm &#x27;\n &#x27;2021.3.1/plugins/python/helpers/typeshed/stubs/jsonschema;D:/PyCharm &#x27;\n &#x27;2021.3.1/plugins/python/helpers/typeshed/stubs/MarkupSafe;D:/PyCharm &#x27;\n &#x27;2021.3.1/plugins/python/helpers/typeshed/stubs/pyfarmhash;D:/PyCharm &#x27;\n &#x27;2021.3.1/plugins/python/helpers/typeshed/stubs/Send2Trash;D:/PyCharm &#x27;\n &#x27;2021.3.1/plugins/python/helpers/typeshed/stubs/setuptools;D:/PyCharm &#x27;\n &#x27;2021.3.1/plugins/python/helpers/typeshed/stubs/simplejson;D:/PyCharm &#x27;\n &#x27;2021.3.1/plugins/python/helpers/typeshed/stubs/contextvars;D:/PyCharm &#x27;\n &#x27;2021.3.1/plugins/python/helpers/typeshed/stubs/dataclasses;D:/PyCharm &#x27;\n &#x27;2021.3.1/plugins/python/helpers/typeshed/stubs/entrypoints;D:/PyCharm &#x27;\n &#x27;2021.3.1/plugins/python/helpers/typeshed/stubs/JACK-Client;D:/PyCharm &#x27;\n &#x27;2021.3.1/plugins/python/helpers/typeshed/stubs/mysqlclient;D:/PyCharm &#x27;\n &#x27;2021.3.1/plugins/python/helpers/typeshed/stubs/prettytable;D:/PyCharm &#x27;\n &#x27;2021.3.1/plugins/python/helpers/typeshed/stubs/python-nmap;D:/PyCharm &#x27;\n &#x27;2021.3.1/plugins/python/helpers/typeshed/stubs/atomicwrites;D:/PyCharm &#x27;\n &#x27;2021.3.1/plugins/python/helpers/typeshed/stubs/aws-xray-sdk;D:/PyCharm &#x27;\n &#x27;2021.3.1/plugins/python/helpers/typeshed/stubs/cryptography;D:/PyCharm &#x27;\n &#x27;2021.3.1/plugins/python/helpers/typeshed/stubs/editdistance;D:/PyCharm &#x27;\n &#x27;2021.3.1/plugins/python/helpers/typeshed/stubs/itsdangerous;D:/PyCharm &#x27;\n &#x27;2021.3.1/plugins/python/helpers/typeshed/stubs/backports_abc;D:/PyCharm &#x27;\n &#x27;2021.3.1/plugins/python/helpers/typeshed/stubs/click-spinner;D:/PyCharm &#x27;\n &#x27;2021.3.1/plugins/python/helpers/typeshed/stubs/DateTimeRange;D:/PyCharm &#x27;\n &#x27;2021.3.1/plugins/python/helpers/typeshed/stubs/humanfriendly;D:/PyCharm &#x27;\n &#x27;2021.3.1/plugins/python/helpers/typeshed/stubs/python-gflags;D:/PyCharm &#x27;\n &#x27;2021.3.1/plugins/python/helpers/typeshed/stubs/beautifulsoup4;D:/PyCharm &#x27;\n &#x27;2021.3.1/plugins/python/helpers/typeshed/stubs/characteristic;D:/PyCharm &#x27;\n &#x27;2021.3.1/plugins/python/helpers/typeshed/stubs/python-slugify;D:/PyCharm &#x27;\n &#x27;2021.3.1/plugins/python/helpers/typeshed/stubs/singledispatch;D:/PyCharm &#x27;\n &#x27;2021.3.1/plugins/python/helpers/typeshed/stubs/mypy-extensions;D:/PyCharm &#x27;\n &#x27;2021.3.1/plugins/python/helpers/typeshed/stubs/python-dateutil;D:/PyCharm &#x27;\n &#x27;2021.3.1/plugins/python/helpers/typeshed/stubs/pytest-lazy-fixture;D:/PyCharm &#x27;\n &#x27;2021.3.1/plugins/python/helpers/typeshed/stubs/backports.ssl_match_hostname&#x27;)</pre></td>\n        </tr>\n      \n        <tr>\n          <td>LOCALAPPDATA</td>\n          <td class="code"><pre>&#x27;C:\\\\Users\\\\17621\\\\AppData\\\\Local&#x27;</pre></td>\n        </tr>\n      \n        <tr>\n          <td>LOGONSERVER</td>\n          <td class="code"><pre>&#x27;\\\\\\\\DESKTOP-RH0HDLB&#x27;</pre></td>\n        </tr>\n      \n        <tr>\n          <td>NUMBER_OF_PROCESSORS</td>\n          <td class="code"><pre>&#x27;8&#x27;</pre></td>\n        </tr>\n      \n        <tr>\n          <td>ONEDRIVE</td>\n          <td class="code"><pre>&#x27;C:\\\\Users\\\\17621\\\\OneDrive&#x27;</pre></td>\n        </tr>\n      \n        <tr>\n          <td>OS</td>\n          <td class="code"><pre>&#x27;Windows_NT&#x27;</pre></td>\n        </tr>\n      \n        <tr>\n          <td>PATH</td>\n          <td class="code"><pre>(&#x27;C:\\\\Users\\\\17621\\\\.virtualenvs\\\\api_automation_platfrom_v1.0-mjY1grIv\\\\Scripts;C:\\\\ProgramData\\\\Oracle\\\\Java\\\\javapath;C:\\\\Windows\\\\system32;C:\\\\Windows;C:\\\\Windows\\\\System32\\\\Wbem;C:\\\\Windows\\\\System32\\\\WindowsPowerShell\\\\v1.0\\\\;C:\\\\Windows\\\\System32\\\\OpenSSH\\\\;C:\\\\Program &#x27;\n &#x27;Files (x86)\\\\NVIDIA Corporation\\\\PhysX\\\\Common;C:\\\\Program Files\\\\NVIDIA &#x27;\n &#x27;Corporation\\\\NVIDIA &#x27;\n &#x27;NvDLISR;C:\\\\WINDOWS\\\\system32;C:\\\\WINDOWS;C:\\\\WINDOWS\\\\System32\\\\Wbem;C:\\\\WINDOWS\\\\System32\\\\WindowsPowerShell\\\\v1.0\\\\;C:\\\\WINDOWS\\\\System32\\\\OpenSSH\\\\;D:\\\\Program &#x27;\n &#x27;Files\\\\Git\\\\cmd;C:\\\\Program Files\\\\Java\\\\jdk1.8.0_161\\\\bin;C:\\\\Program &#x27;\n &#x27;Files\\\\Java\\\\jdk1.8.0_161\\\\jre\\\\bin;D:\\\\apache-jmeter-5.4.1\\\\apache-jmeter-5.4.1\\\\bin;D:\\\\apache-jmeter-4.0\\\\bin;D:\\\\迅雷下载\\\\bin;D:\\\\selenium_script\\\\allure-2.13.9\\\\bin;D:\\\\Program &#x27;\n &#x27;Files (x86)\\\\Mozilla Firefox;D:\\\\Program &#x27;\n &#x27;Files\\\\Git\\\\cmd\\\\git.exe;C:\\\\Users\\\\17621\\\\AppData\\\\Local\\\\Android\\\\Sdk\\\\build-tools\\\\31.0.0;C:\\\\Users\\\\17621\\\\AppData\\\\Local\\\\Android\\\\Sdk\\\\platform-tools;C:\\\\Users\\\\17621\\\\AppData\\\\Local\\\\Android\\\\Sdk\\\\tools;C:\\\\Users\\\\17621\\\\AppData\\\\Local\\\\Android\\\\Sdk;D:\\\\python3.9.8\\\\Scripts;D:\\\\python3.9.8;D:\\\\Program &#x27;\n &#x27;Files\\\\scrcpy-win64-v1.21;D:\\\\Program Files\\\\Node;D:\\\\Program &#x27;\n &#x27;Files\\\\Node\\\\node_modules\\\\node_global;D:\\\\allure-commandline-2.13.0\\\\allure-commandline-2.13.0\\\\package\\\\dist\\\\bin;D:\\\\python3.9.8\\\\Lib\\\\hrp-v4.0.0-windows-amd64.tar;D:\\\\Program &#x27;\n &#x27;Files\\\\Node\\\\node_modules\\\\node_cache;D:\\\\Redis-x64-5.0.14.1;D:\\\\python3.9.8\\\\Scripts;D:\\\\python3.9.8;D:\\\\Scripts\\\\;D:\\\\;C:\\\\Users\\\\17621\\\\AppData\\\\Local\\\\Microsoft\\\\WindowsApps;D:\\\\Program &#x27;\n &#x27;Files\\\\JetBrains\\\\PyCharm &#x27;\n &#x27;2020.1\\\\bin;C:\\\\Users\\\\17621\\\\AppData\\\\Local\\\\Microsoft\\\\WindowsApps;D:\\\\Program &#x27;\n &#x27;Files\\\\Microsoft VS &#x27;\n &#x27;Code\\\\bin;C:\\\\Users\\\\17621\\\\AppData\\\\Roaming\\\\npm;D:\\\\Program &#x27;\n &#x27;Files\\\\Fiddler;;C:\\\\Program Files\\\\JetBrains\\\\PyCharm 2021.3.3\\\\bin;&#x27;)</pre></td>\n        </tr>\n      \n        <tr>\n          <td>PATHEXT</td>\n          <td class="code"><pre>&#x27;.COM;.EXE;.BAT;.CMD;.VBS;.VBE;.JS;.JSE;.WSF;.WSH;.MSC&#x27;</pre></td>\n        </tr>\n      \n        <tr>\n          <td>PATH_INFO</td>\n          <td class="code"><pre>&#x27;/getCaseTotal&#x27;</pre></td>\n        </tr>\n      \n        <tr>\n          <td>PROCESSOR_ARCHITECTURE</td>\n          <td class="code"><pre>&#x27;AMD64&#x27;</pre></td>\n        </tr>\n      \n        <tr>\n          <td>PROCESSOR_IDENTIFIER</td>\n          <td class="code"><pre>&#x27;Intel64 Family 6 Model 142 Stepping 12, GenuineIntel&#x27;</pre></td>\n        </tr>\n      \n        <tr>\n          <td>PROCESSOR_LEVEL</td>\n          <td class="code"><pre>&#x27;6&#x27;</pre></td>\n        </tr>\n      \n        <tr>\n          <td>PROCESSOR_REVISION</td>\n          <td class="code"><pre>&#x27;8e0c&#x27;</pre></td>\n        </tr>\n      \n        <tr>\n          <td>PROGRAMDATA</td>\n          <td class="code"><pre>&#x27;C:\\\\ProgramData&#x27;</pre></td>\n        </tr>\n      \n        <tr>\n          <td>PROGRAMFILES</td>\n          <td class="code"><pre>&#x27;C:\\\\Program Files&#x27;</pre></td>\n        </tr>\n      \n        <tr>\n          <td>PROGRAMFILES(X86)</td>\n          <td class="code"><pre>&#x27;C:\\\\Program Files (x86)&#x27;</pre></td>\n        </tr>\n      \n        <tr>\n          <td>PROGRAMW6432</td>\n          <td class="code"><pre>&#x27;C:\\\\Program Files&#x27;</pre></td>\n        </tr>\n      \n        <tr>\n          <td>PROMPT</td>\n          <td class="code"><pre>&#x27;(api_automation_platfrom_v1.0) $P$G&#x27;</pre></td>\n        </tr>\n      \n        <tr>\n          <td>PSMODULEPATH</td>\n          <td class="code"><pre>(&#x27;C:\\\\Program &#x27;\n &#x27;Files\\\\WindowsPowerShell\\\\Modules;C:\\\\WINDOWS\\\\system32\\\\WindowsPowerShell\\\\v1.0\\\\Modules&#x27;)</pre></td>\n        </tr>\n      \n        <tr>\n          <td>PUBLIC</td>\n          <td class="code"><pre>&#x27;C:\\\\Users\\\\Public&#x27;</pre></td>\n        </tr>\n      \n        <tr>\n          <td>PYCHARM</td>\n          <td class="code"><pre>&#x27;C:\\\\Program Files\\\\JetBrains\\\\PyCharm 2021.3.3\\\\bin;&#x27;</pre></td>\n        </tr>\n      \n        <tr>\n          <td>PYCHARM_DISPLAY_PORT</td>\n          <td class="code"><pre>&#x27;63342&#x27;</pre></td>\n        </tr>\n      \n        <tr>\n          <td>PYCHARM_HOSTED</td>\n          <td class="code"><pre>&#x27;1&#x27;</pre></td>\n        </tr>\n      \n        <tr>\n          <td>PYDEVD_LOAD_VALUES_ASYNC</td>\n          <td class="code"><pre>&#x27;True&#x27;</pre></td>\n        </tr>\n      \n        <tr>\n          <td>PYTHONDONTWRITEBYTECODE</td>\n          <td class="code"><pre>&#x27;1&#x27;</pre></td>\n        </tr>\n      \n        <tr>\n          <td>PYTHONIOENCODING</td>\n          <td class="code"><pre>&#x27;UTF-8&#x27;</pre></td>\n        </tr>\n      \n        <tr>\n          <td>PYTHONPATH</td>\n          <td class="code"><pre>(&#x27;E:\\\\测试平台相关\\\\api_automation_platfrom_v1.0;E:\\\\测试平台相关\\\\api_automation_platfrom_v1.0\\\\apps;D:\\\\PyCharm &#x27;\n &#x27;2021.3.1\\\\plugins\\\\python\\\\helpers\\\\pycharm_matplotlib_backend;D:\\\\PyCharm &#x27;\n &#x27;2021.3.1\\\\plugins\\\\python\\\\helpers\\\\pycharm_display;D:\\\\PyCharm &#x27;\n &#x27;2021.3.1\\\\plugins\\\\python\\\\helpers\\\\third_party\\\\thriftpy;D:\\\\PyCharm &#x27;\n &#x27;2021.3.1\\\\plugins\\\\python\\\\helpers\\\\pydev;C:\\\\Users\\\\17621\\\\AppData\\\\Local\\\\JetBrains\\\\PyCharm2021.3\\\\cythonExtensions;E:/测试平台相关/api_automation_platfrom_v1.0&#x27;)</pre></td>\n        </tr>\n      \n        <tr>\n          <td>PYTHONUNBUFFERED</td>\n          <td class="code"><pre>&#x27;1&#x27;</pre></td>\n        </tr>\n      \n        <tr>\n          <td>QUERY_STRING</td>\n          <td class="code"><pre>&#x27;&#x27;</pre></td>\n        </tr>\n      \n        <tr>\n          <td>REMOTE_ADDR</td>\n          <td class="code"><pre>&#x27;127.0.0.1&#x27;</pre></td>\n        </tr>\n      \n        <tr>\n          <td>REMOTE_HOST</td>\n          <td class="code"><pre>&#x27;&#x27;</pre></td>\n        </tr>\n      \n        <tr>\n          <td>REQUEST_METHOD</td>\n          <td class="code"><pre>&#x27;GET&#x27;</pre></td>\n        </tr>\n      \n        <tr>\n          <td>RUN_MAIN</td>\n          <td class="code"><pre>&#x27;true&#x27;</pre></td>\n        </tr>\n      \n        <tr>\n          <td>SCRIPT_NAME</td>\n          <td class="code"><pre>&#x27;&#x27;</pre></td>\n        </tr>\n      \n        <tr>\n          <td>SERVER_NAME</td>\n          <td class="code"><pre>&#x27;DESKTOP-RH0HDLB&#x27;</pre></td>\n        </tr>\n      \n        <tr>\n          <td>SERVER_PORT</td>\n          <td class="code"><pre>&#x27;8000&#x27;</pre></td>\n        </tr>\n      \n        <tr>\n          <td>SERVER_PROTOCOL</td>\n          <td class="code"><pre>&#x27;HTTP/1.1&#x27;</pre></td>\n        </tr>\n      \n        <tr>\n          <td>SERVER_SOFTWARE</td>\n          <td class="code"><pre>&#x27;WSGIServer/0.2&#x27;</pre></td>\n        </tr>\n      \n        <tr>\n          <td>SESSIONNAME</td>\n          <td class="code"><pre>&#x27;Console&#x27;</pre></td>\n        </tr>\n      \n        <tr>\n          <td>SYSTEMDRIVE</td>\n          <td class="code"><pre>&#x27;C:&#x27;</pre></td>\n        </tr>\n      \n        <tr>\n          <td>SYSTEMROOT</td>\n          <td class="code"><pre>&#x27;C:\\\\WINDOWS&#x27;</pre></td>\n        </tr>\n      \n        <tr>\n          <td>TEMP</td>\n          <td class="code"><pre>&#x27;C:\\\\Users\\\\17621\\\\AppData\\\\Local\\\\Temp&#x27;</pre></td>\n        </tr>\n      \n        <tr>\n          <td>TMP</td>\n          <td class="code"><pre>&#x27;C:\\\\Users\\\\17621\\\\AppData\\\\Local\\\\Temp&#x27;</pre></td>\n        </tr>\n      \n        <tr>\n          <td>USERDOMAIN</td>\n          <td class="code"><pre>&#x27;DESKTOP-RH0HDLB&#x27;</pre></td>\n        </tr>\n      \n        <tr>\n          <td>USERDOMAIN_ROAMINGPROFILE</td>\n          <td class="code"><pre>&#x27;DESKTOP-RH0HDLB&#x27;</pre></td>\n        </tr>\n      \n        <tr>\n          <td>USERNAME</td>\n          <td class="code"><pre>&#x27;17621&#x27;</pre></td>\n        </tr>\n      \n        <tr>\n          <td>USERPROFILE</td>\n          <td class="code"><pre>&#x27;C:\\\\Users\\\\17621&#x27;</pre></td>\n        </tr>\n      \n        <tr>\n          <td>VIRTUAL_ENV</td>\n          <td class="code"><pre>&#x27;C:\\\\Users\\\\17621\\\\.virtualenvs\\\\api_automation_platfrom_v1.0-mjY1grIv&#x27;</pre></td>\n        </tr>\n      \n        <tr>\n          <td>WINDIR</td>\n          <td class="code"><pre>&#x27;C:\\\\WINDOWS&#x27;</pre></td>\n        </tr>\n      \n        <tr>\n          <td>_OLD_VIRTUAL_PATH</td>\n          <td class="code"><pre>(&#x27;C:\\\\ProgramData\\\\Oracle\\\\Java\\\\javapath;C:\\\\Windows\\\\system32;C:\\\\Windows;C:\\\\Windows\\\\System32\\\\Wbem;C:\\\\Windows\\\\System32\\\\WindowsPowerShell\\\\v1.0\\\\;C:\\\\Windows\\\\System32\\\\OpenSSH\\\\;C:\\\\Program &#x27;\n &#x27;Files (x86)\\\\NVIDIA Corporation\\\\PhysX\\\\Common;C:\\\\Program Files\\\\NVIDIA &#x27;\n &#x27;Corporation\\\\NVIDIA &#x27;\n &#x27;NvDLISR;C:\\\\WINDOWS\\\\system32;C:\\\\WINDOWS;C:\\\\WINDOWS\\\\System32\\\\Wbem;C:\\\\WINDOWS\\\\System32\\\\WindowsPowerShell\\\\v1.0\\\\;C:\\\\WINDOWS\\\\System32\\\\OpenSSH\\\\;D:\\\\Program &#x27;\n &#x27;Files\\\\Git\\\\cmd;C:\\\\Program Files\\\\Java\\\\jdk1.8.0_161\\\\bin;C:\\\\Program &#x27;\n &#x27;Files\\\\Java\\\\jdk1.8.0_161\\\\jre\\\\bin;D:\\\\apache-jmeter-5.4.1\\\\apache-jmeter-5.4.1\\\\bin;D:\\\\apache-jmeter-4.0\\\\bin;D:\\\\迅雷下载\\\\bin;D:\\\\selenium_script\\\\allure-2.13.9\\\\bin;D:\\\\Program &#x27;\n &#x27;Files (x86)\\\\Mozilla Firefox;D:\\\\Program &#x27;\n &#x27;Files\\\\Git\\\\cmd\\\\git.exe;C:\\\\Users\\\\17621\\\\AppData\\\\Local\\\\Android\\\\Sdk\\\\build-tools\\\\31.0.0;C:\\\\Users\\\\17621\\\\AppData\\\\Local\\\\Android\\\\Sdk\\\\platform-tools;C:\\\\Users\\\\17621\\\\AppData\\\\Local\\\\Android\\\\Sdk\\\\tools;C:\\\\Users\\\\17621\\\\AppData\\\\Local\\\\Android\\\\Sdk;D:\\\\python3.9.8\\\\Scripts;D:\\\\python3.9.8;D:\\\\Program &#x27;\n &#x27;Files\\\\scrcpy-win64-v1.21;D:\\\\Program Files\\\\Node;D:\\\\Program &#x27;\n &#x27;Files\\\\Node\\\\node_modules\\\\node_global;D:\\\\allure-commandline-2.13.0\\\\allure-commandline-2.13.0\\\\package\\\\dist\\\\bin;D:\\\\python3.9.8\\\\Lib\\\\hrp-v4.0.0-windows-amd64.tar;D:\\\\Program &#x27;\n &#x27;Files\\\\Node\\\\node_modules\\\\node_cache;D:\\\\Redis-x64-5.0.14.1;D:\\\\python3.9.8\\\\Scripts;D:\\\\python3.9.8;D:\\\\Scripts\\\\;D:\\\\;C:\\\\Users\\\\17621\\\\AppData\\\\Local\\\\Microsoft\\\\WindowsApps;D:\\\\Program &#x27;\n &#x27;Files\\\\JetBrains\\\\PyCharm &#x27;\n &#x27;2020.1\\\\bin;C:\\\\Users\\\\17621\\\\AppData\\\\Local\\\\Microsoft\\\\WindowsApps;D:\\\\Program &#x27;\n &#x27;Files\\\\Microsoft VS &#x27;\n &#x27;Code\\\\bin;C:\\\\Users\\\\17621\\\\AppData\\\\Roaming\\\\npm;D:\\\\Program &#x27;\n &#x27;Files\\\\Fiddler;;C:\\\\Program Files\\\\JetBrains\\\\PyCharm 2021.3.3\\\\bin;&#x27;)</pre></td>\n        </tr>\n      \n        <tr>\n          <td>_OLD_VIRTUAL_PROMPT</td>\n          <td class="code"><pre>&#x27;$P$G&#x27;</pre></td>\n        </tr>\n      \n        <tr>\n          <td>wsgi.errors</td>\n          <td class="code"><pre>&lt;_io.TextIOWrapper name=&#x27;&lt;stderr&gt;&#x27; mode=&#x27;w&#x27; encoding=&#x27;utf-8&#x27;&gt;</pre></td>\n        </tr>\n      \n        <tr>\n          <td>wsgi.file_wrapper</td>\n          <td class="code"><pre>&lt;class &#x27;wsgiref.util.FileWrapper&#x27;&gt;</pre></td>\n        </tr>\n      \n        <tr>\n          <td>wsgi.input</td>\n          <td class="code"><pre>&lt;django.core.handlers.wsgi.LimitedStream object at 0x00000254EA66EA30&gt;</pre></td>\n        </tr>\n      \n        <tr>\n          <td>wsgi.multiprocess</td>\n          <td class="code"><pre>False</pre></td>\n        </tr>\n      \n        <tr>\n          <td>wsgi.multithread</td>\n          <td class="code"><pre>True</pre></td>\n        </tr>\n      \n        <tr>\n          <td>wsgi.run_once</td>\n          <td class="code"><pre>False</pre></td>\n        </tr>\n      \n        <tr>\n          <td>wsgi.url_scheme</td>\n          <td class="code"><pre>&#x27;http&#x27;</pre></td>\n        </tr>\n      \n        <tr>\n          <td>wsgi.version</td>\n          <td class="code"><pre>(1, 0)</pre></td>\n        </tr>\n      \n    </tbody>\n  </table>\n\n\n  <h3 id="settings-info">Settings</h3>\n  <h4>Using settings module <code>gm_api_automation.settings</code></h4>\n  <table class="req">\n    <thead>\n      <tr>\n        <th>Setting</th>\n        <th>Value</th>\n      </tr>\n    </thead>\n    <tbody>\n      \n        <tr>\n          <td>ABSOLUTE_URL_OVERRIDES</td>\n          <td class="code"><pre>{}</pre></td>\n        </tr>\n      \n        <tr>\n          <td>ADMINS</td>\n          <td class="code"><pre>[]</pre></td>\n        </tr>\n      \n        <tr>\n          <td>ALLOWED_HOSTS</td>\n          <td class="code"><pre>[&#x27;*&#x27;]</pre></td>\n        </tr>\n      \n        <tr>\n          <td>APPEND_SLASH</td>\n          <td class="code"><pre>True</pre></td>\n        </tr>\n      \n        <tr>\n          <td>AUTHENTICATION_BACKENDS</td>\n          <td class="code"><pre>[&#x27;django.contrib.auth.backends.ModelBackend&#x27;]</pre></td>\n        </tr>\n      \n        <tr>\n          <td>AUTH_PASSWORD_VALIDATORS</td>\n          <td class="code"><pre>&#x27;********************&#x27;</pre></td>\n        </tr>\n      \n        <tr>\n          <td>AUTH_USER_MODEL</td>\n          <td class="code"><pre>&#x27;auth.User&#x27;</pre></td>\n        </tr>\n      \n        <tr>\n          <td>BASE_DIR</td>\n          <td class="code"><pre>WindowsPath(&#x27;E:/测试平台相关/api_automation_platfrom_v1.0&#x27;)</pre></td>\n        </tr>\n      \n        <tr>\n          <td>CACHES</td>\n          <td class="code"><pre>{&#x27;default&#x27;: {&#x27;BACKEND&#x27;: &#x27;django.core.cache.backends.locmem.LocMemCache&#x27;}}</pre></td>\n        </tr>\n      \n        <tr>\n          <td>CACHE_MIDDLEWARE_ALIAS</td>\n          <td class="code"><pre>&#x27;default&#x27;</pre></td>\n        </tr>\n      \n        <tr>\n          <td>CACHE_MIDDLEWARE_KEY_PREFIX</td>\n          <td class="code"><pre>&#x27;********************&#x27;</pre></td>\n        </tr>\n      \n        <tr>\n          <td>CACHE_MIDDLEWARE_SECONDS</td>\n          <td class="code"><pre>600</pre></td>\n        </tr>\n      \n        <tr>\n          <td>CSRF_COOKIE_AGE</td>\n          <td class="code"><pre>31449600</pre></td>\n        </tr>\n      \n        <tr>\n          <td>CSRF_COOKIE_DOMAIN</td>\n          <td class="code"><pre>None</pre></td>\n        </tr>\n      \n        <tr>\n          <td>CSRF_COOKIE_HTTPONLY</td>\n          <td class="code"><pre>False</pre></td>\n        </tr>\n      \n        <tr>\n          <td>CSRF_COOKIE_NAME</td>\n          <td class="code"><pre>&#x27;csrftoken&#x27;</pre></td>\n        </tr>\n      \n        <tr>\n          <td>CSRF_COOKIE_PATH</td>\n          <td class="code"><pre>&#x27;/&#x27;</pre></td>\n        </tr>\n      \n        <tr>\n          <td>CSRF_COOKIE_SAMESITE</td>\n          <td class="code"><pre>&#x27;Lax&#x27;</pre></td>\n        </tr>\n      \n        <tr>\n          <td>CSRF_COOKIE_SECURE</td>\n          <td class="code"><pre>False</pre></td>\n        </tr>\n      \n        <tr>\n          <td>CSRF_FAILURE_VIEW</td>\n          <td class="code"><pre>&#x27;django.views.csrf.csrf_failure&#x27;</pre></td>\n        </tr>\n      \n        <tr>\n          <td>CSRF_HEADER_NAME</td>\n          <td class="code"><pre>&#x27;HTTP_X_CSRFTOKEN&#x27;</pre></td>\n        </tr>\n      \n        <tr>\n          <td>CSRF_TRUSTED_ORIGINS</td>\n          <td class="code"><pre>[]</pre></td>\n        </tr>\n      \n        <tr>\n          <td>CSRF_USE_SESSIONS</td>\n          <td class="code"><pre>False</pre></td>\n        </tr>\n      \n        <tr>\n          <td>DATABASES</td>\n          <td class="code"><pre>{&#x27;default&#x27;: {&#x27;ATOMIC_REQUESTS&#x27;: False,\n             &#x27;AUTOCOMMIT&#x27;: True,\n             &#x27;CONN_MAX_AGE&#x27;: 0,\n             &#x27;ENGINE&#x27;: &#x27;django.db.backends.mysql&#x27;,\n             &#x27;HOST&#x27;: &#x27;101.43.117.184&#x27;,\n             &#x27;NAME&#x27;: &#x27;api_automation&#x27;,\n             &#x27;OPTIONS&#x27;: {},\n             &#x27;PASSWORD&#x27;: &#x27;********************&#x27;,\n             &#x27;PORT&#x27;: &#x27;3306&#x27;,\n             &#x27;TEST&#x27;: {&#x27;CHARSET&#x27;: None,\n                      &#x27;COLLATION&#x27;: None,\n                      &#x27;MIGRATE&#x27;: True,\n                      &#x27;MIRROR&#x27;: None,\n                      &#x27;NAME&#x27;: None},\n             &#x27;TIME_ZONE&#x27;: None,\n             &#x27;USER&#x27;: &#x27;admin&#x27;}}</pre></td>\n        </tr>\n      \n        <tr>\n          <td>DATABASE_ROUTERS</td>\n          <td class="code"><pre>[]</pre></td>\n        </tr>\n      \n        <tr>\n          <td>DATA_UPLOAD_MAX_MEMORY_SIZE</td>\n          <td class="code"><pre>2621440</pre></td>\n        </tr>\n      \n        <tr>\n          <td>DATA_UPLOAD_MAX_NUMBER_FIELDS</td>\n          <td class="code"><pre>1000</pre></td>\n        </tr>\n      \n        <tr>\n          <td>DATETIME_FORMAT</td>\n          <td class="code"><pre>&#x27;N j, Y, P&#x27;</pre></td>\n        </tr>\n      \n        <tr>\n          <td>DATETIME_INPUT_FORMATS</td>\n          <td class="code"><pre>[&#x27;%Y-%m-%d %H:%M:%S&#x27;,\n &#x27;%Y-%m-%d %H:%M:%S.%f&#x27;,\n &#x27;%Y-%m-%d %H:%M&#x27;,\n &#x27;%m/%d/%Y %H:%M:%S&#x27;,\n &#x27;%m/%d/%Y %H:%M:%S.%f&#x27;,\n &#x27;%m/%d/%Y %H:%M&#x27;,\n &#x27;%m/%d/%y %H:%M:%S&#x27;,\n &#x27;%m/%d/%y %H:%M:%S.%f&#x27;,\n &#x27;%m/%d/%y %H:%M&#x27;]</pre></td>\n        </tr>\n      \n        <tr>\n          <td>DATE_FORMAT</td>\n          <td class="code"><pre>&#x27;N j, Y&#x27;</pre></td>\n        </tr>\n      \n        <tr>\n          <td>DATE_INPUT_FORMATS</td>\n          <td class="code"><pre>[&#x27;%Y-%m-%d&#x27;,\n &#x27;%m/%d/%Y&#x27;,\n &#x27;%m/%d/%y&#x27;,\n &#x27;%b %d %Y&#x27;,\n &#x27;%b %d, %Y&#x27;,\n &#x27;%d %b %Y&#x27;,\n &#x27;%d %b, %Y&#x27;,\n &#x27;%B %d %Y&#x27;,\n &#x27;%B %d, %Y&#x27;,\n &#x27;%d %B %Y&#x27;,\n &#x27;%d %B, %Y&#x27;]</pre></td>\n        </tr>\n      \n        <tr>\n          <td>DEBUG</td>\n          <td class="code"><pre>True</pre></td>\n        </tr>\n      \n        <tr>\n          <td>DEBUG_PROPAGATE_EXCEPTIONS</td>\n          <td class="code"><pre>False</pre></td>\n        </tr>\n      \n        <tr>\n          <td>DECIMAL_SEPARATOR</td>\n          <td class="code"><pre>&#x27;.&#x27;</pre></td>\n        </tr>\n      \n        <tr>\n          <td>DEFAULT_AUTO_FIELD</td>\n          <td class="code"><pre>&#x27;django.db.models.BigAutoField&#x27;</pre></td>\n        </tr>\n      \n        <tr>\n          <td>DEFAULT_CHARSET</td>\n          <td class="code"><pre>&#x27;utf-8&#x27;</pre></td>\n        </tr>\n      \n        <tr>\n          <td>DEFAULT_EXCEPTION_REPORTER</td>\n          <td class="code"><pre>&#x27;django.views.debug.ExceptionReporter&#x27;</pre></td>\n        </tr>\n      \n        <tr>\n          <td>DEFAULT_EXCEPTION_REPORTER_FILTER</td>\n          <td class="code"><pre>&#x27;django.views.debug.SafeExceptionReporterFilter&#x27;</pre></td>\n        </tr>\n      \n        <tr>\n          <td>DEFAULT_FILE_STORAGE</td>\n          <td class="code"><pre>&#x27;django.core.files.storage.FileSystemStorage&#x27;</pre></td>\n        </tr>\n      \n        <tr>\n          <td>DEFAULT_FROM_EMAIL</td>\n          <td class="code"><pre>&#x27;webmaster@localhost&#x27;</pre></td>\n        </tr>\n      \n        <tr>\n          <td>DEFAULT_HASHING_ALGORITHM</td>\n          <td class="code"><pre>&#x27;sha256&#x27;</pre></td>\n        </tr>\n      \n        <tr>\n          <td>DEFAULT_INDEX_TABLESPACE</td>\n          <td class="code"><pre>&#x27;&#x27;</pre></td>\n        </tr>\n      \n        <tr>\n          <td>DEFAULT_TABLESPACE</td>\n          <td class="code"><pre>&#x27;&#x27;</pre></td>\n        </tr>\n      \n        <tr>\n          <td>DISALLOWED_USER_AGENTS</td>\n          <td class="code"><pre>[]</pre></td>\n        </tr>\n      \n        <tr>\n          <td>EMAIL_BACKEND</td>\n          <td class="code"><pre>&#x27;django.core.mail.backends.smtp.EmailBackend&#x27;</pre></td>\n        </tr>\n      \n        <tr>\n          <td>EMAIL_HOST</td>\n          <td class="code"><pre>&#x27;localhost&#x27;</pre></td>\n        </tr>\n      \n        <tr>\n          <td>EMAIL_HOST_PASSWORD</td>\n          <td class="code"><pre>&#x27;********************&#x27;</pre></td>\n        </tr>\n      \n        <tr>\n          <td>EMAIL_HOST_USER</td>\n          <td class="code"><pre>&#x27;&#x27;</pre></td>\n        </tr>\n      \n        <tr>\n          <td>EMAIL_PORT</td>\n          <td class="code"><pre>25</pre></td>\n        </tr>\n      \n        <tr>\n          <td>EMAIL_SSL_CERTFILE</td>\n          <td class="code"><pre>None</pre></td>\n        </tr>\n      \n        <tr>\n          <td>EMAIL_SSL_KEYFILE</td>\n          <td class="code"><pre>&#x27;********************&#x27;</pre></td>\n        </tr>\n      \n        <tr>\n          <td>EMAIL_SUBJECT_PREFIX</td>\n          <td class="code"><pre>&#x27;[Django] &#x27;</pre></td>\n        </tr>\n      \n        <tr>\n          <td>EMAIL_TIMEOUT</td>\n          <td class="code"><pre>None</pre></td>\n        </tr>\n      \n        <tr>\n          <td>EMAIL_USE_LOCALTIME</td>\n          <td class="code"><pre>False</pre></td>\n        </tr>\n      \n        <tr>\n          <td>EMAIL_USE_SSL</td>\n          <td class="code"><pre>False</pre></td>\n        </tr>\n      \n        <tr>\n          <td>EMAIL_USE_TLS</td>\n          <td class="code"><pre>False</pre></td>\n        </tr>\n      \n        <tr>\n          <td>FILE_UPLOAD_DIRECTORY_PERMISSIONS</td>\n          <td class="code"><pre>None</pre></td>\n        </tr>\n      \n        <tr>\n          <td>FILE_UPLOAD_HANDLERS</td>\n          <td class="code"><pre>[&#x27;django.core.files.uploadhandler.MemoryFileUploadHandler&#x27;,\n &#x27;django.core.files.uploadhandler.TemporaryFileUploadHandler&#x27;]</pre></td>\n        </tr>\n      \n        <tr>\n          <td>FILE_UPLOAD_MAX_MEMORY_SIZE</td>\n          <td class="code"><pre>2621440</pre></td>\n        </tr>\n      \n        <tr>\n          <td>FILE_UPLOAD_PERMISSIONS</td>\n          <td class="code"><pre>420</pre></td>\n        </tr>\n      \n        <tr>\n          <td>FILE_UPLOAD_TEMP_DIR</td>\n          <td class="code"><pre>None</pre></td>\n        </tr>\n      \n        <tr>\n          <td>FIRST_DAY_OF_WEEK</td>\n          <td class="code"><pre>0</pre></td>\n        </tr>\n      \n        <tr>\n          <td>FIXTURE_DIRS</td>\n          <td class="code"><pre>[]</pre></td>\n        </tr>\n      \n        <tr>\n          <td>FORCE_SCRIPT_NAME</td>\n          <td class="code"><pre>None</pre></td>\n        </tr>\n      \n        <tr>\n          <td>FORMAT_MODULE_PATH</td>\n          <td class="code"><pre>None</pre></td>\n        </tr>\n      \n        <tr>\n          <td>FORM_RENDERER</td>\n          <td class="code"><pre>&#x27;django.forms.renderers.DjangoTemplates&#x27;</pre></td>\n        </tr>\n      \n        <tr>\n          <td>IGNORABLE_404_URLS</td>\n          <td class="code"><pre>[]</pre></td>\n        </tr>\n      \n        <tr>\n          <td>INSTALLED_APPS</td>\n          <td class="code"><pre>[&#x27;django.contrib.admin&#x27;,\n &#x27;django.contrib.auth&#x27;,\n &#x27;django.contrib.contenttypes&#x27;,\n &#x27;django.contrib.sessions&#x27;,\n &#x27;django.contrib.messages&#x27;,\n &#x27;django.contrib.staticfiles&#x27;,\n &#x27;rest_framework&#x27;,\n &#x27;django_filters&#x27;,\n &#x27;Projects&#x27;,\n &#x27;Users&#x27;,\n &#x27;Interfaces&#x27;,\n &#x27;drf_yasg&#x27;,\n &#x27;TestCasesDiretorys&#x27;,\n &#x27;Configs&#x27;,\n &#x27;Executed&#x27;,\n &#x27;TestSuit&#x27;]</pre></td>\n        </tr>\n      \n        <tr>\n          <td>INTERNAL_IPS</td>\n          <td class="code"><pre>[]</pre></td>\n        </tr>\n      \n        <tr>\n          <td>JWT_AUTH</td>\n          <td class="code"><pre>{&#x27;JWT_AUTH_HEADER_PREFIX&#x27;: &#x27;Bearer&#x27;,\n &#x27;JWT_EXPIRATION_DELTA&#x27;: datetime.timedelta(days=30),\n &#x27;JWT_RESPONSE_PAYLOAD_HANDLER&#x27;: &#x27;gm_api_automation.Utils.jwt_response.jwt_response_payload_handler&#x27;}</pre></td>\n        </tr>\n      \n        <tr>\n          <td>LANGUAGES</td>\n          <td class="code"><pre>[(&#x27;af&#x27;, &#x27;Afrikaans&#x27;),\n (&#x27;ar&#x27;, &#x27;Arabic&#x27;),\n (&#x27;ar-dz&#x27;, &#x27;Algerian Arabic&#x27;),\n (&#x27;ast&#x27;, &#x27;Asturian&#x27;),\n (&#x27;az&#x27;, &#x27;Azerbaijani&#x27;),\n (&#x27;bg&#x27;, &#x27;Bulgarian&#x27;),\n (&#x27;be&#x27;, &#x27;Belarusian&#x27;),\n (&#x27;bn&#x27;, &#x27;Bengali&#x27;),\n (&#x27;br&#x27;, &#x27;Breton&#x27;),\n (&#x27;bs&#x27;, &#x27;Bosnian&#x27;),\n (&#x27;ca&#x27;, &#x27;Catalan&#x27;),\n (&#x27;cs&#x27;, &#x27;Czech&#x27;),\n (&#x27;cy&#x27;, &#x27;Welsh&#x27;),\n (&#x27;da&#x27;, &#x27;Danish&#x27;),\n (&#x27;de&#x27;, &#x27;German&#x27;),\n (&#x27;dsb&#x27;, &#x27;Lower Sorbian&#x27;),\n (&#x27;el&#x27;, &#x27;Greek&#x27;),\n (&#x27;en&#x27;, &#x27;English&#x27;),\n (&#x27;en-au&#x27;, &#x27;Australian English&#x27;),\n (&#x27;en-gb&#x27;, &#x27;British English&#x27;),\n (&#x27;eo&#x27;, &#x27;Esperanto&#x27;),\n (&#x27;es&#x27;, &#x27;Spanish&#x27;),\n (&#x27;es-ar&#x27;, &#x27;Argentinian Spanish&#x27;),\n (&#x27;es-co&#x27;, &#x27;Colombian Spanish&#x27;),\n (&#x27;es-mx&#x27;, &#x27;Mexican Spanish&#x27;),\n (&#x27;es-ni&#x27;, &#x27;Nicaraguan Spanish&#x27;),\n (&#x27;es-ve&#x27;, &#x27;Venezuelan Spanish&#x27;),\n (&#x27;et&#x27;, &#x27;Estonian&#x27;),\n (&#x27;eu&#x27;, &#x27;Basque&#x27;),\n (&#x27;fa&#x27;, &#x27;Persian&#x27;),\n (&#x27;fi&#x27;, &#x27;Finnish&#x27;),\n (&#x27;fr&#x27;, &#x27;French&#x27;),\n (&#x27;fy&#x27;, &#x27;Frisian&#x27;),\n (&#x27;ga&#x27;, &#x27;Irish&#x27;),\n (&#x27;gd&#x27;, &#x27;Scottish Gaelic&#x27;),\n (&#x27;gl&#x27;, &#x27;Galician&#x27;),\n (&#x27;he&#x27;, &#x27;Hebrew&#x27;),\n (&#x27;hi&#x27;, &#x27;Hindi&#x27;),\n (&#x27;hr&#x27;, &#x27;Croatian&#x27;),\n (&#x27;hsb&#x27;, &#x27;Upper Sorbian&#x27;),\n (&#x27;hu&#x27;, &#x27;Hungarian&#x27;),\n (&#x27;hy&#x27;, &#x27;Armenian&#x27;),\n (&#x27;ia&#x27;, &#x27;Interlingua&#x27;),\n (&#x27;id&#x27;, &#x27;Indonesian&#x27;),\n (&#x27;ig&#x27;, &#x27;Igbo&#x27;),\n (&#x27;io&#x27;, &#x27;Ido&#x27;),\n (&#x27;is&#x27;, &#x27;Icelandic&#x27;),\n (&#x27;it&#x27;, &#x27;Italian&#x27;),\n (&#x27;ja&#x27;, &#x27;Japanese&#x27;),\n (&#x27;ka&#x27;, &#x27;Georgian&#x27;),\n (&#x27;kab&#x27;, &#x27;Kabyle&#x27;),\n (&#x27;kk&#x27;, &#x27;Kazakh&#x27;),\n (&#x27;km&#x27;, &#x27;Khmer&#x27;),\n (&#x27;kn&#x27;, &#x27;Kannada&#x27;),\n (&#x27;ko&#x27;, &#x27;Korean&#x27;),\n (&#x27;ky&#x27;, &#x27;Kyrgyz&#x27;),\n (&#x27;lb&#x27;, &#x27;Luxembourgish&#x27;),\n (&#x27;lt&#x27;, &#x27;Lithuanian&#x27;),\n (&#x27;lv&#x27;, &#x27;Latvian&#x27;),\n (&#x27;mk&#x27;, &#x27;Macedonian&#x27;),\n (&#x27;ml&#x27;, &#x27;Malayalam&#x27;),\n (&#x27;mn&#x27;, &#x27;Mongolian&#x27;),\n (&#x27;mr&#x27;, &#x27;Marathi&#x27;),\n (&#x27;my&#x27;, &#x27;Burmese&#x27;),\n (&#x27;nb&#x27;, &#x27;Norwegian Bokmål&#x27;),\n (&#x27;ne&#x27;, &#x27;Nepali&#x27;),\n (&#x27;nl&#x27;, &#x27;Dutch&#x27;),\n (&#x27;nn&#x27;, &#x27;Norwegian Nynorsk&#x27;),\n (&#x27;os&#x27;, &#x27;Ossetic&#x27;),\n (&#x27;pa&#x27;, &#x27;Punjabi&#x27;),\n (&#x27;pl&#x27;, &#x27;Polish&#x27;),\n (&#x27;pt&#x27;, &#x27;Portuguese&#x27;),\n (&#x27;pt-br&#x27;, &#x27;Brazilian Portuguese&#x27;),\n (&#x27;ro&#x27;, &#x27;Romanian&#x27;),\n (&#x27;ru&#x27;, &#x27;Russian&#x27;),\n (&#x27;sk&#x27;, &#x27;Slovak&#x27;),\n (&#x27;sl&#x27;, &#x27;Slovenian&#x27;),\n (&#x27;sq&#x27;, &#x27;Albanian&#x27;),\n (&#x27;sr&#x27;, &#x27;Serbian&#x27;),\n (&#x27;sr-latn&#x27;, &#x27;Serbian Latin&#x27;),\n (&#x27;sv&#x27;, &#x27;Swedish&#x27;),\n (&#x27;sw&#x27;, &#x27;Swahili&#x27;),\n (&#x27;ta&#x27;, &#x27;Tamil&#x27;),\n (&#x27;te&#x27;, &#x27;Telugu&#x27;),\n (&#x27;tg&#x27;, &#x27;Tajik&#x27;),\n (&#x27;th&#x27;, &#x27;Thai&#x27;),\n (&#x27;tk&#x27;, &#x27;Turkmen&#x27;),\n (&#x27;tr&#x27;, &#x27;Turkish&#x27;),\n (&#x27;tt&#x27;, &#x27;Tatar&#x27;),\n (&#x27;udm&#x27;, &#x27;Udmurt&#x27;),\n (&#x27;uk&#x27;, &#x27;Ukrainian&#x27;),\n (&#x27;ur&#x27;, &#x27;Urdu&#x27;),\n (&#x27;uz&#x27;, &#x27;Uzbek&#x27;),\n (&#x27;vi&#x27;, &#x27;Vietnamese&#x27;),\n (&#x27;zh-hans&#x27;, &#x27;Simplified Chinese&#x27;),\n (&#x27;zh-hant&#x27;, &#x27;Traditional Chinese&#x27;)]</pre></td>\n        </tr>\n      \n        <tr>\n          <td>LANGUAGES_BIDI</td>\n          <td class="code"><pre>[&#x27;he&#x27;, &#x27;ar&#x27;, &#x27;ar-dz&#x27;, &#x27;fa&#x27;, &#x27;ur&#x27;]</pre></td>\n        </tr>\n      \n        <tr>\n          <td>LANGUAGE_CODE</td>\n          <td class="code"><pre>&#x27;zh-hans&#x27;</pre></td>\n        </tr>\n      \n        <tr>\n          <td>LANGUAGE_COOKIE_AGE</td>\n          <td class="code"><pre>None</pre></td>\n        </tr>\n      \n        <tr>\n          <td>LANGUAGE_COOKIE_DOMAIN</td>\n          <td class="code"><pre>None</pre></td>\n        </tr>\n      \n        <tr>\n          <td>LANGUAGE_COOKIE_HTTPONLY</td>\n          <td class="code"><pre>False</pre></td>\n        </tr>\n      \n        <tr>\n          <td>LANGUAGE_COOKIE_NAME</td>\n          <td class="code"><pre>&#x27;django_language&#x27;</pre></td>\n        </tr>\n      \n        <tr>\n          <td>LANGUAGE_COOKIE_PATH</td>\n          <td class="code"><pre>&#x27;/&#x27;</pre></td>\n        </tr>\n      \n        <tr>\n          <td>LANGUAGE_COOKIE_SAMESITE</td>\n          <td class="code"><pre>None</pre></td>\n        </tr>\n      \n        <tr>\n          <td>LANGUAGE_COOKIE_SECURE</td>\n          <td class="code"><pre>False</pre></td>\n        </tr>\n      \n        <tr>\n          <td>LOCALE_PATHS</td>\n          <td class="code"><pre>[]</pre></td>\n        </tr>\n      \n        <tr>\n          <td>LOGGING</td>\n          <td class="code"><pre>{}</pre></td>\n        </tr>\n      \n        <tr>\n          <td>LOGGING_CONFIG</td>\n          <td class="code"><pre>&#x27;logging.config.dictConfig&#x27;</pre></td>\n        </tr>\n      \n        <tr>\n          <td>LOGIN_REDIRECT_URL</td>\n          <td class="code"><pre>&#x27;/accounts/profile/&#x27;</pre></td>\n        </tr>\n      \n        <tr>\n          <td>LOGIN_URL</td>\n          <td class="code"><pre>&#x27;/accounts/login/&#x27;</pre></td>\n        </tr>\n      \n        <tr>\n          <td>LOGOUT_REDIRECT_URL</td>\n          <td class="code"><pre>None</pre></td>\n        </tr>\n      \n        <tr>\n          <td>MANAGERS</td>\n          <td class="code"><pre>[]</pre></td>\n        </tr>\n      \n        <tr>\n          <td>MEDIA_ROOT</td>\n          <td class="code"><pre>&#x27;&#x27;</pre></td>\n        </tr>\n      \n        <tr>\n          <td>MEDIA_URL</td>\n          <td class="code"><pre>&#x27;/&#x27;</pre></td>\n        </tr>\n      \n        <tr>\n          <td>MESSAGE_STORAGE</td>\n          <td class="code"><pre>&#x27;django.contrib.messages.storage.fallback.FallbackStorage&#x27;</pre></td>\n        </tr>\n      \n        <tr>\n          <td>MIDDLEWARE</td>\n          <td class="code"><pre>[&#x27;django.middleware.security.SecurityMiddleware&#x27;,\n &#x27;django.contrib.sessions.middleware.SessionMiddleware&#x27;,\n &#x27;django.middleware.common.CommonMiddleware&#x27;,\n &#x27;django.contrib.auth.middleware.AuthenticationMiddleware&#x27;,\n &#x27;django.contrib.messages.middleware.MessageMiddleware&#x27;,\n &#x27;django.middleware.clickjacking.XFrameOptionsMiddleware&#x27;,\n &#x27;gm_api_automation.middleware.LogMiddleware.OpLogs&#x27;]</pre></td>\n        </tr>\n      \n        <tr>\n          <td>MIGRATION_MODULES</td>\n          <td class="code"><pre>{}</pre></td>\n        </tr>\n      \n        <tr>\n          <td>MONTH_DAY_FORMAT</td>\n          <td class="code"><pre>&#x27;F j&#x27;</pre></td>\n        </tr>\n      \n        <tr>\n          <td>NUMBER_GROUPING</td>\n          <td class="code"><pre>0</pre></td>\n        </tr>\n      \n        <tr>\n          <td>PASSWORD_HASHERS</td>\n          <td class="code"><pre>&#x27;********************&#x27;</pre></td>\n        </tr>\n      \n        <tr>\n          <td>PASSWORD_RESET_TIMEOUT</td>\n          <td class="code"><pre>&#x27;********************&#x27;</pre></td>\n        </tr>\n      \n        <tr>\n          <td>PASSWORD_RESET_TIMEOUT_DAYS</td>\n          <td class="code"><pre>&#x27;********************&#x27;</pre></td>\n        </tr>\n      \n        <tr>\n          <td>PREPEND_WWW</td>\n          <td class="code"><pre>False</pre></td>\n        </tr>\n      \n        <tr>\n          <td>REST_FRAMEWORK</td>\n          <td class="code"><pre>{&#x27;DEFAULT_AUTHENTICATION_CLASSES&#x27;: [&#x27;rest_framework_jwt.authentication.JSONWebTokenAuthentication&#x27;,\n                                    &#x27;rest_framework.authentication.SessionAuthentication&#x27;,\n                                    &#x27;rest_framework.authentication.BasicAuthentication&#x27;],\n &#x27;DEFAULT_PARSER_CLASSES&#x27;: [&#x27;rest_framework.parsers.JSONParser&#x27;,\n                            &#x27;rest_framework.parsers.FormParser&#x27;,\n                            &#x27;rest_framework.parsers.MultiPartParser&#x27;],\n &#x27;DEFAULT_RENDERER_CLASSES&#x27;: [&#x27;gm_api_automation.Utils.renderer.CustomRenderer&#x27;,\n                              &#x27;rest_framework.renderers.BrowsableAPIRenderer&#x27;],\n &#x27;DEFAULT_SCHEMA_CLASS&#x27;: &#x27;rest_framework.schemas.AutoSchema&#x27;,\n &#x27;EXCEPTION_HANDLER&#x27;: &#x27;gm_api_automation.Utils.exception.custom_handler&#x27;}</pre></td>\n        </tr>\n      \n        <tr>\n          <td>ROOT_URLCONF</td>\n          <td class="code"><pre>&#x27;gm_api_automation.urls&#x27;</pre></td>\n        </tr>\n      \n        <tr>\n          <td>SECRET_KEY</td>\n          <td class="code"><pre>&#x27;********************&#x27;</pre></td>\n        </tr>\n      \n        <tr>\n          <td>SECURE_BROWSER_XSS_FILTER</td>\n          <td class="code"><pre>False</pre></td>\n        </tr>\n      \n        <tr>\n          <td>SECURE_CONTENT_TYPE_NOSNIFF</td>\n          <td class="code"><pre>True</pre></td>\n        </tr>\n      \n        <tr>\n          <td>SECURE_HSTS_INCLUDE_SUBDOMAINS</td>\n          <td class="code"><pre>False</pre></td>\n        </tr>\n      \n        <tr>\n          <td>SECURE_HSTS_PRELOAD</td>\n          <td class="code"><pre>False</pre></td>\n        </tr>\n      \n        <tr>\n          <td>SECURE_HSTS_SECONDS</td>\n          <td class="code"><pre>0</pre></td>\n        </tr>\n      \n        <tr>\n          <td>SECURE_PROXY_SSL_HEADER</td>\n          <td class="code"><pre>None</pre></td>\n        </tr>\n      \n        <tr>\n          <td>SECURE_REDIRECT_EXEMPT</td>\n          <td class="code"><pre>[]</pre></td>\n        </tr>\n      \n        <tr>\n          <td>SECURE_REFERRER_POLICY</td>\n          <td class="code"><pre>&#x27;same-origin&#x27;</pre></td>\n        </tr>\n      \n        <tr>\n          <td>SECURE_SSL_HOST</td>\n          <td class="code"><pre>None</pre></td>\n        </tr>\n      \n        <tr>\n          <td>SECURE_SSL_REDIRECT</td>\n          <td class="code"><pre>False</pre></td>\n        </tr>\n      \n        <tr>\n          <td>SERVER_EMAIL</td>\n          <td class="code"><pre>&#x27;root@localhost&#x27;</pre></td>\n        </tr>\n      \n        <tr>\n          <td>SESSION_CACHE_ALIAS</td>\n          <td class="code"><pre>&#x27;default&#x27;</pre></td>\n        </tr>\n      \n        <tr>\n          <td>SESSION_COOKIE_AGE</td>\n          <td class="code"><pre>1209600</pre></td>\n        </tr>\n      \n        <tr>\n          <td>SESSION_COOKIE_DOMAIN</td>\n          <td class="code"><pre>None</pre></td>\n        </tr>\n      \n        <tr>\n          <td>SESSION_COOKIE_HTTPONLY</td>\n          <td class="code"><pre>True</pre></td>\n        </tr>\n      \n        <tr>\n          <td>SESSION_COOKIE_NAME</td>\n          <td class="code"><pre>&#x27;sessionid&#x27;</pre></td>\n        </tr>\n      \n        <tr>\n          <td>SESSION_COOKIE_PATH</td>\n          <td class="code"><pre>&#x27;/&#x27;</pre></td>\n        </tr>\n      \n        <tr>\n          <td>SESSION_COOKIE_SAMESITE</td>\n          <td class="code"><pre>&#x27;Lax&#x27;</pre></td>\n        </tr>\n      \n        <tr>\n          <td>SESSION_COOKIE_SECURE</td>\n          <td class="code"><pre>False</pre></td>\n        </tr>\n      \n        <tr>\n          <td>SESSION_ENGINE</td>\n          <td class="code"><pre>&#x27;django.contrib.sessions.backends.db&#x27;</pre></td>\n        </tr>\n      \n        <tr>\n          <td>SESSION_EXPIRE_AT_BROWSER_CLOSE</td>\n          <td class="code"><pre>False</pre></td>\n        </tr>\n      \n        <tr>\n          <td>SESSION_FILE_PATH</td>\n          <td class="code"><pre>None</pre></td>\n        </tr>\n      \n        <tr>\n          <td>SESSION_SAVE_EVERY_REQUEST</td>\n          <td class="code"><pre>False</pre></td>\n        </tr>\n      \n        <tr>\n          <td>SESSION_SERIALIZER</td>\n          <td class="code"><pre>&#x27;django.contrib.sessions.serializers.JSONSerializer&#x27;</pre></td>\n        </tr>\n      \n        <tr>\n          <td>SETTINGS_MODULE</td>\n          <td class="code"><pre>&#x27;gm_api_automation.settings&#x27;</pre></td>\n        </tr>\n      \n        <tr>\n          <td>SHORT_DATETIME_FORMAT</td>\n          <td class="code"><pre>&#x27;m/d/Y P&#x27;</pre></td>\n        </tr>\n      \n        <tr>\n          <td>SHORT_DATE_FORMAT</td>\n          <td class="code"><pre>&#x27;m/d/Y&#x27;</pre></td>\n        </tr>\n      \n        <tr>\n          <td>SIGNING_BACKEND</td>\n          <td class="code"><pre>&#x27;django.core.signing.TimestampSigner&#x27;</pre></td>\n        </tr>\n      \n        <tr>\n          <td>SILENCED_SYSTEM_CHECKS</td>\n          <td class="code"><pre>[]</pre></td>\n        </tr>\n      \n        <tr>\n          <td>STATICFILES_DIRS</td>\n          <td class="code"><pre>[]</pre></td>\n        </tr>\n      \n        <tr>\n          <td>STATICFILES_FINDERS</td>\n          <td class="code"><pre>[&#x27;django.contrib.staticfiles.finders.FileSystemFinder&#x27;,\n &#x27;django.contrib.staticfiles.finders.AppDirectoriesFinder&#x27;]</pre></td>\n        </tr>\n      \n        <tr>\n          <td>STATICFILES_STORAGE</td>\n          <td class="code"><pre>&#x27;django.contrib.staticfiles.storage.StaticFilesStorage&#x27;</pre></td>\n        </tr>\n      \n        <tr>\n          <td>STATIC_ROOT</td>\n          <td class="code"><pre>None</pre></td>\n        </tr>\n      \n        <tr>\n          <td>STATIC_URL</td>\n          <td class="code"><pre>&#x27;/static/&#x27;</pre></td>\n        </tr>\n      \n        <tr>\n          <td>TEMPLATES</td>\n          <td class="code"><pre>[{&#x27;APP_DIRS&#x27;: True,\n  &#x27;BACKEND&#x27;: &#x27;django.template.backends.django.DjangoTemplates&#x27;,\n  &#x27;DIRS&#x27;: [],\n  &#x27;OPTIONS&#x27;: {&#x27;context_processors&#x27;: [&#x27;django.template.context_processors.debug&#x27;,\n                                     &#x27;django.template.context_processors.request&#x27;,\n                                     &#x27;django.contrib.auth.context_processors.auth&#x27;,\n                                     &#x27;django.contrib.messages.context_processors.messages&#x27;]}}]</pre></td>\n        </tr>\n      \n        <tr>\n          <td>TEST_NON_SERIALIZED_APPS</td>\n          <td class="code"><pre>[]</pre></td>\n        </tr>\n      \n        <tr>\n          <td>TEST_RUNNER</td>\n          <td class="code"><pre>&#x27;django.test.runner.DiscoverRunner&#x27;</pre></td>\n        </tr>\n      \n        <tr>\n          <td>THOUSAND_SEPARATOR</td>\n          <td class="code"><pre>&#x27;,&#x27;</pre></td>\n        </tr>\n      \n        <tr>\n          <td>TIME_FORMAT</td>\n          <td class="code"><pre>&#x27;P&#x27;</pre></td>\n        </tr>\n      \n        <tr>\n          <td>TIME_INPUT_FORMATS</td>\n          <td class="code"><pre>[&#x27;%H:%M:%S&#x27;, &#x27;%H:%M:%S.%f&#x27;, &#x27;%H:%M&#x27;]</pre></td>\n        </tr>\n      \n        <tr>\n          <td>TIME_ZONE</td>\n          <td class="code"><pre>&#x27;Asia/Shanghai&#x27;</pre></td>\n        </tr>\n      \n        <tr>\n          <td>USE_I18N</td>\n          <td class="code"><pre>True</pre></td>\n        </tr>\n      \n        <tr>\n          <td>USE_L10N</td>\n          <td class="code"><pre>False</pre></td>\n        </tr>\n      \n        <tr>\n          <td>USE_THOUSAND_SEPARATOR</td>\n          <td class="code"><pre>False</pre></td>\n        </tr>\n      \n        <tr>\n          <td>USE_TZ</td>\n          <td class="code"><pre>False</pre></td>\n        </tr>\n      \n        <tr>\n          <td>USE_X_FORWARDED_HOST</td>\n          <td class="code"><pre>False</pre></td>\n        </tr>\n      \n        <tr>\n          <td>USE_X_FORWARDED_PORT</td>\n          <td class="code"><pre>False</pre></td>\n        </tr>\n      \n        <tr>\n          <td>WSGI_APPLICATION</td>\n          <td class="code"><pre>&#x27;gm_api_automation.wsgi.application&#x27;</pre></td>\n        </tr>\n      \n        <tr>\n          <td>X_FRAME_OPTIONS</td>\n          <td class="code"><pre>&#x27;DENY&#x27;</pre></td>\n        </tr>\n      \n        <tr>\n          <td>YEAR_MONTH_FORMAT</td>\n          <td class="code"><pre>&#x27;F Y&#x27;</pre></td>\n        </tr>\n      \n    </tbody>\n  </table>\n\n</div>\n\n  <div id="explanation">\n    <p>\n      You’re seeing this error because you have <code>DEBUG = True</code> in your\n      Django settings file. Change that to <code>False</code>, and Django will\n      display a standard page generated by the handler for this status code.\n    </p>\n  </div>\n\n</body>\n</html>\n', 'access_time': 100021}
2022-10-10 11:01:40.570 | INFO     | gm_api_automation.middleware.LogMiddleware:process_response:89 - <WSGIRequest: GET '/getCaseTotal'>
2022-10-10 11:05:44.556 | SUCCESS  | __main__:main:14 - 
  ██████╗ ███╗   ███╗     ██╗██╗  ██╗    ██████╗ ██╗   ██╗███╗   ██╗███╗   ██╗███████╗██████╗ 
██╔════╝ ████╗ ████║     ██║██║ ██╔╝    ██╔══██╗██║   ██║████╗  ██║████╗  ██║██╔════╝██╔══██╗
██║  ███╗██╔████╔██║     ██║█████╔╝     ██████╔╝██║   ██║██╔██╗ ██║██╔██╗ ██║█████╗  ██████╔╝
██║   ██║██║╚██╔╝██║██   ██║██╔═██╗     ██╔══██╗██║   ██║██║╚██╗██║██║╚██╗██║██╔══╝  ██╔══██╗
╚██████╔╝██║ ╚═╝ ██║╚█████╔╝██║  ██╗    ██║  ██║╚██████╔╝██║ ╚████║██║ ╚████║███████╗██║  ██║
 ╚═════╝ ╚═╝     ╚═╝ ╚════╝ ╚═╝  ╚═╝    ╚═╝  ╚═╝ ╚═════╝ ╚═╝  ╚═══╝╚═╝  ╚═══╝╚══════╝╚═╝  ╚═╝
                                                                                                                                          
    
2022-10-10 11:05:44.636 | SUCCESS  | __main__:main:22 - server started success.        ✔
2022-10-10 11:06:11.295 | INFO     | gm_api_automation.middleware.LogMiddleware:process_response:84 - 耗时大于6秒的日志：{'time': '2022-10-10 11:05:50', 'url': '/getCaseTotal', 'method': 'GET', 'ip': '127.0.0.1', 'body': <QueryDict: {}>, 'user': <User: admin>, 'protocol': 'http', 'response': '<!DOCTYPE html>\n<html lang="en">\n<head>\n  <meta http-equiv="content-type" content="text/html; charset=utf-8">\n  <meta name="robots" content="NONE,NOARCHIVE">\n  <title>AssertionError\n          at /getCaseTotal</title>\n  <style type="text/css">\n    html * { padding:0; margin:0; }\n    body * { padding:10px 20px; }\n    body * * { padding:0; }\n    body { font:small sans-serif; background-color:#fff; color:#000; }\n    body>div { border-bottom:1px solid #ddd; }\n    h1 { font-weight:normal; }\n    h2 { margin-bottom:.8em; }\n    h3 { margin:1em 0 .5em 0; }\n    h4 { margin:0 0 .5em 0; font-weight: normal; }\n    code, pre { font-size: 100%; white-space: pre-wrap; }\n    table { border:1px solid #ccc; border-collapse: collapse; width:100%; background:white; }\n    tbody td, tbody th { vertical-align:top; padding:2px 3px; }\n    thead th {\n      padding:1px 6px 1px 3px; background:#fefefe; text-align:left;\n      font-weight:normal; font-size:11px; border:1px solid #ddd;\n    }\n    tbody th { width:12em; text-align:right; color:#666; padding-right:.5em; }\n    table.vars { margin:5px 0 2px 40px; }\n    table.vars td, table.req td { font-family:monospace; }\n    table td.code { width:100%; }\n    table td.code pre { overflow:hidden; }\n    table.source th { color:#666; }\n    table.source td { font-family:monospace; white-space:pre; border-bottom:1px solid #eee; }\n    ul.traceback { list-style-type:none; color: #222; }\n    ul.traceback li.frame { padding-bottom:1em; color:#4f4f4f; }\n    ul.traceback li.user { background-color:#e0e0e0; color:#000 }\n    div.context { padding:10px 0; overflow:hidden; }\n    div.context ol { padding-left:30px; margin:0 10px; list-style-position: inside; }\n    div.context ol li { font-family:monospace; white-space:pre; color:#777; cursor:pointer; padding-left: 2px; }\n    div.context ol li pre { display:inline; }\n    div.context ol.context-line li { color:#464646; background-color:#dfdfdf; padding: 3px 2px; }\n    div.context ol.context-line li span { position:absolute; right:32px; }\n    .user div.context ol.context-line li { background-color:#bbb; color:#000; }\n    .user div.context ol li { color:#666; }\n    div.commands { margin-left: 40px; }\n    div.commands a { color:#555; text-decoration:none; }\n    .user div.commands a { color: black; }\n    #summary { background: #ffc; }\n    #summary h2 { font-weight: normal; color: #666; }\n    #explanation { background:#eee; }\n    #template, #template-not-exist { background:#f6f6f6; }\n    #template-not-exist ul { margin: 0 0 10px 20px; }\n    #template-not-exist .postmortem-section { margin-bottom: 3px; }\n    #unicode-hint { background:#eee; }\n    #traceback { background:#eee; }\n    #requestinfo { background:#f6f6f6; padding-left:120px; }\n    #summary table { border:none; background:transparent; }\n    #requestinfo h2, #requestinfo h3 { position:relative; margin-left:-100px; }\n    #requestinfo h3 { margin-bottom:-1em; }\n    .error { background: #ffc; }\n    .specific { color:#cc3300; font-weight:bold; }\n    h2 span.commands { font-size:.7em; font-weight:normal; }\n    span.commands a:link {color:#5E5694;}\n    pre.exception_value { font-family: sans-serif; color: #575757; font-size: 1.5em; margin: 10px 0 10px 0; }\n    .append-bottom { margin-bottom: 10px; }\n    .fname { user-select: all; }\n  </style>\n  \n  <script>\n    function hideAll(elems) {\n      for (var e = 0; e < elems.length; e++) {\n        elems[e].style.display = \'none\';\n      }\n    }\n    window.onload = function() {\n      hideAll(document.querySelectorAll(\'table.vars\'));\n      hideAll(document.querySelectorAll(\'ol.pre-context\'));\n      hideAll(document.querySelectorAll(\'ol.post-context\'));\n      hideAll(document.querySelectorAll(\'div.pastebin\'));\n    }\n    function toggle() {\n      for (var i = 0; i < arguments.length; i++) {\n        var e = document.getElementById(arguments[i]);\n        if (e) {\n          e.style.display = e.style.display == \'none\' ? \'block\': \'none\';\n        }\n      }\n      return false;\n    }\n    function varToggle(link, id) {\n      toggle(\'v\' + id);\n      var s = link.getElementsByTagName(\'span\')[0];\n      var uarr = String.fromCharCode(0x25b6);\n      var darr = String.fromCharCode(0x25bc);\n      s.textContent = s.textContent == uarr ? darr : uarr;\n      return false;\n    }\n    function switchPastebinFriendly(link) {\n      s1 = "Switch to copy-and-paste view";\n      s2 = "Switch back to interactive view";\n      link.textContent = link.textContent.trim() == s1 ? s2: s1;\n      toggle(\'browserTraceback\', \'pastebinTraceback\');\n      return false;\n    }\n  </script>\n  \n</head>\n<body>\n<div id="summary">\n  <h1>AssertionError\n       at /getCaseTotal</h1>\n  <pre class="exception_value">Expected a `Response`, `HttpResponse` or `HttpStreamingResponse` to be returned from the view, but received a `&lt;class &#x27;NoneType&#x27;&gt;`</pre>\n  <table class="meta">\n\n    <tr>\n      <th>Request Method:</th>\n      <td>GET</td>\n    </tr>\n    <tr>\n      <th>Request URL:</th>\n      <td>http://127.0.0.1:8000/getCaseTotal</td>\n    </tr>\n\n    <tr>\n      <th>Django Version:</th>\n      <td>3.2.9</td>\n    </tr>\n\n    <tr>\n      <th>Exception Type:</th>\n      <td>AssertionError</td>\n    </tr>\n\n\n    <tr>\n      <th>Exception Value:</th>\n      <td><pre>Expected a `Response`, `HttpResponse` or `HttpStreamingResponse` to be returned from the view, but received a `&lt;class &#x27;NoneType&#x27;&gt;`</pre></td>\n    </tr>\n\n\n    <tr>\n      <th>Exception Location:</th>\n      <td><span class="fname">C:\\Users\\17621\\.virtualenvs\\api_automation_platfrom_v1.0-mjY1grIv\\lib\\site-packages\\rest_framework\\views.py</span>, line 423, in finalize_response</td>\n    </tr>\n\n    <tr>\n      <th>Python Executable:</th>\n      <td>C:\\Users\\17621\\.virtualenvs\\api_automation_platfrom_v1.0-mjY1grIv\\Scripts\\python.exe</td>\n    </tr>\n    <tr>\n      <th>Python Version:</th>\n      <td>3.9.8</td>\n    </tr>\n    <tr>\n      <th>Python Path:</th>\n      <td><pre>[&#x27;E:\\\\测试平台相关\\\\api_automation_platfrom_v1.0\\\\apps&#x27;,\n &#x27;E:\\\\测试平台相关\\\\api_automation_platfrom_v1.0&#x27;,\n &#x27;D:\\\\PyCharm 2021.3.1\\\\plugins\\\\python\\\\helpers\\\\pydev&#x27;,\n &#x27;E:\\\\测试平台相关\\\\api_automation_platfrom_v1.0&#x27;,\n &#x27;E:\\\\测试平台相关\\\\api_automation_platfrom_v1.0\\\\apps&#x27;,\n &#x27;D:\\\\PyCharm 2021.3.1\\\\plugins\\\\python\\\\helpers\\\\pycharm_display&#x27;,\n &#x27;D:\\\\PyCharm 2021.3.1\\\\plugins\\\\python\\\\helpers\\\\third_party\\\\thriftpy&#x27;,\n &#x27;D:\\\\PyCharm 2021.3.1\\\\plugins\\\\python\\\\helpers\\\\pydev&#x27;,\n &#x27;C:\\\\Users\\\\17621\\\\AppData\\\\Local\\\\JetBrains\\\\PyCharm2021.3\\\\cythonExtensions&#x27;,\n &#x27;D:\\\\python3.9.8\\\\python39.zip&#x27;,\n &#x27;D:\\\\python3.9.8\\\\DLLs&#x27;,\n &#x27;D:\\\\python3.9.8\\\\lib&#x27;,\n &#x27;D:\\\\python3.9.8&#x27;,\n &#x27;C:\\\\Users\\\\17621\\\\.virtualenvs\\\\api_automation_platfrom_v1.0-mjY1grIv&#x27;,\n &#x27;C:\\\\Users\\\\17621\\\\.virtualenvs\\\\api_automation_platfrom_v1.0-mjY1grIv\\\\lib\\\\site-packages&#x27;,\n &#x27;D:\\\\PyCharm 2021.3.1\\\\plugins\\\\python\\\\helpers\\\\pycharm_matplotlib_backend&#x27;]</pre></td>\n    </tr>\n    <tr>\n      <th>Server time:</th>\n      <td>Mon, 10 Oct 2022 11:06:11 +0800</td>\n    </tr>\n  </table>\n</div>\n\n\n\n\n<div id="traceback">\n  <h2>Traceback <span class="commands"><a href="#" onclick="return switchPastebinFriendly(this);">\n    Switch to copy-and-paste view</a></span>\n  </h2>\n  <div id="browserTraceback">\n    <ul class="traceback">\n      \n        \n        <li class="frame django">\n          \n            <code class="fname">C:\\Users\\17621\\.virtualenvs\\api_automation_platfrom_v1.0-mjY1grIv\\lib\\site-packages\\django\\core\\handlers\\exception.py</code>, line 47, in inner\n          \n\n          \n            <div class="context" id="c1705644052288">\n              \n                <ol start="40" class="pre-context" id="pre1705644052288">\n                \n                  <li onclick="toggle(\'pre1705644052288\', \'post1705644052288\')"><pre>                response = await sync_to_async(response_for_exception, thread_sensitive=False)(request, exc)</pre></li>\n                \n                  <li onclick="toggle(\'pre1705644052288\', \'post1705644052288\')"><pre>            return response</pre></li>\n                \n                  <li onclick="toggle(\'pre1705644052288\', \'post1705644052288\')"><pre>        return inner</pre></li>\n                \n                  <li onclick="toggle(\'pre1705644052288\', \'post1705644052288\')"><pre>    else:</pre></li>\n                \n                  <li onclick="toggle(\'pre1705644052288\', \'post1705644052288\')"><pre>        @wraps(get_response)</pre></li>\n                \n                  <li onclick="toggle(\'pre1705644052288\', \'post1705644052288\')"><pre>        def inner(request):</pre></li>\n                \n                  <li onclick="toggle(\'pre1705644052288\', \'post1705644052288\')"><pre>            try:</pre></li>\n                \n                </ol>\n              \n              <ol start="47" class="context-line">\n                <li onclick="toggle(\'pre1705644052288\', \'post1705644052288\')"><pre>                response = get_response(request)</pre> <span>…</span></li>\n              </ol>\n              \n                <ol start=\'48\' class="post-context" id="post1705644052288">\n                  \n                  <li onclick="toggle(\'pre1705644052288\', \'post1705644052288\')"><pre>            except Exception as exc:</pre></li>\n                  \n                  <li onclick="toggle(\'pre1705644052288\', \'post1705644052288\')"><pre>                response = response_for_exception(request, exc)</pre></li>\n                  \n                  <li onclick="toggle(\'pre1705644052288\', \'post1705644052288\')"><pre>            return response</pre></li>\n                  \n                  <li onclick="toggle(\'pre1705644052288\', \'post1705644052288\')"><pre>        return inner</pre></li>\n                  \n                  <li onclick="toggle(\'pre1705644052288\', \'post1705644052288\')"><pre></pre></li>\n                  \n                  <li onclick="toggle(\'pre1705644052288\', \'post1705644052288\')"><pre></pre></li>\n                  \n              </ol>\n              \n            </div>\n          \n\n          \n            <div class="commands">\n                \n                    <a href="#" onclick="return varToggle(this, \'1705644052288\')"><span>&#x25b6;</span> Local vars</a>\n                \n            </div>\n            <table class="vars" id="v1705644052288">\n              <thead>\n                <tr>\n                  <th>Variable</th>\n                  <th>Value</th>\n                </tr>\n              </thead>\n              <tbody>\n                \n                  <tr>\n                    <td>exc</td>\n                    <td class="code"><pre>AssertionError(&quot;Expected a `Response`, `HttpResponse` or `HttpStreamingResponse` to be returned from the view, but received a `&lt;class &#x27;NoneType&#x27;&gt;`&quot;)</pre></td>\n                  </tr>\n                \n                  <tr>\n                    <td>get_response</td>\n                    <td class="code"><pre>&lt;bound method BaseHandler._get_response of &lt;django.core.handlers.wsgi.WSGIHandler object at 0x0000018D1D9CB400&gt;&gt;</pre></td>\n                  </tr>\n                \n                  <tr>\n                    <td>request</td>\n                    <td class="code"><pre>&lt;WSGIRequest: GET &#x27;/getCaseTotal&#x27;&gt;</pre></td>\n                  </tr>\n                \n              </tbody>\n            </table>\n          \n        </li>\n      \n        \n        <li class="frame django">\n          \n            <code class="fname">C:\\Users\\17621\\.virtualenvs\\api_automation_platfrom_v1.0-mjY1grIv\\lib\\site-packages\\django\\core\\handlers\\base.py</code>, line 181, in _get_response\n          \n\n          \n            <div class="context" id="c1705643852160">\n              \n                <ol start="174" class="pre-context" id="pre1705643852160">\n                \n                  <li onclick="toggle(\'pre1705643852160\', \'post1705643852160\')"><pre></pre></li>\n                \n                  <li onclick="toggle(\'pre1705643852160\', \'post1705643852160\')"><pre>        if response is None:</pre></li>\n                \n                  <li onclick="toggle(\'pre1705643852160\', \'post1705643852160\')"><pre>            wrapped_callback = self.make_view_atomic(callback)</pre></li>\n                \n                  <li onclick="toggle(\'pre1705643852160\', \'post1705643852160\')"><pre>            # If it is an asynchronous view, run it in a subthread.</pre></li>\n                \n                  <li onclick="toggle(\'pre1705643852160\', \'post1705643852160\')"><pre>            if asyncio.iscoroutinefunction(wrapped_callback):</pre></li>\n                \n                  <li onclick="toggle(\'pre1705643852160\', \'post1705643852160\')"><pre>                wrapped_callback = async_to_sync(wrapped_callback)</pre></li>\n                \n                  <li onclick="toggle(\'pre1705643852160\', \'post1705643852160\')"><pre>            try:</pre></li>\n                \n                </ol>\n              \n              <ol start="181" class="context-line">\n                <li onclick="toggle(\'pre1705643852160\', \'post1705643852160\')"><pre>                response = wrapped_callback(request, *callback_args, **callback_kwargs)</pre> <span>…</span></li>\n              </ol>\n              \n                <ol start=\'182\' class="post-context" id="post1705643852160">\n                  \n                  <li onclick="toggle(\'pre1705643852160\', \'post1705643852160\')"><pre>            except Exception as e:</pre></li>\n                  \n                  <li onclick="toggle(\'pre1705643852160\', \'post1705643852160\')"><pre>                response = self.process_exception_by_middleware(e, request)</pre></li>\n                  \n                  <li onclick="toggle(\'pre1705643852160\', \'post1705643852160\')"><pre>                if response is None:</pre></li>\n                  \n                  <li onclick="toggle(\'pre1705643852160\', \'post1705643852160\')"><pre>                    raise</pre></li>\n                  \n                  <li onclick="toggle(\'pre1705643852160\', \'post1705643852160\')"><pre></pre></li>\n                  \n                  <li onclick="toggle(\'pre1705643852160\', \'post1705643852160\')"><pre>        # Complain if the view returned None (a common error).</pre></li>\n                  \n              </ol>\n              \n            </div>\n          \n\n          \n            <div class="commands">\n                \n                    <a href="#" onclick="return varToggle(this, \'1705643852160\')"><span>&#x25b6;</span> Local vars</a>\n                \n            </div>\n            <table class="vars" id="v1705643852160">\n              <thead>\n                <tr>\n                  <th>Variable</th>\n                  <th>Value</th>\n                </tr>\n              </thead>\n              <tbody>\n                \n                  <tr>\n                    <td>callback</td>\n                    <td class="code"><pre>&lt;function TestSuitView at 0x0000018D1D460430&gt;</pre></td>\n                  </tr>\n                \n                  <tr>\n                    <td>callback_args</td>\n                    <td class="code"><pre>()</pre></td>\n                  </tr>\n                \n                  <tr>\n                    <td>callback_kwargs</td>\n                    <td class="code"><pre>{}</pre></td>\n                  </tr>\n                \n                  <tr>\n                    <td>request</td>\n                    <td class="code"><pre>&lt;WSGIRequest: GET &#x27;/getCaseTotal&#x27;&gt;</pre></td>\n                  </tr>\n                \n                  <tr>\n                    <td>response</td>\n                    <td class="code"><pre>None</pre></td>\n                  </tr>\n                \n                  <tr>\n                    <td>self</td>\n                    <td class="code"><pre>&lt;django.core.handlers.wsgi.WSGIHandler object at 0x0000018D1D9CB400&gt;</pre></td>\n                  </tr>\n                \n                  <tr>\n                    <td>wrapped_callback</td>\n                    <td class="code"><pre>&lt;function TestSuitView at 0x0000018D1D460430&gt;</pre></td>\n                  </tr>\n                \n              </tbody>\n            </table>\n          \n        </li>\n      \n        \n        <li class="frame django">\n          \n            <code class="fname">C:\\Users\\17621\\.virtualenvs\\api_automation_platfrom_v1.0-mjY1grIv\\lib\\site-packages\\django\\views\\decorators\\csrf.py</code>, line 54, in wrapped_view\n          \n\n          \n            <div class="context" id="c1705643939968">\n              \n                <ol start="47" class="pre-context" id="pre1705643939968">\n                \n                  <li onclick="toggle(\'pre1705643939968\', \'post1705643939968\')"><pre></pre></li>\n                \n                  <li onclick="toggle(\'pre1705643939968\', \'post1705643939968\')"><pre></pre></li>\n                \n                  <li onclick="toggle(\'pre1705643939968\', \'post1705643939968\')"><pre>def csrf_exempt(view_func):</pre></li>\n                \n                  <li onclick="toggle(\'pre1705643939968\', \'post1705643939968\')"><pre>    &quot;&quot;&quot;Mark a view function as being exempt from the CSRF view protection.&quot;&quot;&quot;</pre></li>\n                \n                  <li onclick="toggle(\'pre1705643939968\', \'post1705643939968\')"><pre>    # view_func.csrf_exempt = True would also work, but decorators are nicer</pre></li>\n                \n                  <li onclick="toggle(\'pre1705643939968\', \'post1705643939968\')"><pre>    # if they don&#x27;t have side effects, so return a new function.</pre></li>\n                \n                  <li onclick="toggle(\'pre1705643939968\', \'post1705643939968\')"><pre>    def wrapped_view(*args, **kwargs):</pre></li>\n                \n                </ol>\n              \n              <ol start="54" class="context-line">\n                <li onclick="toggle(\'pre1705643939968\', \'post1705643939968\')"><pre>        return view_func(*args, **kwargs)</pre> <span>…</span></li>\n              </ol>\n              \n                <ol start=\'55\' class="post-context" id="post1705643939968">\n                  \n                  <li onclick="toggle(\'pre1705643939968\', \'post1705643939968\')"><pre>    wrapped_view.csrf_exempt = True</pre></li>\n                  \n                  <li onclick="toggle(\'pre1705643939968\', \'post1705643939968\')"><pre>    return wraps(view_func)(wrapped_view)</pre></li>\n                  \n              </ol>\n              \n            </div>\n          \n\n          \n            <div class="commands">\n                \n                    <a href="#" onclick="return varToggle(this, \'1705643939968\')"><span>&#x25b6;</span> Local vars</a>\n                \n            </div>\n            <table class="vars" id="v1705643939968">\n              <thead>\n                <tr>\n                  <th>Variable</th>\n                  <th>Value</th>\n                </tr>\n              </thead>\n              <tbody>\n                \n                  <tr>\n                    <td>args</td>\n                    <td class="code"><pre>(&lt;WSGIRequest: GET &#x27;/getCaseTotal&#x27;&gt;,)</pre></td>\n                  </tr>\n                \n                  <tr>\n                    <td>kwargs</td>\n                    <td class="code"><pre>{}</pre></td>\n                  </tr>\n                \n                  <tr>\n                    <td>view_func</td>\n                    <td class="code"><pre>&lt;function TestSuitView at 0x0000018D1D4603A0&gt;</pre></td>\n                  </tr>\n                \n              </tbody>\n            </table>\n          \n        </li>\n      \n        \n        <li class="frame user">\n          \n            <code class="fname">C:\\Users\\17621\\.virtualenvs\\api_automation_platfrom_v1.0-mjY1grIv\\lib\\site-packages\\rest_framework\\viewsets.py</code>, line 125, in view\n          \n\n          \n            <div class="context" id="c1705643940480">\n              \n                <ol start="118" class="pre-context" id="pre1705643940480">\n                \n                  <li onclick="toggle(\'pre1705643940480\', \'post1705643940480\')"><pre>                setattr(self, method, handler)</pre></li>\n                \n                  <li onclick="toggle(\'pre1705643940480\', \'post1705643940480\')"><pre></pre></li>\n                \n                  <li onclick="toggle(\'pre1705643940480\', \'post1705643940480\')"><pre>            self.request = request</pre></li>\n                \n                  <li onclick="toggle(\'pre1705643940480\', \'post1705643940480\')"><pre>            self.args = args</pre></li>\n                \n                  <li onclick="toggle(\'pre1705643940480\', \'post1705643940480\')"><pre>            self.kwargs = kwargs</pre></li>\n                \n                  <li onclick="toggle(\'pre1705643940480\', \'post1705643940480\')"><pre></pre></li>\n                \n                  <li onclick="toggle(\'pre1705643940480\', \'post1705643940480\')"><pre>            # And continue as usual</pre></li>\n                \n                </ol>\n              \n              <ol start="125" class="context-line">\n                <li onclick="toggle(\'pre1705643940480\', \'post1705643940480\')"><pre>            return self.dispatch(request, *args, **kwargs)</pre> <span>…</span></li>\n              </ol>\n              \n                <ol start=\'126\' class="post-context" id="post1705643940480">\n                  \n                  <li onclick="toggle(\'pre1705643940480\', \'post1705643940480\')"><pre></pre></li>\n                  \n                  <li onclick="toggle(\'pre1705643940480\', \'post1705643940480\')"><pre>        # take name and docstring from class</pre></li>\n                  \n                  <li onclick="toggle(\'pre1705643940480\', \'post1705643940480\')"><pre>        update_wrapper(view, cls, updated=())</pre></li>\n                  \n                  <li onclick="toggle(\'pre1705643940480\', \'post1705643940480\')"><pre></pre></li>\n                  \n                  <li onclick="toggle(\'pre1705643940480\', \'post1705643940480\')"><pre>        # and possible attributes set by decorators</pre></li>\n                  \n                  <li onclick="toggle(\'pre1705643940480\', \'post1705643940480\')"><pre>        # like csrf_exempt from dispatch</pre></li>\n                  \n              </ol>\n              \n            </div>\n          \n\n          \n            <div class="commands">\n                \n                    <a href="#" onclick="return varToggle(this, \'1705643940480\')"><span>&#x25b6;</span> Local vars</a>\n                \n            </div>\n            <table class="vars" id="v1705643940480">\n              <thead>\n                <tr>\n                  <th>Variable</th>\n                  <th>Value</th>\n                </tr>\n              </thead>\n              <tbody>\n                \n                  <tr>\n                    <td>action</td>\n                    <td class="code"><pre>&#x27;get_case_total&#x27;</pre></td>\n                  </tr>\n                \n                  <tr>\n                    <td>actions</td>\n                    <td class="code"><pre>{&#x27;get&#x27;: &#x27;get_case_total&#x27;, &#x27;head&#x27;: &#x27;get_case_total&#x27;}</pre></td>\n                  </tr>\n                \n                  <tr>\n                    <td>args</td>\n                    <td class="code"><pre>()</pre></td>\n                  </tr>\n                \n                  <tr>\n                    <td>cls</td>\n                    <td class="code"><pre>&lt;class &#x27;TestSuit.views.TestSuitView&#x27;&gt;</pre></td>\n                  </tr>\n                \n                  <tr>\n                    <td>handler</td>\n                    <td class="code"><pre>&lt;bound method TestSuitView.get_case_total of &lt;TestSuit.views.TestSuitView object at 0x0000018D204CEE20&gt;&gt;</pre></td>\n                  </tr>\n                \n                  <tr>\n                    <td>initkwargs</td>\n                    <td class="code"><pre>{}</pre></td>\n                  </tr>\n                \n                  <tr>\n                    <td>kwargs</td>\n                    <td class="code"><pre>{}</pre></td>\n                  </tr>\n                \n                  <tr>\n                    <td>method</td>\n                    <td class="code"><pre>&#x27;head&#x27;</pre></td>\n                  </tr>\n                \n                  <tr>\n                    <td>request</td>\n                    <td class="code"><pre>&lt;WSGIRequest: GET &#x27;/getCaseTotal&#x27;&gt;</pre></td>\n                  </tr>\n                \n                  <tr>\n                    <td>self</td>\n                    <td class="code"><pre>&lt;TestSuit.views.TestSuitView object at 0x0000018D204CEE20&gt;</pre></td>\n                  </tr>\n                \n              </tbody>\n            </table>\n          \n        </li>\n      \n        \n        <li class="frame user">\n          \n            <code class="fname">C:\\Users\\17621\\.virtualenvs\\api_automation_platfrom_v1.0-mjY1grIv\\lib\\site-packages\\rest_framework\\views.py</code>, line 511, in dispatch\n          \n\n          \n            <div class="context" id="c1705643810880">\n              \n                <ol start="504" class="pre-context" id="pre1705643810880">\n                \n                  <li onclick="toggle(\'pre1705643810880\', \'post1705643810880\')"><pre>                handler = self.http_method_not_allowed</pre></li>\n                \n                  <li onclick="toggle(\'pre1705643810880\', \'post1705643810880\')"><pre></pre></li>\n                \n                  <li onclick="toggle(\'pre1705643810880\', \'post1705643810880\')"><pre>            response = handler(request, *args, **kwargs)</pre></li>\n                \n                  <li onclick="toggle(\'pre1705643810880\', \'post1705643810880\')"><pre></pre></li>\n                \n                  <li onclick="toggle(\'pre1705643810880\', \'post1705643810880\')"><pre>        except Exception as exc:</pre></li>\n                \n                  <li onclick="toggle(\'pre1705643810880\', \'post1705643810880\')"><pre>            response = self.handle_exception(exc)</pre></li>\n                \n                  <li onclick="toggle(\'pre1705643810880\', \'post1705643810880\')"><pre></pre></li>\n                \n                </ol>\n              \n              <ol start="511" class="context-line">\n                <li onclick="toggle(\'pre1705643810880\', \'post1705643810880\')"><pre>        self.response = self.finalize_response(request, response, *args, **kwargs)</pre> <span>…</span></li>\n              </ol>\n              \n                <ol start=\'512\' class="post-context" id="post1705643810880">\n                  \n                  <li onclick="toggle(\'pre1705643810880\', \'post1705643810880\')"><pre>        return self.response</pre></li>\n                  \n                  <li onclick="toggle(\'pre1705643810880\', \'post1705643810880\')"><pre></pre></li>\n                  \n                  <li onclick="toggle(\'pre1705643810880\', \'post1705643810880\')"><pre>    def options(self, request, *args, **kwargs):</pre></li>\n                  \n                  <li onclick="toggle(\'pre1705643810880\', \'post1705643810880\')"><pre>        &quot;&quot;&quot;</pre></li>\n                  \n                  <li onclick="toggle(\'pre1705643810880\', \'post1705643810880\')"><pre>        Handler method for HTTP &#x27;OPTIONS&#x27; request.</pre></li>\n                  \n                  <li onclick="toggle(\'pre1705643810880\', \'post1705643810880\')"><pre>        &quot;&quot;&quot;</pre></li>\n                  \n              </ol>\n              \n            </div>\n          \n\n          \n            <div class="commands">\n                \n                    <a href="#" onclick="return varToggle(this, \'1705643810880\')"><span>&#x25b6;</span> Local vars</a>\n                \n            </div>\n            <table class="vars" id="v1705643810880">\n              <thead>\n                <tr>\n                  <th>Variable</th>\n                  <th>Value</th>\n                </tr>\n              </thead>\n              <tbody>\n                \n                  <tr>\n                    <td>args</td>\n                    <td class="code"><pre>()</pre></td>\n                  </tr>\n                \n                  <tr>\n                    <td>handler</td>\n                    <td class="code"><pre>&lt;bound method TestSuitView.get_case_total of &lt;TestSuit.views.TestSuitView object at 0x0000018D204CEE20&gt;&gt;</pre></td>\n                  </tr>\n                \n                  <tr>\n                    <td>kwargs</td>\n                    <td class="code"><pre>{}</pre></td>\n                  </tr>\n                \n                  <tr>\n                    <td>request</td>\n                    <td class="code"><pre>&lt;rest_framework.request.Request: GET &#x27;/getCaseTotal&#x27;&gt;</pre></td>\n                  </tr>\n                \n                  <tr>\n                    <td>response</td>\n                    <td class="code"><pre>None</pre></td>\n                  </tr>\n                \n                  <tr>\n                    <td>self</td>\n                    <td class="code"><pre>&lt;TestSuit.views.TestSuitView object at 0x0000018D204CEE20&gt;</pre></td>\n                  </tr>\n                \n              </tbody>\n            </table>\n          \n        </li>\n      \n        \n        <li class="frame user">\n          \n            <code class="fname">C:\\Users\\17621\\.virtualenvs\\api_automation_platfrom_v1.0-mjY1grIv\\lib\\site-packages\\rest_framework\\views.py</code>, line 423, in finalize_response\n          \n\n          \n            <div class="context" id="c1705644232768">\n              \n                <ol start="416" class="pre-context" id="pre1705644232768">\n                \n                  <li onclick="toggle(\'pre1705644232768\', \'post1705644232768\')"><pre>        self.check_throttles(request)</pre></li>\n                \n                  <li onclick="toggle(\'pre1705644232768\', \'post1705644232768\')"><pre></pre></li>\n                \n                  <li onclick="toggle(\'pre1705644232768\', \'post1705644232768\')"><pre>    def finalize_response(self, request, response, *args, **kwargs):</pre></li>\n                \n                  <li onclick="toggle(\'pre1705644232768\', \'post1705644232768\')"><pre>        &quot;&quot;&quot;</pre></li>\n                \n                  <li onclick="toggle(\'pre1705644232768\', \'post1705644232768\')"><pre>        Returns the final response object.</pre></li>\n                \n                  <li onclick="toggle(\'pre1705644232768\', \'post1705644232768\')"><pre>        &quot;&quot;&quot;</pre></li>\n                \n                  <li onclick="toggle(\'pre1705644232768\', \'post1705644232768\')"><pre>        # Make the error obvious if a proper response is not returned</pre></li>\n                \n                </ol>\n              \n              <ol start="423" class="context-line">\n                <li onclick="toggle(\'pre1705644232768\', \'post1705644232768\')"><pre>        assert isinstance(response, HttpResponseBase), (</pre> <span>…</span></li>\n              </ol>\n              \n                <ol start=\'424\' class="post-context" id="post1705644232768">\n                  \n                  <li onclick="toggle(\'pre1705644232768\', \'post1705644232768\')"><pre>            &#x27;Expected a `Response`, `HttpResponse` or `HttpStreamingResponse` &#x27;</pre></li>\n                  \n                  <li onclick="toggle(\'pre1705644232768\', \'post1705644232768\')"><pre>            &#x27;to be returned from the view, but received a `%s`&#x27;</pre></li>\n                  \n                  <li onclick="toggle(\'pre1705644232768\', \'post1705644232768\')"><pre>            % type(response)</pre></li>\n                  \n                  <li onclick="toggle(\'pre1705644232768\', \'post1705644232768\')"><pre>        )</pre></li>\n                  \n                  <li onclick="toggle(\'pre1705644232768\', \'post1705644232768\')"><pre></pre></li>\n                  \n                  <li onclick="toggle(\'pre1705644232768\', \'post1705644232768\')"><pre>        if isinstance(response, Response):</pre></li>\n                  \n              </ol>\n              \n            </div>\n          \n\n          \n            <div class="commands">\n                \n                    <a href="#" onclick="return varToggle(this, \'1705644232768\')"><span>&#x25b6;</span> Local vars</a>\n                \n            </div>\n            <table class="vars" id="v1705644232768">\n              <thead>\n                <tr>\n                  <th>Variable</th>\n                  <th>Value</th>\n                </tr>\n              </thead>\n              <tbody>\n                \n                  <tr>\n                    <td>args</td>\n                    <td class="code"><pre>()</pre></td>\n                  </tr>\n                \n                  <tr>\n                    <td>kwargs</td>\n                    <td class="code"><pre>{}</pre></td>\n                  </tr>\n                \n                  <tr>\n                    <td>request</td>\n                    <td class="code"><pre>&lt;rest_framework.request.Request: GET &#x27;/getCaseTotal&#x27;&gt;</pre></td>\n                  </tr>\n                \n                  <tr>\n                    <td>response</td>\n                    <td class="code"><pre>None</pre></td>\n                  </tr>\n                \n                  <tr>\n                    <td>self</td>\n                    <td class="code"><pre>&lt;TestSuit.views.TestSuitView object at 0x0000018D204CEE20&gt;</pre></td>\n                  </tr>\n                \n              </tbody>\n            </table>\n          \n        </li>\n      \n    </ul>\n  </div>\n  <form action="https://dpaste.com/" name="pasteform" id="pasteform" method="post">\n\n  <div id="pastebinTraceback" class="pastebin">\n    <input type="hidden" name="language" value="PythonConsole">\n    <input type="hidden" name="title"\n      value="AssertionError at /getCaseTotal">\n    <input type="hidden" name="source" value="Django Dpaste Agent">\n    <input type="hidden" name="poster" value="Django">\n    <textarea name="content" id="traceback_area" cols="140" rows="25">\nEnvironment:\n\n\nRequest Method: GET\nRequest URL: http://127.0.0.1:8000/getCaseTotal\n\nDjango Version: 3.2.9\nPython Version: 3.9.8\nInstalled Applications:\n[&#x27;django.contrib.admin&#x27;,\n &#x27;django.contrib.auth&#x27;,\n &#x27;django.contrib.contenttypes&#x27;,\n &#x27;django.contrib.sessions&#x27;,\n &#x27;django.contrib.messages&#x27;,\n &#x27;django.contrib.staticfiles&#x27;,\n &#x27;rest_framework&#x27;,\n &#x27;django_filters&#x27;,\n &#x27;Projects&#x27;,\n &#x27;Users&#x27;,\n &#x27;Interfaces&#x27;,\n &#x27;drf_yasg&#x27;,\n &#x27;TestCasesDiretorys&#x27;,\n &#x27;Configs&#x27;,\n &#x27;Executed&#x27;,\n &#x27;TestSuit&#x27;]\nInstalled Middleware:\n[&#x27;django.middleware.security.SecurityMiddleware&#x27;,\n &#x27;django.contrib.sessions.middleware.SessionMiddleware&#x27;,\n &#x27;django.middleware.common.CommonMiddleware&#x27;,\n &#x27;django.contrib.auth.middleware.AuthenticationMiddleware&#x27;,\n &#x27;django.contrib.messages.middleware.MessageMiddleware&#x27;,\n &#x27;django.middleware.clickjacking.XFrameOptionsMiddleware&#x27;,\n &#x27;gm_api_automation.middleware.LogMiddleware.OpLogs&#x27;]\n\n\n\nTraceback (most recent call last):\n  File "C:\\Users\\17621\\.virtualenvs\\api_automation_platfrom_v1.0-mjY1grIv\\lib\\site-packages\\django\\core\\handlers\\exception.py", line 47, in inner\n    response = get_response(request)\n  File "C:\\Users\\17621\\.virtualenvs\\api_automation_platfrom_v1.0-mjY1grIv\\lib\\site-packages\\django\\core\\handlers\\base.py", line 181, in _get_response\n    response = wrapped_callback(request, *callback_args, **callback_kwargs)\n  File "C:\\Users\\17621\\.virtualenvs\\api_automation_platfrom_v1.0-mjY1grIv\\lib\\site-packages\\django\\views\\decorators\\csrf.py", line 54, in wrapped_view\n    return view_func(*args, **kwargs)\n  File "C:\\Users\\17621\\.virtualenvs\\api_automation_platfrom_v1.0-mjY1grIv\\lib\\site-packages\\rest_framework\\viewsets.py", line 125, in view\n    return self.dispatch(request, *args, **kwargs)\n  File "C:\\Users\\17621\\.virtualenvs\\api_automation_platfrom_v1.0-mjY1grIv\\lib\\site-packages\\rest_framework\\views.py", line 511, in dispatch\n    self.response = self.finalize_response(request, response, *args, **kwargs)\n  File "C:\\Users\\17621\\.virtualenvs\\api_automation_platfrom_v1.0-mjY1grIv\\lib\\site-packages\\rest_framework\\views.py", line 423, in finalize_response\n    assert isinstance(response, HttpResponseBase), (\n\nException Type: AssertionError at /getCaseTotal\nException Value: Expected a `Response`, `HttpResponse` or `HttpStreamingResponse` to be returned from the view, but received a `&lt;class &#x27;NoneType&#x27;&gt;`\n</textarea>\n  <br><br>\n  <input type="submit" value="Share this traceback on a public website">\n  </div>\n</form>\n</div>\n\n\n\n<div id="requestinfo">\n  <h2>Request information</h2>\n\n\n  \n    <h3 id="user-info">USER</h3>\n    <p>admin</p>\n  \n\n  <h3 id="get-info">GET</h3>\n  \n    <p>No GET data</p>\n  \n\n  <h3 id="post-info">POST</h3>\n  \n    <p>No POST data</p>\n  \n  <h3 id="files-info">FILES</h3>\n  \n    <p>No FILES data</p>\n  \n\n\n  <h3 id="cookie-info">COOKIES</h3>\n  \n    <p>No cookie data</p>\n  \n\n  <h3 id="meta-info">META</h3>\n  <table class="req">\n    <thead>\n      <tr>\n        <th>Variable</th>\n        <th>Value</th>\n      </tr>\n    </thead>\n    <tbody>\n      \n        <tr>\n          <td>ALLUSERSPROFILE</td>\n          <td class="code"><pre>&#x27;C:\\\\ProgramData&#x27;</pre></td>\n        </tr>\n      \n        <tr>\n          <td>ANDROID_ADB</td>\n          <td class="code"><pre>&#x27;C:\\\\Users\\\\17621\\\\AppData\\\\Local\\\\Android\\\\Sdk\\\\platform-tools;C:\\\\Users\\\\17621\\\\AppData\\\\Local\\\\Android\\\\Sdk\\\\platform-tools;C:\\\\Users\\\\17621\\\\AppData\\\\Local\\\\Android\\\\Sdk\\\\platform-tools;%Android_adb%;;;&#x27;</pre></td>\n        </tr>\n      \n        <tr>\n          <td>APPDATA</td>\n          <td class="code"><pre>&#x27;C:\\\\Users\\\\17621\\\\AppData\\\\Roaming&#x27;</pre></td>\n        </tr>\n      \n        <tr>\n          <td>ASL.LOG</td>\n          <td class="code"><pre>&#x27;Destination=file&#x27;</pre></td>\n        </tr>\n      \n        <tr>\n          <td>CLASSPATH</td>\n          <td class="code"><pre>(&#x27;.;C:\\\\Program Files\\\\Java\\\\jdk1.8.0_161\\\\lib\\\\dt.jar;C:\\\\Program &#x27;\n &#x27;Files\\\\Java\\\\jdk1.8.0_161\\\\lib\\\\tools.jar;CLASSPATH=D:\\\\apache-jmeter-4.0\\\\lib\\\\ext\\\\ApacheJMeter_core.jar; &#x27;\n &#x27;D:\\\\apache-jmeter-4.0\\\\lib\\\\jorphan.jar;&#x27;)</pre></td>\n        </tr>\n      \n        <tr>\n          <td>COMMONPROGRAMFILES</td>\n          <td class="code"><pre>&#x27;C:\\\\Program Files\\\\Common Files&#x27;</pre></td>\n        </tr>\n      \n        <tr>\n          <td>COMMONPROGRAMFILES(X86)</td>\n          <td class="code"><pre>&#x27;C:\\\\Program Files (x86)\\\\Common Files&#x27;</pre></td>\n        </tr>\n      \n        <tr>\n          <td>COMMONPROGRAMW6432</td>\n          <td class="code"><pre>&#x27;C:\\\\Program Files\\\\Common Files&#x27;</pre></td>\n        </tr>\n      \n        <tr>\n          <td>COMPUTERNAME</td>\n          <td class="code"><pre>&#x27;DESKTOP-RH0HDLB&#x27;</pre></td>\n        </tr>\n      \n        <tr>\n          <td>COMSPEC</td>\n          <td class="code"><pre>&#x27;C:\\\\WINDOWS\\\\system32\\\\cmd.exe&#x27;</pre></td>\n        </tr>\n      \n        <tr>\n          <td>CONTENT_LENGTH</td>\n          <td class="code"><pre>&#x27;&#x27;</pre></td>\n        </tr>\n      \n        <tr>\n          <td>CONTENT_TYPE</td>\n          <td class="code"><pre>&#x27;text/plain&#x27;</pre></td>\n        </tr>\n      \n        <tr>\n          <td>DJANGO_SETTINGS_MODULE</td>\n          <td class="code"><pre>&#x27;gm_api_automation.settings&#x27;</pre></td>\n        </tr>\n      \n        <tr>\n          <td>DRIVERDATA</td>\n          <td class="code"><pre>&#x27;C:\\\\Windows\\\\System32\\\\Drivers\\\\DriverData&#x27;</pre></td>\n        </tr>\n      \n        <tr>\n          <td>FPS_BROWSER_APP_PROFILE_STRING</td>\n          <td class="code"><pre>&#x27;Internet Explorer&#x27;</pre></td>\n        </tr>\n      \n        <tr>\n          <td>FPS_BROWSER_USER_PROFILE_STRING</td>\n          <td class="code"><pre>&#x27;Default&#x27;</pre></td>\n        </tr>\n      \n        <tr>\n          <td>GATEWAY_INTERFACE</td>\n          <td class="code"><pre>&#x27;CGI/1.1&#x27;</pre></td>\n        </tr>\n      \n        <tr>\n          <td>HOMEDRIVE</td>\n          <td class="code"><pre>&#x27;C:&#x27;</pre></td>\n        </tr>\n      \n        <tr>\n          <td>HOMEPATH</td>\n          <td class="code"><pre>&#x27;\\\\Users\\\\17621&#x27;</pre></td>\n        </tr>\n      \n        <tr>\n          <td>HTTP_ACCEPT</td>\n          <td class="code"><pre>&#x27;*/*&#x27;</pre></td>\n        </tr>\n      \n        <tr>\n          <td>HTTP_ACCEPT_ENCODING</td>\n          <td class="code"><pre>&#x27;gzip, deflate, br&#x27;</pre></td>\n        </tr>\n      \n        <tr>\n          <td>HTTP_AUTHORIZATION</td>\n          <td class="code"><pre>(&#x27;Bearer &#x27;\n &#x27;eyJ0eXAiOiJKV1QiLCJhbGciOiJIUzI1NiJ9.eyJ1c2VyX2lkIjoxLCJ1c2VybmFtZSI6ImFkbWluIiwiZXhwIjoxNjY2MjMxOTcwLCJlbWFpbCI6IjE3NjIxNTI1Mzg3QDEzOS5jb20ifQ.i_wfLbKnd5DYSS9MTn_KGEyEGdY8DcX8vuPhOaunqbk&#x27;)</pre></td>\n        </tr>\n      \n        <tr>\n          <td>HTTP_CACHE_CONTROL</td>\n          <td class="code"><pre>&#x27;no-cache&#x27;</pre></td>\n        </tr>\n      \n        <tr>\n          <td>HTTP_CONNECTION</td>\n          <td class="code"><pre>&#x27;keep-alive&#x27;</pre></td>\n        </tr>\n      \n        <tr>\n          <td>HTTP_HOST</td>\n          <td class="code"><pre>&#x27;127.0.0.1:8000&#x27;</pre></td>\n        </tr>\n      \n        <tr>\n          <td>HTTP_POSTMAN_TOKEN</td>\n          <td class="code"><pre>&#x27;********************&#x27;</pre></td>\n        </tr>\n      \n        <tr>\n          <td>HTTP_USER_AGENT</td>\n          <td class="code"><pre>&#x27;PostmanRuntime/7.28.2&#x27;</pre></td>\n        </tr>\n      \n        <tr>\n          <td>IDEA_INITIAL_DIRECTORY</td>\n          <td class="code"><pre>&#x27;D:\\\\PyCharm 2021.3.1\\\\bin&#x27;</pre></td>\n        </tr>\n      \n        <tr>\n          <td>IDE_PROJECT_ROOTS</td>\n          <td class="code"><pre>&#x27;E:/测试平台相关/api_automation_platfrom_v1.0&#x27;</pre></td>\n        </tr>\n      \n        <tr>\n          <td>IPYTHONENABLE</td>\n          <td class="code"><pre>&#x27;True&#x27;</pre></td>\n        </tr>\n      \n        <tr>\n          <td>JAVA_HOME</td>\n          <td class="code"><pre>&#x27;C:\\\\Program Files\\\\Java\\\\jdk1.8.0_161&#x27;</pre></td>\n        </tr>\n      \n        <tr>\n          <td>JMETER_HOME</td>\n          <td class="code"><pre>&#x27;D:\\\\apache-jmeter-4.0&#x27;</pre></td>\n        </tr>\n      \n        <tr>\n          <td>LIBRARY_ROOTS</td>\n          <td class="code"><pre>(&#x27;D:/python3.9.8/DLLs;D:/python3.9.8/Lib;D:/python3.9.8;C:/Users/17621/.virtualenvs/api_automation_platfrom_v1.0-mjY1grIv;C:/Users/17621/.virtualenvs/api_automation_platfrom_v1.0-mjY1grIv/Lib/site-packages;C:/Users/17621/AppData/Local/JetBrains/PyCharm2021.3/python_stubs/668457129;D:/PyCharm &#x27;\n &#x27;2021.3.1/plugins/python/helpers/python-skeletons;D:/PyCharm &#x27;\n &#x27;2021.3.1/plugins/python/helpers/typeshed/stdlib;D:/PyCharm &#x27;\n &#x27;2021.3.1/plugins/python/helpers/typeshed/stubs/six;D:/PyCharm &#x27;\n &#x27;2021.3.1/plugins/python/helpers/typeshed/stubs/boto;D:/PyCharm &#x27;\n &#x27;2021.3.1/plugins/python/helpers/typeshed/stubs/mock;D:/PyCharm &#x27;\n &#x27;2021.3.1/plugins/python/helpers/typeshed/stubs/pytz;D:/PyCharm &#x27;\n &#x27;2021.3.1/plugins/python/helpers/typeshed/stubs/toml;D:/PyCharm &#x27;\n &#x27;2021.3.1/plugins/python/helpers/typeshed/stubs/annoy;D:/PyCharm &#x27;\n &#x27;2021.3.1/plugins/python/helpers/typeshed/stubs/babel;D:/PyCharm &#x27;\n &#x27;2021.3.1/plugins/python/helpers/typeshed/stubs/click;D:/PyCharm &#x27;\n &#x27;2021.3.1/plugins/python/helpers/typeshed/stubs/emoji;D:/PyCharm &#x27;\n &#x27;2021.3.1/plugins/python/helpers/typeshed/stubs/first;D:/PyCharm &#x27;\n &#x27;2021.3.1/plugins/python/helpers/typeshed/stubs/polib;D:/PyCharm &#x27;\n &#x27;2021.3.1/plugins/python/helpers/typeshed/stubs/redis;D:/PyCharm &#x27;\n &#x27;2021.3.1/plugins/python/helpers/typeshed/stubs/retry;D:/PyCharm &#x27;\n &#x27;2021.3.1/plugins/python/helpers/typeshed/stubs/ujson;D:/PyCharm &#x27;\n &#x27;2021.3.1/plugins/python/helpers/typeshed/stubs/bleach;D:/PyCharm &#x27;\n &#x27;2021.3.1/plugins/python/helpers/typeshed/stubs/caldav;D:/PyCharm &#x27;\n &#x27;2021.3.1/plugins/python/helpers/typeshed/stubs/docopt;D:/PyCharm &#x27;\n &#x27;2021.3.1/plugins/python/helpers/typeshed/stubs/enum34;D:/PyCharm &#x27;\n &#x27;2021.3.1/plugins/python/helpers/typeshed/stubs/orjson;D:/PyCharm &#x27;\n &#x27;2021.3.1/plugins/python/helpers/typeshed/stubs/Pillow;D:/PyCharm &#x27;\n &#x27;2021.3.1/plugins/python/helpers/typeshed/stubs/psutil;D:/PyCharm &#x27;\n &#x27;2021.3.1/plugins/python/helpers/typeshed/stubs/pycurl;D:/PyCharm &#x27;\n &#x27;2021.3.1/plugins/python/helpers/typeshed/stubs/pysftp;D:/PyCharm &#x27;\n &#x27;2021.3.1/plugins/python/helpers/typeshed/stubs/PyYAML;D:/PyCharm &#x27;\n &#x27;2021.3.1/plugins/python/helpers/typeshed/stubs/stripe;D:/PyCharm &#x27;\n &#x27;2021.3.1/plugins/python/helpers/typeshed/stubs/xxhash;D:/PyCharm &#x27;\n &#x27;2021.3.1/plugins/python/helpers/typeshed/stubs/appdirs;D:/PyCharm &#x27;\n &#x27;2021.3.1/plugins/python/helpers/typeshed/stubs/certifi;D:/PyCharm &#x27;\n &#x27;2021.3.1/plugins/python/helpers/typeshed/stubs/chardet;D:/PyCharm &#x27;\n &#x27;2021.3.1/plugins/python/helpers/typeshed/stubs/futures;D:/PyCharm &#x27;\n &#x27;2021.3.1/plugins/python/helpers/typeshed/stubs/pyaudio;D:/PyCharm &#x27;\n &#x27;2021.3.1/plugins/python/helpers/typeshed/stubs/PyMySQL;D:/PyCharm &#x27;\n &#x27;2021.3.1/plugins/python/helpers/typeshed/stubs/pyvmomi;D:/PyCharm &#x27;\n &#x27;2021.3.1/plugins/python/helpers/typeshed/stubs/slumber;D:/PyCharm &#x27;\n &#x27;2021.3.1/plugins/python/helpers/typeshed/stubs/tzlocal;D:/PyCharm &#x27;\n &#x27;2021.3.1/plugins/python/helpers/typeshed/stubs/vobject;D:/PyCharm &#x27;\n &#x27;2021.3.1/plugins/python/helpers/typeshed/stubs/aiofiles;D:/PyCharm &#x27;\n &#x27;2021.3.1/plugins/python/helpers/typeshed/stubs/colorama;D:/PyCharm &#x27;\n &#x27;2021.3.1/plugins/python/helpers/typeshed/stubs/croniter;D:/PyCharm &#x27;\n &#x27;2021.3.1/plugins/python/helpers/typeshed/stubs/docutils;D:/PyCharm &#x27;\n &#x27;2021.3.1/plugins/python/helpers/typeshed/stubs/filelock;D:/PyCharm &#x27;\n &#x27;2021.3.1/plugins/python/helpers/typeshed/stubs/html5lib;D:/PyCharm &#x27;\n &#x27;2021.3.1/plugins/python/helpers/typeshed/stubs/httplib2;D:/PyCharm &#x27;\n &#x27;2021.3.1/plugins/python/helpers/typeshed/stubs/jmespath;D:/PyCharm &#x27;\n &#x27;2021.3.1/plugins/python/helpers/typeshed/stubs/Markdown;D:/PyCharm &#x27;\n &#x27;2021.3.1/plugins/python/helpers/typeshed/stubs/oauthlib;D:/PyCharm &#x27;\n &#x27;2021.3.1/plugins/python/helpers/typeshed/stubs/paramiko;D:/PyCharm &#x27;\n &#x27;2021.3.1/plugins/python/helpers/typeshed/stubs/psycopg2;D:/PyCharm &#x27;\n &#x27;2021.3.1/plugins/python/helpers/typeshed/stubs/Pygments;D:/PyCharm &#x27;\n &#x27;2021.3.1/plugins/python/helpers/typeshed/stubs/requests;D:/PyCharm &#x27;\n &#x27;2021.3.1/plugins/python/helpers/typeshed/stubs/selenium;D:/PyCharm &#x27;\n &#x27;2021.3.1/plugins/python/helpers/typeshed/stubs/tabulate;D:/PyCharm &#x27;\n &#x27;2021.3.1/plugins/python/helpers/typeshed/stubs/toposort;D:/PyCharm &#x27;\n &#x27;2021.3.1/plugins/python/helpers/typeshed/stubs/waitress;D:/PyCharm &#x27;\n &#x27;2021.3.1/plugins/python/helpers/typeshed/stubs/Werkzeug;D:/PyCharm &#x27;\n &#x27;2021.3.1/plugins/python/helpers/typeshed/stubs/braintree;D:/PyCharm &#x27;\n &#x27;2021.3.1/plugins/python/helpers/typeshed/stubs/decorator;D:/PyCharm &#x27;\n &#x27;2021.3.1/plugins/python/helpers/typeshed/stubs/freezegun;D:/PyCharm &#x27;\n &#x27;2021.3.1/plugins/python/helpers/typeshed/stubs/ipaddress;D:/PyCharm &#x27;\n &#x27;2021.3.1/plugins/python/helpers/typeshed/stubs/pyOpenSSL;D:/PyCharm &#x27;\n &#x27;2021.3.1/plugins/python/helpers/typeshed/stubs/pyRFC3339;D:/PyCharm &#x27;\n &#x27;2021.3.1/plugins/python/helpers/typeshed/stubs/termcolor;D:/PyCharm &#x27;\n &#x27;2021.3.1/plugins/python/helpers/typeshed/stubs/ttkthemes;D:/PyCharm &#x27;\n &#x27;2021.3.1/plugins/python/helpers/typeshed/stubs/typed-ast;D:/PyCharm &#x27;\n &#x27;2021.3.1/plugins/python/helpers/typeshed/stubs/cachetools;D:/PyCharm &#x27;\n &#x27;2021.3.1/plugins/python/helpers/typeshed/stubs/commonmark;D:/PyCharm &#x27;\n &#x27;2021.3.1/plugins/python/helpers/typeshed/stubs/dateparser;D:/PyCharm &#x27;\n &#x27;2021.3.1/plugins/python/helpers/typeshed/stubs/Deprecated;D:/PyCharm &#x27;\n &#x27;2021.3.1/plugins/python/helpers/typeshed/stubs/frozendict;D:/PyCharm &#x27;\n &#x27;2021.3.1/plugins/python/helpers/typeshed/stubs/jsonschema;D:/PyCharm &#x27;\n &#x27;2021.3.1/plugins/python/helpers/typeshed/stubs/MarkupSafe;D:/PyCharm &#x27;\n &#x27;2021.3.1/plugins/python/helpers/typeshed/stubs/pyfarmhash;D:/PyCharm &#x27;\n &#x27;2021.3.1/plugins/python/helpers/typeshed/stubs/Send2Trash;D:/PyCharm &#x27;\n &#x27;2021.3.1/plugins/python/helpers/typeshed/stubs/setuptools;D:/PyCharm &#x27;\n &#x27;2021.3.1/plugins/python/helpers/typeshed/stubs/simplejson;D:/PyCharm &#x27;\n &#x27;2021.3.1/plugins/python/helpers/typeshed/stubs/contextvars;D:/PyCharm &#x27;\n &#x27;2021.3.1/plugins/python/helpers/typeshed/stubs/dataclasses;D:/PyCharm &#x27;\n &#x27;2021.3.1/plugins/python/helpers/typeshed/stubs/entrypoints;D:/PyCharm &#x27;\n &#x27;2021.3.1/plugins/python/helpers/typeshed/stubs/JACK-Client;D:/PyCharm &#x27;\n &#x27;2021.3.1/plugins/python/helpers/typeshed/stubs/mysqlclient;D:/PyCharm &#x27;\n &#x27;2021.3.1/plugins/python/helpers/typeshed/stubs/prettytable;D:/PyCharm &#x27;\n &#x27;2021.3.1/plugins/python/helpers/typeshed/stubs/python-nmap;D:/PyCharm &#x27;\n &#x27;2021.3.1/plugins/python/helpers/typeshed/stubs/atomicwrites;D:/PyCharm &#x27;\n &#x27;2021.3.1/plugins/python/helpers/typeshed/stubs/aws-xray-sdk;D:/PyCharm &#x27;\n &#x27;2021.3.1/plugins/python/helpers/typeshed/stubs/cryptography;D:/PyCharm &#x27;\n &#x27;2021.3.1/plugins/python/helpers/typeshed/stubs/editdistance;D:/PyCharm &#x27;\n &#x27;2021.3.1/plugins/python/helpers/typeshed/stubs/itsdangerous;D:/PyCharm &#x27;\n &#x27;2021.3.1/plugins/python/helpers/typeshed/stubs/backports_abc;D:/PyCharm &#x27;\n &#x27;2021.3.1/plugins/python/helpers/typeshed/stubs/click-spinner;D:/PyCharm &#x27;\n &#x27;2021.3.1/plugins/python/helpers/typeshed/stubs/DateTimeRange;D:/PyCharm &#x27;\n &#x27;2021.3.1/plugins/python/helpers/typeshed/stubs/humanfriendly;D:/PyCharm &#x27;\n &#x27;2021.3.1/plugins/python/helpers/typeshed/stubs/python-gflags;D:/PyCharm &#x27;\n &#x27;2021.3.1/plugins/python/helpers/typeshed/stubs/beautifulsoup4;D:/PyCharm &#x27;\n &#x27;2021.3.1/plugins/python/helpers/typeshed/stubs/characteristic;D:/PyCharm &#x27;\n &#x27;2021.3.1/plugins/python/helpers/typeshed/stubs/python-slugify;D:/PyCharm &#x27;\n &#x27;2021.3.1/plugins/python/helpers/typeshed/stubs/singledispatch;D:/PyCharm &#x27;\n &#x27;2021.3.1/plugins/python/helpers/typeshed/stubs/mypy-extensions;D:/PyCharm &#x27;\n &#x27;2021.3.1/plugins/python/helpers/typeshed/stubs/python-dateutil;D:/PyCharm &#x27;\n &#x27;2021.3.1/plugins/python/helpers/typeshed/stubs/pytest-lazy-fixture;D:/PyCharm &#x27;\n &#x27;2021.3.1/plugins/python/helpers/typeshed/stubs/backports.ssl_match_hostname&#x27;)</pre></td>\n        </tr>\n      \n        <tr>\n          <td>LOCALAPPDATA</td>\n          <td class="code"><pre>&#x27;C:\\\\Users\\\\17621\\\\AppData\\\\Local&#x27;</pre></td>\n        </tr>\n      \n        <tr>\n          <td>LOGONSERVER</td>\n          <td class="code"><pre>&#x27;\\\\\\\\DESKTOP-RH0HDLB&#x27;</pre></td>\n        </tr>\n      \n        <tr>\n          <td>NUMBER_OF_PROCESSORS</td>\n          <td class="code"><pre>&#x27;8&#x27;</pre></td>\n        </tr>\n      \n        <tr>\n          <td>ONEDRIVE</td>\n          <td class="code"><pre>&#x27;C:\\\\Users\\\\17621\\\\OneDrive&#x27;</pre></td>\n        </tr>\n      \n        <tr>\n          <td>OS</td>\n          <td class="code"><pre>&#x27;Windows_NT&#x27;</pre></td>\n        </tr>\n      \n        <tr>\n          <td>PATH</td>\n          <td class="code"><pre>(&#x27;C:\\\\Users\\\\17621\\\\.virtualenvs\\\\api_automation_platfrom_v1.0-mjY1grIv\\\\Scripts;C:\\\\ProgramData\\\\Oracle\\\\Java\\\\javapath;C:\\\\Windows\\\\system32;C:\\\\Windows;C:\\\\Windows\\\\System32\\\\Wbem;C:\\\\Windows\\\\System32\\\\WindowsPowerShell\\\\v1.0\\\\;C:\\\\Windows\\\\System32\\\\OpenSSH\\\\;C:\\\\Program &#x27;\n &#x27;Files (x86)\\\\NVIDIA Corporation\\\\PhysX\\\\Common;C:\\\\Program Files\\\\NVIDIA &#x27;\n &#x27;Corporation\\\\NVIDIA &#x27;\n &#x27;NvDLISR;C:\\\\WINDOWS\\\\system32;C:\\\\WINDOWS;C:\\\\WINDOWS\\\\System32\\\\Wbem;C:\\\\WINDOWS\\\\System32\\\\WindowsPowerShell\\\\v1.0\\\\;C:\\\\WINDOWS\\\\System32\\\\OpenSSH\\\\;D:\\\\Program &#x27;\n &#x27;Files\\\\Git\\\\cmd;C:\\\\Program Files\\\\Java\\\\jdk1.8.0_161\\\\bin;C:\\\\Program &#x27;\n &#x27;Files\\\\Java\\\\jdk1.8.0_161\\\\jre\\\\bin;D:\\\\apache-jmeter-5.4.1\\\\apache-jmeter-5.4.1\\\\bin;D:\\\\apache-jmeter-4.0\\\\bin;D:\\\\迅雷下载\\\\bin;D:\\\\selenium_script\\\\allure-2.13.9\\\\bin;D:\\\\Program &#x27;\n &#x27;Files (x86)\\\\Mozilla Firefox;D:\\\\Program &#x27;\n &#x27;Files\\\\Git\\\\cmd\\\\git.exe;C:\\\\Users\\\\17621\\\\AppData\\\\Local\\\\Android\\\\Sdk\\\\build-tools\\\\31.0.0;C:\\\\Users\\\\17621\\\\AppData\\\\Local\\\\Android\\\\Sdk\\\\platform-tools;C:\\\\Users\\\\17621\\\\AppData\\\\Local\\\\Android\\\\Sdk\\\\tools;C:\\\\Users\\\\17621\\\\AppData\\\\Local\\\\Android\\\\Sdk;D:\\\\python3.9.8\\\\Scripts;D:\\\\python3.9.8;D:\\\\Program &#x27;\n &#x27;Files\\\\scrcpy-win64-v1.21;D:\\\\Program Files\\\\Node;D:\\\\Program &#x27;\n &#x27;Files\\\\Node\\\\node_modules\\\\node_global;D:\\\\allure-commandline-2.13.0\\\\allure-commandline-2.13.0\\\\package\\\\dist\\\\bin;D:\\\\python3.9.8\\\\Lib\\\\hrp-v4.0.0-windows-amd64.tar;D:\\\\Program &#x27;\n &#x27;Files\\\\Node\\\\node_modules\\\\node_cache;D:\\\\Redis-x64-5.0.14.1;D:\\\\python3.9.8\\\\Scripts;D:\\\\python3.9.8;D:\\\\Scripts\\\\;D:\\\\;C:\\\\Users\\\\17621\\\\AppData\\\\Local\\\\Microsoft\\\\WindowsApps;D:\\\\Program &#x27;\n &#x27;Files\\\\JetBrains\\\\PyCharm &#x27;\n &#x27;2020.1\\\\bin;C:\\\\Users\\\\17621\\\\AppData\\\\Local\\\\Microsoft\\\\WindowsApps;D:\\\\Program &#x27;\n &#x27;Files\\\\Microsoft VS &#x27;\n &#x27;Code\\\\bin;C:\\\\Users\\\\17621\\\\AppData\\\\Roaming\\\\npm;D:\\\\Program &#x27;\n &#x27;Files\\\\Fiddler;;C:\\\\Program Files\\\\JetBrains\\\\PyCharm 2021.3.3\\\\bin;&#x27;)</pre></td>\n        </tr>\n      \n        <tr>\n          <td>PATHEXT</td>\n          <td class="code"><pre>&#x27;.COM;.EXE;.BAT;.CMD;.VBS;.VBE;.JS;.JSE;.WSF;.WSH;.MSC&#x27;</pre></td>\n        </tr>\n      \n        <tr>\n          <td>PATH_INFO</td>\n          <td class="code"><pre>&#x27;/getCaseTotal&#x27;</pre></td>\n        </tr>\n      \n        <tr>\n          <td>PROCESSOR_ARCHITECTURE</td>\n          <td class="code"><pre>&#x27;AMD64&#x27;</pre></td>\n        </tr>\n      \n        <tr>\n          <td>PROCESSOR_IDENTIFIER</td>\n          <td class="code"><pre>&#x27;Intel64 Family 6 Model 142 Stepping 12, GenuineIntel&#x27;</pre></td>\n        </tr>\n      \n        <tr>\n          <td>PROCESSOR_LEVEL</td>\n          <td class="code"><pre>&#x27;6&#x27;</pre></td>\n        </tr>\n      \n        <tr>\n          <td>PROCESSOR_REVISION</td>\n          <td class="code"><pre>&#x27;8e0c&#x27;</pre></td>\n        </tr>\n      \n        <tr>\n          <td>PROGRAMDATA</td>\n          <td class="code"><pre>&#x27;C:\\\\ProgramData&#x27;</pre></td>\n        </tr>\n      \n        <tr>\n          <td>PROGRAMFILES</td>\n          <td class="code"><pre>&#x27;C:\\\\Program Files&#x27;</pre></td>\n        </tr>\n      \n        <tr>\n          <td>PROGRAMFILES(X86)</td>\n          <td class="code"><pre>&#x27;C:\\\\Program Files (x86)&#x27;</pre></td>\n        </tr>\n      \n        <tr>\n          <td>PROGRAMW6432</td>\n          <td class="code"><pre>&#x27;C:\\\\Program Files&#x27;</pre></td>\n        </tr>\n      \n        <tr>\n          <td>PROMPT</td>\n          <td class="code"><pre>&#x27;(api_automation_platfrom_v1.0) $P$G&#x27;</pre></td>\n        </tr>\n      \n        <tr>\n          <td>PSMODULEPATH</td>\n          <td class="code"><pre>(&#x27;C:\\\\Program &#x27;\n &#x27;Files\\\\WindowsPowerShell\\\\Modules;C:\\\\WINDOWS\\\\system32\\\\WindowsPowerShell\\\\v1.0\\\\Modules&#x27;)</pre></td>\n        </tr>\n      \n        <tr>\n          <td>PUBLIC</td>\n          <td class="code"><pre>&#x27;C:\\\\Users\\\\Public&#x27;</pre></td>\n        </tr>\n      \n        <tr>\n          <td>PYCHARM</td>\n          <td class="code"><pre>&#x27;C:\\\\Program Files\\\\JetBrains\\\\PyCharm 2021.3.3\\\\bin;&#x27;</pre></td>\n        </tr>\n      \n        <tr>\n          <td>PYCHARM_DISPLAY_PORT</td>\n          <td class="code"><pre>&#x27;63342&#x27;</pre></td>\n        </tr>\n      \n        <tr>\n          <td>PYCHARM_HOSTED</td>\n          <td class="code"><pre>&#x27;1&#x27;</pre></td>\n        </tr>\n      \n        <tr>\n          <td>PYDEVD_LOAD_VALUES_ASYNC</td>\n          <td class="code"><pre>&#x27;True&#x27;</pre></td>\n        </tr>\n      \n        <tr>\n          <td>PYTHONDONTWRITEBYTECODE</td>\n          <td class="code"><pre>&#x27;1&#x27;</pre></td>\n        </tr>\n      \n        <tr>\n          <td>PYTHONIOENCODING</td>\n          <td class="code"><pre>&#x27;UTF-8&#x27;</pre></td>\n        </tr>\n      \n        <tr>\n          <td>PYTHONPATH</td>\n          <td class="code"><pre>(&#x27;E:\\\\测试平台相关\\\\api_automation_platfrom_v1.0;E:\\\\测试平台相关\\\\api_automation_platfrom_v1.0\\\\apps;D:\\\\PyCharm &#x27;\n &#x27;2021.3.1\\\\plugins\\\\python\\\\helpers\\\\pycharm_matplotlib_backend;D:\\\\PyCharm &#x27;\n &#x27;2021.3.1\\\\plugins\\\\python\\\\helpers\\\\pycharm_display;D:\\\\PyCharm &#x27;\n &#x27;2021.3.1\\\\plugins\\\\python\\\\helpers\\\\third_party\\\\thriftpy;D:\\\\PyCharm &#x27;\n &#x27;2021.3.1\\\\plugins\\\\python\\\\helpers\\\\pydev;C:\\\\Users\\\\17621\\\\AppData\\\\Local\\\\JetBrains\\\\PyCharm2021.3\\\\cythonExtensions;E:/测试平台相关/api_automation_platfrom_v1.0&#x27;)</pre></td>\n        </tr>\n      \n        <tr>\n          <td>PYTHONUNBUFFERED</td>\n          <td class="code"><pre>&#x27;1&#x27;</pre></td>\n        </tr>\n      \n        <tr>\n          <td>QUERY_STRING</td>\n          <td class="code"><pre>&#x27;&#x27;</pre></td>\n        </tr>\n      \n        <tr>\n          <td>REMOTE_ADDR</td>\n          <td class="code"><pre>&#x27;127.0.0.1&#x27;</pre></td>\n        </tr>\n      \n        <tr>\n          <td>REMOTE_HOST</td>\n          <td class="code"><pre>&#x27;&#x27;</pre></td>\n        </tr>\n      \n        <tr>\n          <td>REQUEST_METHOD</td>\n          <td class="code"><pre>&#x27;GET&#x27;</pre></td>\n        </tr>\n      \n        <tr>\n          <td>RUN_MAIN</td>\n          <td class="code"><pre>&#x27;true&#x27;</pre></td>\n        </tr>\n      \n        <tr>\n          <td>SCRIPT_NAME</td>\n          <td class="code"><pre>&#x27;&#x27;</pre></td>\n        </tr>\n      \n        <tr>\n          <td>SERVER_NAME</td>\n          <td class="code"><pre>&#x27;DESKTOP-RH0HDLB&#x27;</pre></td>\n        </tr>\n      \n        <tr>\n          <td>SERVER_PORT</td>\n          <td class="code"><pre>&#x27;8000&#x27;</pre></td>\n        </tr>\n      \n        <tr>\n          <td>SERVER_PROTOCOL</td>\n          <td class="code"><pre>&#x27;HTTP/1.1&#x27;</pre></td>\n        </tr>\n      \n        <tr>\n          <td>SERVER_SOFTWARE</td>\n          <td class="code"><pre>&#x27;WSGIServer/0.2&#x27;</pre></td>\n        </tr>\n      \n        <tr>\n          <td>SESSIONNAME</td>\n          <td class="code"><pre>&#x27;Console&#x27;</pre></td>\n        </tr>\n      \n        <tr>\n          <td>SYSTEMDRIVE</td>\n          <td class="code"><pre>&#x27;C:&#x27;</pre></td>\n        </tr>\n      \n        <tr>\n          <td>SYSTEMROOT</td>\n          <td class="code"><pre>&#x27;C:\\\\WINDOWS&#x27;</pre></td>\n        </tr>\n      \n        <tr>\n          <td>TEMP</td>\n          <td class="code"><pre>&#x27;C:\\\\Users\\\\17621\\\\AppData\\\\Local\\\\Temp&#x27;</pre></td>\n        </tr>\n      \n        <tr>\n          <td>TMP</td>\n          <td class="code"><pre>&#x27;C:\\\\Users\\\\17621\\\\AppData\\\\Local\\\\Temp&#x27;</pre></td>\n        </tr>\n      \n        <tr>\n          <td>USERDOMAIN</td>\n          <td class="code"><pre>&#x27;DESKTOP-RH0HDLB&#x27;</pre></td>\n        </tr>\n      \n        <tr>\n          <td>USERDOMAIN_ROAMINGPROFILE</td>\n          <td class="code"><pre>&#x27;DESKTOP-RH0HDLB&#x27;</pre></td>\n        </tr>\n      \n        <tr>\n          <td>USERNAME</td>\n          <td class="code"><pre>&#x27;17621&#x27;</pre></td>\n        </tr>\n      \n        <tr>\n          <td>USERPROFILE</td>\n          <td class="code"><pre>&#x27;C:\\\\Users\\\\17621&#x27;</pre></td>\n        </tr>\n      \n        <tr>\n          <td>VIRTUAL_ENV</td>\n          <td class="code"><pre>&#x27;C:\\\\Users\\\\17621\\\\.virtualenvs\\\\api_automation_platfrom_v1.0-mjY1grIv&#x27;</pre></td>\n        </tr>\n      \n        <tr>\n          <td>WINDIR</td>\n          <td class="code"><pre>&#x27;C:\\\\WINDOWS&#x27;</pre></td>\n        </tr>\n      \n        <tr>\n          <td>_OLD_VIRTUAL_PATH</td>\n          <td class="code"><pre>(&#x27;C:\\\\ProgramData\\\\Oracle\\\\Java\\\\javapath;C:\\\\Windows\\\\system32;C:\\\\Windows;C:\\\\Windows\\\\System32\\\\Wbem;C:\\\\Windows\\\\System32\\\\WindowsPowerShell\\\\v1.0\\\\;C:\\\\Windows\\\\System32\\\\OpenSSH\\\\;C:\\\\Program &#x27;\n &#x27;Files (x86)\\\\NVIDIA Corporation\\\\PhysX\\\\Common;C:\\\\Program Files\\\\NVIDIA &#x27;\n &#x27;Corporation\\\\NVIDIA &#x27;\n &#x27;NvDLISR;C:\\\\WINDOWS\\\\system32;C:\\\\WINDOWS;C:\\\\WINDOWS\\\\System32\\\\Wbem;C:\\\\WINDOWS\\\\System32\\\\WindowsPowerShell\\\\v1.0\\\\;C:\\\\WINDOWS\\\\System32\\\\OpenSSH\\\\;D:\\\\Program &#x27;\n &#x27;Files\\\\Git\\\\cmd;C:\\\\Program Files\\\\Java\\\\jdk1.8.0_161\\\\bin;C:\\\\Program &#x27;\n &#x27;Files\\\\Java\\\\jdk1.8.0_161\\\\jre\\\\bin;D:\\\\apache-jmeter-5.4.1\\\\apache-jmeter-5.4.1\\\\bin;D:\\\\apache-jmeter-4.0\\\\bin;D:\\\\迅雷下载\\\\bin;D:\\\\selenium_script\\\\allure-2.13.9\\\\bin;D:\\\\Program &#x27;\n &#x27;Files (x86)\\\\Mozilla Firefox;D:\\\\Program &#x27;\n &#x27;Files\\\\Git\\\\cmd\\\\git.exe;C:\\\\Users\\\\17621\\\\AppData\\\\Local\\\\Android\\\\Sdk\\\\build-tools\\\\31.0.0;C:\\\\Users\\\\17621\\\\AppData\\\\Local\\\\Android\\\\Sdk\\\\platform-tools;C:\\\\Users\\\\17621\\\\AppData\\\\Local\\\\Android\\\\Sdk\\\\tools;C:\\\\Users\\\\17621\\\\AppData\\\\Local\\\\Android\\\\Sdk;D:\\\\python3.9.8\\\\Scripts;D:\\\\python3.9.8;D:\\\\Program &#x27;\n &#x27;Files\\\\scrcpy-win64-v1.21;D:\\\\Program Files\\\\Node;D:\\\\Program &#x27;\n &#x27;Files\\\\Node\\\\node_modules\\\\node_global;D:\\\\allure-commandline-2.13.0\\\\allure-commandline-2.13.0\\\\package\\\\dist\\\\bin;D:\\\\python3.9.8\\\\Lib\\\\hrp-v4.0.0-windows-amd64.tar;D:\\\\Program &#x27;\n &#x27;Files\\\\Node\\\\node_modules\\\\node_cache;D:\\\\Redis-x64-5.0.14.1;D:\\\\python3.9.8\\\\Scripts;D:\\\\python3.9.8;D:\\\\Scripts\\\\;D:\\\\;C:\\\\Users\\\\17621\\\\AppData\\\\Local\\\\Microsoft\\\\WindowsApps;D:\\\\Program &#x27;\n &#x27;Files\\\\JetBrains\\\\PyCharm &#x27;\n &#x27;2020.1\\\\bin;C:\\\\Users\\\\17621\\\\AppData\\\\Local\\\\Microsoft\\\\WindowsApps;D:\\\\Program &#x27;\n &#x27;Files\\\\Microsoft VS &#x27;\n &#x27;Code\\\\bin;C:\\\\Users\\\\17621\\\\AppData\\\\Roaming\\\\npm;D:\\\\Program &#x27;\n &#x27;Files\\\\Fiddler;;C:\\\\Program Files\\\\JetBrains\\\\PyCharm 2021.3.3\\\\bin;&#x27;)</pre></td>\n        </tr>\n      \n        <tr>\n          <td>_OLD_VIRTUAL_PROMPT</td>\n          <td class="code"><pre>&#x27;$P$G&#x27;</pre></td>\n        </tr>\n      \n        <tr>\n          <td>wsgi.errors</td>\n          <td class="code"><pre>&lt;_io.TextIOWrapper name=&#x27;&lt;stderr&gt;&#x27; mode=&#x27;w&#x27; encoding=&#x27;utf-8&#x27;&gt;</pre></td>\n        </tr>\n      \n        <tr>\n          <td>wsgi.file_wrapper</td>\n          <td class="code"><pre>&lt;class &#x27;wsgiref.util.FileWrapper&#x27;&gt;</pre></td>\n        </tr>\n      \n        <tr>\n          <td>wsgi.input</td>\n          <td class="code"><pre>&lt;django.core.handlers.wsgi.LimitedStream object at 0x0000018D204CE0D0&gt;</pre></td>\n        </tr>\n      \n        <tr>\n          <td>wsgi.multiprocess</td>\n          <td class="code"><pre>False</pre></td>\n        </tr>\n      \n        <tr>\n          <td>wsgi.multithread</td>\n          <td class="code"><pre>True</pre></td>\n        </tr>\n      \n        <tr>\n          <td>wsgi.run_once</td>\n          <td class="code"><pre>False</pre></td>\n        </tr>\n      \n        <tr>\n          <td>wsgi.url_scheme</td>\n          <td class="code"><pre>&#x27;http&#x27;</pre></td>\n        </tr>\n      \n        <tr>\n          <td>wsgi.version</td>\n          <td class="code"><pre>(1, 0)</pre></td>\n        </tr>\n      \n    </tbody>\n  </table>\n\n\n  <h3 id="settings-info">Settings</h3>\n  <h4>Using settings module <code>gm_api_automation.settings</code></h4>\n  <table class="req">\n    <thead>\n      <tr>\n        <th>Setting</th>\n        <th>Value</th>\n      </tr>\n    </thead>\n    <tbody>\n      \n        <tr>\n          <td>ABSOLUTE_URL_OVERRIDES</td>\n          <td class="code"><pre>{}</pre></td>\n        </tr>\n      \n        <tr>\n          <td>ADMINS</td>\n          <td class="code"><pre>[]</pre></td>\n        </tr>\n      \n        <tr>\n          <td>ALLOWED_HOSTS</td>\n          <td class="code"><pre>[&#x27;*&#x27;]</pre></td>\n        </tr>\n      \n        <tr>\n          <td>APPEND_SLASH</td>\n          <td class="code"><pre>True</pre></td>\n        </tr>\n      \n        <tr>\n          <td>AUTHENTICATION_BACKENDS</td>\n          <td class="code"><pre>[&#x27;django.contrib.auth.backends.ModelBackend&#x27;]</pre></td>\n        </tr>\n      \n        <tr>\n          <td>AUTH_PASSWORD_VALIDATORS</td>\n          <td class="code"><pre>&#x27;********************&#x27;</pre></td>\n        </tr>\n      \n        <tr>\n          <td>AUTH_USER_MODEL</td>\n          <td class="code"><pre>&#x27;auth.User&#x27;</pre></td>\n        </tr>\n      \n        <tr>\n          <td>BASE_DIR</td>\n          <td class="code"><pre>WindowsPath(&#x27;E:/测试平台相关/api_automation_platfrom_v1.0&#x27;)</pre></td>\n        </tr>\n      \n        <tr>\n          <td>CACHES</td>\n          <td class="code"><pre>{&#x27;default&#x27;: {&#x27;BACKEND&#x27;: &#x27;django.core.cache.backends.locmem.LocMemCache&#x27;}}</pre></td>\n        </tr>\n      \n        <tr>\n          <td>CACHE_MIDDLEWARE_ALIAS</td>\n          <td class="code"><pre>&#x27;default&#x27;</pre></td>\n        </tr>\n      \n        <tr>\n          <td>CACHE_MIDDLEWARE_KEY_PREFIX</td>\n          <td class="code"><pre>&#x27;********************&#x27;</pre></td>\n        </tr>\n      \n        <tr>\n          <td>CACHE_MIDDLEWARE_SECONDS</td>\n          <td class="code"><pre>600</pre></td>\n        </tr>\n      \n        <tr>\n          <td>CSRF_COOKIE_AGE</td>\n          <td class="code"><pre>31449600</pre></td>\n        </tr>\n      \n        <tr>\n          <td>CSRF_COOKIE_DOMAIN</td>\n          <td class="code"><pre>None</pre></td>\n        </tr>\n      \n        <tr>\n          <td>CSRF_COOKIE_HTTPONLY</td>\n          <td class="code"><pre>False</pre></td>\n        </tr>\n      \n        <tr>\n          <td>CSRF_COOKIE_NAME</td>\n          <td class="code"><pre>&#x27;csrftoken&#x27;</pre></td>\n        </tr>\n      \n        <tr>\n          <td>CSRF_COOKIE_PATH</td>\n          <td class="code"><pre>&#x27;/&#x27;</pre></td>\n        </tr>\n      \n        <tr>\n          <td>CSRF_COOKIE_SAMESITE</td>\n          <td class="code"><pre>&#x27;Lax&#x27;</pre></td>\n        </tr>\n      \n        <tr>\n          <td>CSRF_COOKIE_SECURE</td>\n          <td class="code"><pre>False</pre></td>\n        </tr>\n      \n        <tr>\n          <td>CSRF_FAILURE_VIEW</td>\n          <td class="code"><pre>&#x27;django.views.csrf.csrf_failure&#x27;</pre></td>\n        </tr>\n      \n        <tr>\n          <td>CSRF_HEADER_NAME</td>\n          <td class="code"><pre>&#x27;HTTP_X_CSRFTOKEN&#x27;</pre></td>\n        </tr>\n      \n        <tr>\n          <td>CSRF_TRUSTED_ORIGINS</td>\n          <td class="code"><pre>[]</pre></td>\n        </tr>\n      \n        <tr>\n          <td>CSRF_USE_SESSIONS</td>\n          <td class="code"><pre>False</pre></td>\n        </tr>\n      \n        <tr>\n          <td>DATABASES</td>\n          <td class="code"><pre>{&#x27;default&#x27;: {&#x27;ATOMIC_REQUESTS&#x27;: False,\n             &#x27;AUTOCOMMIT&#x27;: True,\n             &#x27;CONN_MAX_AGE&#x27;: 0,\n             &#x27;ENGINE&#x27;: &#x27;django.db.backends.mysql&#x27;,\n             &#x27;HOST&#x27;: &#x27;101.43.117.184&#x27;,\n             &#x27;NAME&#x27;: &#x27;api_automation&#x27;,\n             &#x27;OPTIONS&#x27;: {},\n             &#x27;PASSWORD&#x27;: &#x27;********************&#x27;,\n             &#x27;PORT&#x27;: &#x27;3306&#x27;,\n             &#x27;TEST&#x27;: {&#x27;CHARSET&#x27;: None,\n                      &#x27;COLLATION&#x27;: None,\n                      &#x27;MIGRATE&#x27;: True,\n                      &#x27;MIRROR&#x27;: None,\n                      &#x27;NAME&#x27;: None},\n             &#x27;TIME_ZONE&#x27;: None,\n             &#x27;USER&#x27;: &#x27;admin&#x27;}}</pre></td>\n        </tr>\n      \n        <tr>\n          <td>DATABASE_ROUTERS</td>\n          <td class="code"><pre>[]</pre></td>\n        </tr>\n      \n        <tr>\n          <td>DATA_UPLOAD_MAX_MEMORY_SIZE</td>\n          <td class="code"><pre>2621440</pre></td>\n        </tr>\n      \n        <tr>\n          <td>DATA_UPLOAD_MAX_NUMBER_FIELDS</td>\n          <td class="code"><pre>1000</pre></td>\n        </tr>\n      \n        <tr>\n          <td>DATETIME_FORMAT</td>\n          <td class="code"><pre>&#x27;N j, Y, P&#x27;</pre></td>\n        </tr>\n      \n        <tr>\n          <td>DATETIME_INPUT_FORMATS</td>\n          <td class="code"><pre>[&#x27;%Y-%m-%d %H:%M:%S&#x27;,\n &#x27;%Y-%m-%d %H:%M:%S.%f&#x27;,\n &#x27;%Y-%m-%d %H:%M&#x27;,\n &#x27;%m/%d/%Y %H:%M:%S&#x27;,\n &#x27;%m/%d/%Y %H:%M:%S.%f&#x27;,\n &#x27;%m/%d/%Y %H:%M&#x27;,\n &#x27;%m/%d/%y %H:%M:%S&#x27;,\n &#x27;%m/%d/%y %H:%M:%S.%f&#x27;,\n &#x27;%m/%d/%y %H:%M&#x27;]</pre></td>\n        </tr>\n      \n        <tr>\n          <td>DATE_FORMAT</td>\n          <td class="code"><pre>&#x27;N j, Y&#x27;</pre></td>\n        </tr>\n      \n        <tr>\n          <td>DATE_INPUT_FORMATS</td>\n          <td class="code"><pre>[&#x27;%Y-%m-%d&#x27;,\n &#x27;%m/%d/%Y&#x27;,\n &#x27;%m/%d/%y&#x27;,\n &#x27;%b %d %Y&#x27;,\n &#x27;%b %d, %Y&#x27;,\n &#x27;%d %b %Y&#x27;,\n &#x27;%d %b, %Y&#x27;,\n &#x27;%B %d %Y&#x27;,\n &#x27;%B %d, %Y&#x27;,\n &#x27;%d %B %Y&#x27;,\n &#x27;%d %B, %Y&#x27;]</pre></td>\n        </tr>\n      \n        <tr>\n          <td>DEBUG</td>\n          <td class="code"><pre>True</pre></td>\n        </tr>\n      \n        <tr>\n          <td>DEBUG_PROPAGATE_EXCEPTIONS</td>\n          <td class="code"><pre>False</pre></td>\n        </tr>\n      \n        <tr>\n          <td>DECIMAL_SEPARATOR</td>\n          <td class="code"><pre>&#x27;.&#x27;</pre></td>\n        </tr>\n      \n        <tr>\n          <td>DEFAULT_AUTO_FIELD</td>\n          <td class="code"><pre>&#x27;django.db.models.BigAutoField&#x27;</pre></td>\n        </tr>\n      \n        <tr>\n          <td>DEFAULT_CHARSET</td>\n          <td class="code"><pre>&#x27;utf-8&#x27;</pre></td>\n        </tr>\n      \n        <tr>\n          <td>DEFAULT_EXCEPTION_REPORTER</td>\n          <td class="code"><pre>&#x27;django.views.debug.ExceptionReporter&#x27;</pre></td>\n        </tr>\n      \n        <tr>\n          <td>DEFAULT_EXCEPTION_REPORTER_FILTER</td>\n          <td class="code"><pre>&#x27;django.views.debug.SafeExceptionReporterFilter&#x27;</pre></td>\n        </tr>\n      \n        <tr>\n          <td>DEFAULT_FILE_STORAGE</td>\n          <td class="code"><pre>&#x27;django.core.files.storage.FileSystemStorage&#x27;</pre></td>\n        </tr>\n      \n        <tr>\n          <td>DEFAULT_FROM_EMAIL</td>\n          <td class="code"><pre>&#x27;webmaster@localhost&#x27;</pre></td>\n        </tr>\n      \n        <tr>\n          <td>DEFAULT_HASHING_ALGORITHM</td>\n          <td class="code"><pre>&#x27;sha256&#x27;</pre></td>\n        </tr>\n      \n        <tr>\n          <td>DEFAULT_INDEX_TABLESPACE</td>\n          <td class="code"><pre>&#x27;&#x27;</pre></td>\n        </tr>\n      \n        <tr>\n          <td>DEFAULT_TABLESPACE</td>\n          <td class="code"><pre>&#x27;&#x27;</pre></td>\n        </tr>\n      \n        <tr>\n          <td>DISALLOWED_USER_AGENTS</td>\n          <td class="code"><pre>[]</pre></td>\n        </tr>\n      \n        <tr>\n          <td>EMAIL_BACKEND</td>\n          <td class="code"><pre>&#x27;django.core.mail.backends.smtp.EmailBackend&#x27;</pre></td>\n        </tr>\n      \n        <tr>\n          <td>EMAIL_HOST</td>\n          <td class="code"><pre>&#x27;localhost&#x27;</pre></td>\n        </tr>\n      \n        <tr>\n          <td>EMAIL_HOST_PASSWORD</td>\n          <td class="code"><pre>&#x27;********************&#x27;</pre></td>\n        </tr>\n      \n        <tr>\n          <td>EMAIL_HOST_USER</td>\n          <td class="code"><pre>&#x27;&#x27;</pre></td>\n        </tr>\n      \n        <tr>\n          <td>EMAIL_PORT</td>\n          <td class="code"><pre>25</pre></td>\n        </tr>\n      \n        <tr>\n          <td>EMAIL_SSL_CERTFILE</td>\n          <td class="code"><pre>None</pre></td>\n        </tr>\n      \n        <tr>\n          <td>EMAIL_SSL_KEYFILE</td>\n          <td class="code"><pre>&#x27;********************&#x27;</pre></td>\n        </tr>\n      \n        <tr>\n          <td>EMAIL_SUBJECT_PREFIX</td>\n          <td class="code"><pre>&#x27;[Django] &#x27;</pre></td>\n        </tr>\n      \n        <tr>\n          <td>EMAIL_TIMEOUT</td>\n          <td class="code"><pre>None</pre></td>\n        </tr>\n      \n        <tr>\n          <td>EMAIL_USE_LOCALTIME</td>\n          <td class="code"><pre>False</pre></td>\n        </tr>\n      \n        <tr>\n          <td>EMAIL_USE_SSL</td>\n          <td class="code"><pre>False</pre></td>\n        </tr>\n      \n        <tr>\n          <td>EMAIL_USE_TLS</td>\n          <td class="code"><pre>False</pre></td>\n        </tr>\n      \n        <tr>\n          <td>FILE_UPLOAD_DIRECTORY_PERMISSIONS</td>\n          <td class="code"><pre>None</pre></td>\n        </tr>\n      \n        <tr>\n          <td>FILE_UPLOAD_HANDLERS</td>\n          <td class="code"><pre>[&#x27;django.core.files.uploadhandler.MemoryFileUploadHandler&#x27;,\n &#x27;django.core.files.uploadhandler.TemporaryFileUploadHandler&#x27;]</pre></td>\n        </tr>\n      \n        <tr>\n          <td>FILE_UPLOAD_MAX_MEMORY_SIZE</td>\n          <td class="code"><pre>2621440</pre></td>\n        </tr>\n      \n        <tr>\n          <td>FILE_UPLOAD_PERMISSIONS</td>\n          <td class="code"><pre>420</pre></td>\n        </tr>\n      \n        <tr>\n          <td>FILE_UPLOAD_TEMP_DIR</td>\n          <td class="code"><pre>None</pre></td>\n        </tr>\n      \n        <tr>\n          <td>FIRST_DAY_OF_WEEK</td>\n          <td class="code"><pre>0</pre></td>\n        </tr>\n      \n        <tr>\n          <td>FIXTURE_DIRS</td>\n          <td class="code"><pre>[]</pre></td>\n        </tr>\n      \n        <tr>\n          <td>FORCE_SCRIPT_NAME</td>\n          <td class="code"><pre>None</pre></td>\n        </tr>\n      \n        <tr>\n          <td>FORMAT_MODULE_PATH</td>\n          <td class="code"><pre>None</pre></td>\n        </tr>\n      \n        <tr>\n          <td>FORM_RENDERER</td>\n          <td class="code"><pre>&#x27;django.forms.renderers.DjangoTemplates&#x27;</pre></td>\n        </tr>\n      \n        <tr>\n          <td>IGNORABLE_404_URLS</td>\n          <td class="code"><pre>[]</pre></td>\n        </tr>\n      \n        <tr>\n          <td>INSTALLED_APPS</td>\n          <td class="code"><pre>[&#x27;django.contrib.admin&#x27;,\n &#x27;django.contrib.auth&#x27;,\n &#x27;django.contrib.contenttypes&#x27;,\n &#x27;django.contrib.sessions&#x27;,\n &#x27;django.contrib.messages&#x27;,\n &#x27;django.contrib.staticfiles&#x27;,\n &#x27;rest_framework&#x27;,\n &#x27;django_filters&#x27;,\n &#x27;Projects&#x27;,\n &#x27;Users&#x27;,\n &#x27;Interfaces&#x27;,\n &#x27;drf_yasg&#x27;,\n &#x27;TestCasesDiretorys&#x27;,\n &#x27;Configs&#x27;,\n &#x27;Executed&#x27;,\n &#x27;TestSuit&#x27;]</pre></td>\n        </tr>\n      \n        <tr>\n          <td>INTERNAL_IPS</td>\n          <td class="code"><pre>[]</pre></td>\n        </tr>\n      \n        <tr>\n          <td>JWT_AUTH</td>\n          <td class="code"><pre>{&#x27;JWT_AUTH_HEADER_PREFIX&#x27;: &#x27;Bearer&#x27;,\n &#x27;JWT_EXPIRATION_DELTA&#x27;: datetime.timedelta(days=30),\n &#x27;JWT_RESPONSE_PAYLOAD_HANDLER&#x27;: &#x27;gm_api_automation.Utils.jwt_response.jwt_response_payload_handler&#x27;}</pre></td>\n        </tr>\n      \n        <tr>\n          <td>LANGUAGES</td>\n          <td class="code"><pre>[(&#x27;af&#x27;, &#x27;Afrikaans&#x27;),\n (&#x27;ar&#x27;, &#x27;Arabic&#x27;),\n (&#x27;ar-dz&#x27;, &#x27;Algerian Arabic&#x27;),\n (&#x27;ast&#x27;, &#x27;Asturian&#x27;),\n (&#x27;az&#x27;, &#x27;Azerbaijani&#x27;),\n (&#x27;bg&#x27;, &#x27;Bulgarian&#x27;),\n (&#x27;be&#x27;, &#x27;Belarusian&#x27;),\n (&#x27;bn&#x27;, &#x27;Bengali&#x27;),\n (&#x27;br&#x27;, &#x27;Breton&#x27;),\n (&#x27;bs&#x27;, &#x27;Bosnian&#x27;),\n (&#x27;ca&#x27;, &#x27;Catalan&#x27;),\n (&#x27;cs&#x27;, &#x27;Czech&#x27;),\n (&#x27;cy&#x27;, &#x27;Welsh&#x27;),\n (&#x27;da&#x27;, &#x27;Danish&#x27;),\n (&#x27;de&#x27;, &#x27;German&#x27;),\n (&#x27;dsb&#x27;, &#x27;Lower Sorbian&#x27;),\n (&#x27;el&#x27;, &#x27;Greek&#x27;),\n (&#x27;en&#x27;, &#x27;English&#x27;),\n (&#x27;en-au&#x27;, &#x27;Australian English&#x27;),\n (&#x27;en-gb&#x27;, &#x27;British English&#x27;),\n (&#x27;eo&#x27;, &#x27;Esperanto&#x27;),\n (&#x27;es&#x27;, &#x27;Spanish&#x27;),\n (&#x27;es-ar&#x27;, &#x27;Argentinian Spanish&#x27;),\n (&#x27;es-co&#x27;, &#x27;Colombian Spanish&#x27;),\n (&#x27;es-mx&#x27;, &#x27;Mexican Spanish&#x27;),\n (&#x27;es-ni&#x27;, &#x27;Nicaraguan Spanish&#x27;),\n (&#x27;es-ve&#x27;, &#x27;Venezuelan Spanish&#x27;),\n (&#x27;et&#x27;, &#x27;Estonian&#x27;),\n (&#x27;eu&#x27;, &#x27;Basque&#x27;),\n (&#x27;fa&#x27;, &#x27;Persian&#x27;),\n (&#x27;fi&#x27;, &#x27;Finnish&#x27;),\n (&#x27;fr&#x27;, &#x27;French&#x27;),\n (&#x27;fy&#x27;, &#x27;Frisian&#x27;),\n (&#x27;ga&#x27;, &#x27;Irish&#x27;),\n (&#x27;gd&#x27;, &#x27;Scottish Gaelic&#x27;),\n (&#x27;gl&#x27;, &#x27;Galician&#x27;),\n (&#x27;he&#x27;, &#x27;Hebrew&#x27;),\n (&#x27;hi&#x27;, &#x27;Hindi&#x27;),\n (&#x27;hr&#x27;, &#x27;Croatian&#x27;),\n (&#x27;hsb&#x27;, &#x27;Upper Sorbian&#x27;),\n (&#x27;hu&#x27;, &#x27;Hungarian&#x27;),\n (&#x27;hy&#x27;, &#x27;Armenian&#x27;),\n (&#x27;ia&#x27;, &#x27;Interlingua&#x27;),\n (&#x27;id&#x27;, &#x27;Indonesian&#x27;),\n (&#x27;ig&#x27;, &#x27;Igbo&#x27;),\n (&#x27;io&#x27;, &#x27;Ido&#x27;),\n (&#x27;is&#x27;, &#x27;Icelandic&#x27;),\n (&#x27;it&#x27;, &#x27;Italian&#x27;),\n (&#x27;ja&#x27;, &#x27;Japanese&#x27;),\n (&#x27;ka&#x27;, &#x27;Georgian&#x27;),\n (&#x27;kab&#x27;, &#x27;Kabyle&#x27;),\n (&#x27;kk&#x27;, &#x27;Kazakh&#x27;),\n (&#x27;km&#x27;, &#x27;Khmer&#x27;),\n (&#x27;kn&#x27;, &#x27;Kannada&#x27;),\n (&#x27;ko&#x27;, &#x27;Korean&#x27;),\n (&#x27;ky&#x27;, &#x27;Kyrgyz&#x27;),\n (&#x27;lb&#x27;, &#x27;Luxembourgish&#x27;),\n (&#x27;lt&#x27;, &#x27;Lithuanian&#x27;),\n (&#x27;lv&#x27;, &#x27;Latvian&#x27;),\n (&#x27;mk&#x27;, &#x27;Macedonian&#x27;),\n (&#x27;ml&#x27;, &#x27;Malayalam&#x27;),\n (&#x27;mn&#x27;, &#x27;Mongolian&#x27;),\n (&#x27;mr&#x27;, &#x27;Marathi&#x27;),\n (&#x27;my&#x27;, &#x27;Burmese&#x27;),\n (&#x27;nb&#x27;, &#x27;Norwegian Bokmål&#x27;),\n (&#x27;ne&#x27;, &#x27;Nepali&#x27;),\n (&#x27;nl&#x27;, &#x27;Dutch&#x27;),\n (&#x27;nn&#x27;, &#x27;Norwegian Nynorsk&#x27;),\n (&#x27;os&#x27;, &#x27;Ossetic&#x27;),\n (&#x27;pa&#x27;, &#x27;Punjabi&#x27;),\n (&#x27;pl&#x27;, &#x27;Polish&#x27;),\n (&#x27;pt&#x27;, &#x27;Portuguese&#x27;),\n (&#x27;pt-br&#x27;, &#x27;Brazilian Portuguese&#x27;),\n (&#x27;ro&#x27;, &#x27;Romanian&#x27;),\n (&#x27;ru&#x27;, &#x27;Russian&#x27;),\n (&#x27;sk&#x27;, &#x27;Slovak&#x27;),\n (&#x27;sl&#x27;, &#x27;Slovenian&#x27;),\n (&#x27;sq&#x27;, &#x27;Albanian&#x27;),\n (&#x27;sr&#x27;, &#x27;Serbian&#x27;),\n (&#x27;sr-latn&#x27;, &#x27;Serbian Latin&#x27;),\n (&#x27;sv&#x27;, &#x27;Swedish&#x27;),\n (&#x27;sw&#x27;, &#x27;Swahili&#x27;),\n (&#x27;ta&#x27;, &#x27;Tamil&#x27;),\n (&#x27;te&#x27;, &#x27;Telugu&#x27;),\n (&#x27;tg&#x27;, &#x27;Tajik&#x27;),\n (&#x27;th&#x27;, &#x27;Thai&#x27;),\n (&#x27;tk&#x27;, &#x27;Turkmen&#x27;),\n (&#x27;tr&#x27;, &#x27;Turkish&#x27;),\n (&#x27;tt&#x27;, &#x27;Tatar&#x27;),\n (&#x27;udm&#x27;, &#x27;Udmurt&#x27;),\n (&#x27;uk&#x27;, &#x27;Ukrainian&#x27;),\n (&#x27;ur&#x27;, &#x27;Urdu&#x27;),\n (&#x27;uz&#x27;, &#x27;Uzbek&#x27;),\n (&#x27;vi&#x27;, &#x27;Vietnamese&#x27;),\n (&#x27;zh-hans&#x27;, &#x27;Simplified Chinese&#x27;),\n (&#x27;zh-hant&#x27;, &#x27;Traditional Chinese&#x27;)]</pre></td>\n        </tr>\n      \n        <tr>\n          <td>LANGUAGES_BIDI</td>\n          <td class="code"><pre>[&#x27;he&#x27;, &#x27;ar&#x27;, &#x27;ar-dz&#x27;, &#x27;fa&#x27;, &#x27;ur&#x27;]</pre></td>\n        </tr>\n      \n        <tr>\n          <td>LANGUAGE_CODE</td>\n          <td class="code"><pre>&#x27;zh-hans&#x27;</pre></td>\n        </tr>\n      \n        <tr>\n          <td>LANGUAGE_COOKIE_AGE</td>\n          <td class="code"><pre>None</pre></td>\n        </tr>\n      \n        <tr>\n          <td>LANGUAGE_COOKIE_DOMAIN</td>\n          <td class="code"><pre>None</pre></td>\n        </tr>\n      \n        <tr>\n          <td>LANGUAGE_COOKIE_HTTPONLY</td>\n          <td class="code"><pre>False</pre></td>\n        </tr>\n      \n        <tr>\n          <td>LANGUAGE_COOKIE_NAME</td>\n          <td class="code"><pre>&#x27;django_language&#x27;</pre></td>\n        </tr>\n      \n        <tr>\n          <td>LANGUAGE_COOKIE_PATH</td>\n          <td class="code"><pre>&#x27;/&#x27;</pre></td>\n        </tr>\n      \n        <tr>\n          <td>LANGUAGE_COOKIE_SAMESITE</td>\n          <td class="code"><pre>None</pre></td>\n        </tr>\n      \n        <tr>\n          <td>LANGUAGE_COOKIE_SECURE</td>\n          <td class="code"><pre>False</pre></td>\n        </tr>\n      \n        <tr>\n          <td>LOCALE_PATHS</td>\n          <td class="code"><pre>[]</pre></td>\n        </tr>\n      \n        <tr>\n          <td>LOGGING</td>\n          <td class="code"><pre>{}</pre></td>\n        </tr>\n      \n        <tr>\n          <td>LOGGING_CONFIG</td>\n          <td class="code"><pre>&#x27;logging.config.dictConfig&#x27;</pre></td>\n        </tr>\n      \n        <tr>\n          <td>LOGIN_REDIRECT_URL</td>\n          <td class="code"><pre>&#x27;/accounts/profile/&#x27;</pre></td>\n        </tr>\n      \n        <tr>\n          <td>LOGIN_URL</td>\n          <td class="code"><pre>&#x27;/accounts/login/&#x27;</pre></td>\n        </tr>\n      \n        <tr>\n          <td>LOGOUT_REDIRECT_URL</td>\n          <td class="code"><pre>None</pre></td>\n        </tr>\n      \n        <tr>\n          <td>MANAGERS</td>\n          <td class="code"><pre>[]</pre></td>\n        </tr>\n      \n        <tr>\n          <td>MEDIA_ROOT</td>\n          <td class="code"><pre>&#x27;&#x27;</pre></td>\n        </tr>\n      \n        <tr>\n          <td>MEDIA_URL</td>\n          <td class="code"><pre>&#x27;/&#x27;</pre></td>\n        </tr>\n      \n        <tr>\n          <td>MESSAGE_STORAGE</td>\n          <td class="code"><pre>&#x27;django.contrib.messages.storage.fallback.FallbackStorage&#x27;</pre></td>\n        </tr>\n      \n        <tr>\n          <td>MIDDLEWARE</td>\n          <td class="code"><pre>[&#x27;django.middleware.security.SecurityMiddleware&#x27;,\n &#x27;django.contrib.sessions.middleware.SessionMiddleware&#x27;,\n &#x27;django.middleware.common.CommonMiddleware&#x27;,\n &#x27;django.contrib.auth.middleware.AuthenticationMiddleware&#x27;,\n &#x27;django.contrib.messages.middleware.MessageMiddleware&#x27;,\n &#x27;django.middleware.clickjacking.XFrameOptionsMiddleware&#x27;,\n &#x27;gm_api_automation.middleware.LogMiddleware.OpLogs&#x27;]</pre></td>\n        </tr>\n      \n        <tr>\n          <td>MIGRATION_MODULES</td>\n          <td class="code"><pre>{}</pre></td>\n        </tr>\n      \n        <tr>\n          <td>MONTH_DAY_FORMAT</td>\n          <td class="code"><pre>&#x27;F j&#x27;</pre></td>\n        </tr>\n      \n        <tr>\n          <td>NUMBER_GROUPING</td>\n          <td class="code"><pre>0</pre></td>\n        </tr>\n      \n        <tr>\n          <td>PASSWORD_HASHERS</td>\n          <td class="code"><pre>&#x27;********************&#x27;</pre></td>\n        </tr>\n      \n        <tr>\n          <td>PASSWORD_RESET_TIMEOUT</td>\n          <td class="code"><pre>&#x27;********************&#x27;</pre></td>\n        </tr>\n      \n        <tr>\n          <td>PASSWORD_RESET_TIMEOUT_DAYS</td>\n          <td class="code"><pre>&#x27;********************&#x27;</pre></td>\n        </tr>\n      \n        <tr>\n          <td>PREPEND_WWW</td>\n          <td class="code"><pre>False</pre></td>\n        </tr>\n      \n        <tr>\n          <td>REST_FRAMEWORK</td>\n          <td class="code"><pre>{&#x27;DEFAULT_AUTHENTICATION_CLASSES&#x27;: [&#x27;rest_framework_jwt.authentication.JSONWebTokenAuthentication&#x27;,\n                                    &#x27;rest_framework.authentication.SessionAuthentication&#x27;,\n                                    &#x27;rest_framework.authentication.BasicAuthentication&#x27;],\n &#x27;DEFAULT_PARSER_CLASSES&#x27;: [&#x27;rest_framework.parsers.JSONParser&#x27;,\n                            &#x27;rest_framework.parsers.FormParser&#x27;,\n                            &#x27;rest_framework.parsers.MultiPartParser&#x27;],\n &#x27;DEFAULT_RENDERER_CLASSES&#x27;: [&#x27;gm_api_automation.Utils.renderer.CustomRenderer&#x27;,\n                              &#x27;rest_framework.renderers.BrowsableAPIRenderer&#x27;],\n &#x27;DEFAULT_SCHEMA_CLASS&#x27;: &#x27;rest_framework.schemas.AutoSchema&#x27;,\n &#x27;EXCEPTION_HANDLER&#x27;: &#x27;gm_api_automation.Utils.exception.custom_handler&#x27;}</pre></td>\n        </tr>\n      \n        <tr>\n          <td>ROOT_URLCONF</td>\n          <td class="code"><pre>&#x27;gm_api_automation.urls&#x27;</pre></td>\n        </tr>\n      \n        <tr>\n          <td>SECRET_KEY</td>\n          <td class="code"><pre>&#x27;********************&#x27;</pre></td>\n        </tr>\n      \n        <tr>\n          <td>SECURE_BROWSER_XSS_FILTER</td>\n          <td class="code"><pre>False</pre></td>\n        </tr>\n      \n        <tr>\n          <td>SECURE_CONTENT_TYPE_NOSNIFF</td>\n          <td class="code"><pre>True</pre></td>\n        </tr>\n      \n        <tr>\n          <td>SECURE_HSTS_INCLUDE_SUBDOMAINS</td>\n          <td class="code"><pre>False</pre></td>\n        </tr>\n      \n        <tr>\n          <td>SECURE_HSTS_PRELOAD</td>\n          <td class="code"><pre>False</pre></td>\n        </tr>\n      \n        <tr>\n          <td>SECURE_HSTS_SECONDS</td>\n          <td class="code"><pre>0</pre></td>\n        </tr>\n      \n        <tr>\n          <td>SECURE_PROXY_SSL_HEADER</td>\n          <td class="code"><pre>None</pre></td>\n        </tr>\n      \n        <tr>\n          <td>SECURE_REDIRECT_EXEMPT</td>\n          <td class="code"><pre>[]</pre></td>\n        </tr>\n      \n        <tr>\n          <td>SECURE_REFERRER_POLICY</td>\n          <td class="code"><pre>&#x27;same-origin&#x27;</pre></td>\n        </tr>\n      \n        <tr>\n          <td>SECURE_SSL_HOST</td>\n          <td class="code"><pre>None</pre></td>\n        </tr>\n      \n        <tr>\n          <td>SECURE_SSL_REDIRECT</td>\n          <td class="code"><pre>False</pre></td>\n        </tr>\n      \n        <tr>\n          <td>SERVER_EMAIL</td>\n          <td class="code"><pre>&#x27;root@localhost&#x27;</pre></td>\n        </tr>\n      \n        <tr>\n          <td>SESSION_CACHE_ALIAS</td>\n          <td class="code"><pre>&#x27;default&#x27;</pre></td>\n        </tr>\n      \n        <tr>\n          <td>SESSION_COOKIE_AGE</td>\n          <td class="code"><pre>1209600</pre></td>\n        </tr>\n      \n        <tr>\n          <td>SESSION_COOKIE_DOMAIN</td>\n          <td class="code"><pre>None</pre></td>\n        </tr>\n      \n        <tr>\n          <td>SESSION_COOKIE_HTTPONLY</td>\n          <td class="code"><pre>True</pre></td>\n        </tr>\n      \n        <tr>\n          <td>SESSION_COOKIE_NAME</td>\n          <td class="code"><pre>&#x27;sessionid&#x27;</pre></td>\n        </tr>\n      \n        <tr>\n          <td>SESSION_COOKIE_PATH</td>\n          <td class="code"><pre>&#x27;/&#x27;</pre></td>\n        </tr>\n      \n        <tr>\n          <td>SESSION_COOKIE_SAMESITE</td>\n          <td class="code"><pre>&#x27;Lax&#x27;</pre></td>\n        </tr>\n      \n        <tr>\n          <td>SESSION_COOKIE_SECURE</td>\n          <td class="code"><pre>False</pre></td>\n        </tr>\n      \n        <tr>\n          <td>SESSION_ENGINE</td>\n          <td class="code"><pre>&#x27;django.contrib.sessions.backends.db&#x27;</pre></td>\n        </tr>\n      \n        <tr>\n          <td>SESSION_EXPIRE_AT_BROWSER_CLOSE</td>\n          <td class="code"><pre>False</pre></td>\n        </tr>\n      \n        <tr>\n          <td>SESSION_FILE_PATH</td>\n          <td class="code"><pre>None</pre></td>\n        </tr>\n      \n        <tr>\n          <td>SESSION_SAVE_EVERY_REQUEST</td>\n          <td class="code"><pre>False</pre></td>\n        </tr>\n      \n        <tr>\n          <td>SESSION_SERIALIZER</td>\n          <td class="code"><pre>&#x27;django.contrib.sessions.serializers.JSONSerializer&#x27;</pre></td>\n        </tr>\n      \n        <tr>\n          <td>SETTINGS_MODULE</td>\n          <td class="code"><pre>&#x27;gm_api_automation.settings&#x27;</pre></td>\n        </tr>\n      \n        <tr>\n          <td>SHORT_DATETIME_FORMAT</td>\n          <td class="code"><pre>&#x27;m/d/Y P&#x27;</pre></td>\n        </tr>\n      \n        <tr>\n          <td>SHORT_DATE_FORMAT</td>\n          <td class="code"><pre>&#x27;m/d/Y&#x27;</pre></td>\n        </tr>\n      \n        <tr>\n          <td>SIGNING_BACKEND</td>\n          <td class="code"><pre>&#x27;django.core.signing.TimestampSigner&#x27;</pre></td>\n        </tr>\n      \n        <tr>\n          <td>SILENCED_SYSTEM_CHECKS</td>\n          <td class="code"><pre>[]</pre></td>\n        </tr>\n      \n        <tr>\n          <td>STATICFILES_DIRS</td>\n          <td class="code"><pre>[]</pre></td>\n        </tr>\n      \n        <tr>\n          <td>STATICFILES_FINDERS</td>\n          <td class="code"><pre>[&#x27;django.contrib.staticfiles.finders.FileSystemFinder&#x27;,\n &#x27;django.contrib.staticfiles.finders.AppDirectoriesFinder&#x27;]</pre></td>\n        </tr>\n      \n        <tr>\n          <td>STATICFILES_STORAGE</td>\n          <td class="code"><pre>&#x27;django.contrib.staticfiles.storage.StaticFilesStorage&#x27;</pre></td>\n        </tr>\n      \n        <tr>\n          <td>STATIC_ROOT</td>\n          <td class="code"><pre>None</pre></td>\n        </tr>\n      \n        <tr>\n          <td>STATIC_URL</td>\n          <td class="code"><pre>&#x27;/static/&#x27;</pre></td>\n        </tr>\n      \n        <tr>\n          <td>TEMPLATES</td>\n          <td class="code"><pre>[{&#x27;APP_DIRS&#x27;: True,\n  &#x27;BACKEND&#x27;: &#x27;django.template.backends.django.DjangoTemplates&#x27;,\n  &#x27;DIRS&#x27;: [],\n  &#x27;OPTIONS&#x27;: {&#x27;context_processors&#x27;: [&#x27;django.template.context_processors.debug&#x27;,\n                                     &#x27;django.template.context_processors.request&#x27;,\n                                     &#x27;django.contrib.auth.context_processors.auth&#x27;,\n                                     &#x27;django.contrib.messages.context_processors.messages&#x27;]}}]</pre></td>\n        </tr>\n      \n        <tr>\n          <td>TEST_NON_SERIALIZED_APPS</td>\n          <td class="code"><pre>[]</pre></td>\n        </tr>\n      \n        <tr>\n          <td>TEST_RUNNER</td>\n          <td class="code"><pre>&#x27;django.test.runner.DiscoverRunner&#x27;</pre></td>\n        </tr>\n      \n        <tr>\n          <td>THOUSAND_SEPARATOR</td>\n          <td class="code"><pre>&#x27;,&#x27;</pre></td>\n        </tr>\n      \n        <tr>\n          <td>TIME_FORMAT</td>\n          <td class="code"><pre>&#x27;P&#x27;</pre></td>\n        </tr>\n      \n        <tr>\n          <td>TIME_INPUT_FORMATS</td>\n          <td class="code"><pre>[&#x27;%H:%M:%S&#x27;, &#x27;%H:%M:%S.%f&#x27;, &#x27;%H:%M&#x27;]</pre></td>\n        </tr>\n      \n        <tr>\n          <td>TIME_ZONE</td>\n          <td class="code"><pre>&#x27;Asia/Shanghai&#x27;</pre></td>\n        </tr>\n      \n        <tr>\n          <td>USE_I18N</td>\n          <td class="code"><pre>True</pre></td>\n        </tr>\n      \n        <tr>\n          <td>USE_L10N</td>\n          <td class="code"><pre>False</pre></td>\n        </tr>\n      \n        <tr>\n          <td>USE_THOUSAND_SEPARATOR</td>\n          <td class="code"><pre>False</pre></td>\n        </tr>\n      \n        <tr>\n          <td>USE_TZ</td>\n          <td class="code"><pre>False</pre></td>\n        </tr>\n      \n        <tr>\n          <td>USE_X_FORWARDED_HOST</td>\n          <td class="code"><pre>False</pre></td>\n        </tr>\n      \n        <tr>\n          <td>USE_X_FORWARDED_PORT</td>\n          <td class="code"><pre>False</pre></td>\n        </tr>\n      \n        <tr>\n          <td>WSGI_APPLICATION</td>\n          <td class="code"><pre>&#x27;gm_api_automation.wsgi.application&#x27;</pre></td>\n        </tr>\n      \n        <tr>\n          <td>X_FRAME_OPTIONS</td>\n          <td class="code"><pre>&#x27;DENY&#x27;</pre></td>\n        </tr>\n      \n        <tr>\n          <td>YEAR_MONTH_FORMAT</td>\n          <td class="code"><pre>&#x27;F Y&#x27;</pre></td>\n        </tr>\n      \n    </tbody>\n  </table>\n\n</div>\n\n  <div id="explanation">\n    <p>\n      You’re seeing this error because you have <code>DEBUG = True</code> in your\n      Django settings file. Change that to <code>False</code>, and Django will\n      display a standard page generated by the handler for this status code.\n    </p>\n  </div>\n\n</body>\n</html>\n', 'access_time': 21039}
2022-10-10 11:06:11.298 | INFO     | gm_api_automation.middleware.LogMiddleware:process_response:89 - <WSGIRequest: GET '/getCaseTotal'>
2022-10-10 11:07:06.582 | SUCCESS  | __main__:main:14 - 
  ██████╗ ███╗   ███╗     ██╗██╗  ██╗    ██████╗ ██╗   ██╗███╗   ██╗███╗   ██╗███████╗██████╗ 
██╔════╝ ████╗ ████║     ██║██║ ██╔╝    ██╔══██╗██║   ██║████╗  ██║████╗  ██║██╔════╝██╔══██╗
██║  ███╗██╔████╔██║     ██║█████╔╝     ██████╔╝██║   ██║██╔██╗ ██║██╔██╗ ██║█████╗  ██████╔╝
██║   ██║██║╚██╔╝██║██   ██║██╔═██╗     ██╔══██╗██║   ██║██║╚██╗██║██║╚██╗██║██╔══╝  ██╔══██╗
╚██████╔╝██║ ╚═╝ ██║╚█████╔╝██║  ██╗    ██║  ██║╚██████╔╝██║ ╚████║██║ ╚████║███████╗██║  ██║
 ╚═════╝ ╚═╝     ╚═╝ ╚════╝ ╚═╝  ╚═╝    ╚═╝  ╚═╝ ╚═════╝ ╚═╝  ╚═══╝╚═╝  ╚═══╝╚══════╝╚═╝  ╚═╝
                                                                                                                                          
    
2022-10-10 11:07:06.657 | SUCCESS  | __main__:main:22 - server started success.        ✔
2022-10-10 11:13:10.006 | SUCCESS  | __main__:main:14 - 
  ██████╗ ███╗   ███╗     ██╗██╗  ██╗    ██████╗ ██╗   ██╗███╗   ██╗███╗   ██╗███████╗██████╗ 
██╔════╝ ████╗ ████║     ██║██║ ██╔╝    ██╔══██╗██║   ██║████╗  ██║████╗  ██║██╔════╝██╔══██╗
██║  ███╗██╔████╔██║     ██║█████╔╝     ██████╔╝██║   ██║██╔██╗ ██║██╔██╗ ██║█████╗  ██████╔╝
██║   ██║██║╚██╔╝██║██   ██║██╔═██╗     ██╔══██╗██║   ██║██║╚██╗██║██║╚██╗██║██╔══╝  ██╔══██╗
╚██████╔╝██║ ╚═╝ ██║╚█████╔╝██║  ██╗    ██║  ██║╚██████╔╝██║ ╚████║██║ ╚████║███████╗██║  ██║
 ╚═════╝ ╚═╝     ╚═╝ ╚════╝ ╚═╝  ╚═╝    ╚═╝  ╚═╝ ╚═════╝ ╚═╝  ╚═══╝╚═╝  ╚═══╝╚══════╝╚═╝  ╚═╝
                                                                                                                                          
    
2022-10-10 11:13:10.123 | SUCCESS  | __main__:main:22 - server started success.        ✔
2022-10-10 11:14:26.190 | SUCCESS  | __main__:main:14 - 
  ██████╗ ███╗   ███╗     ██╗██╗  ██╗    ██████╗ ██╗   ██╗███╗   ██╗███╗   ██╗███████╗██████╗ 
██╔════╝ ████╗ ████║     ██║██║ ██╔╝    ██╔══██╗██║   ██║████╗  ██║████╗  ██║██╔════╝██╔══██╗
██║  ███╗██╔████╔██║     ██║█████╔╝     ██████╔╝██║   ██║██╔██╗ ██║██╔██╗ ██║█████╗  ██████╔╝
██║   ██║██║╚██╔╝██║██   ██║██╔═██╗     ██╔══██╗██║   ██║██║╚██╗██║██║╚██╗██║██╔══╝  ██╔══██╗
╚██████╔╝██║ ╚═╝ ██║╚█████╔╝██║  ██╗    ██║  ██║╚██████╔╝██║ ╚████║██║ ╚████║███████╗██║  ██║
 ╚═════╝ ╚═╝     ╚═╝ ╚════╝ ╚═╝  ╚═╝    ╚═╝  ╚═╝ ╚═════╝ ╚═╝  ╚═══╝╚═╝  ╚═══╝╚══════╝╚═╝  ╚═╝
                                                                                                                                          
    
2022-10-10 11:14:26.265 | SUCCESS  | __main__:main:22 - server started success.        ✔
2022-10-10 14:23:18.753 | SUCCESS  | __main__:main:14 - 
  ██████╗ ███╗   ███╗     ██╗██╗  ██╗    ██████╗ ██╗   ██╗███╗   ██╗███╗   ██╗███████╗██████╗ 
██╔════╝ ████╗ ████║     ██║██║ ██╔╝    ██╔══██╗██║   ██║████╗  ██║████╗  ██║██╔════╝██╔══██╗
██║  ███╗██╔████╔██║     ██║█████╔╝     ██████╔╝██║   ██║██╔██╗ ██║██╔██╗ ██║█████╗  ██████╔╝
██║   ██║██║╚██╔╝██║██   ██║██╔═██╗     ██╔══██╗██║   ██║██║╚██╗██║██║╚██╗██║██╔══╝  ██╔══██╗
╚██████╔╝██║ ╚═╝ ██║╚█████╔╝██║  ██╗    ██║  ██║╚██████╔╝██║ ╚████║██║ ╚████║███████╗██║  ██║
 ╚═════╝ ╚═╝     ╚═╝ ╚════╝ ╚═╝  ╚═╝    ╚═╝  ╚═╝ ╚═════╝ ╚═╝  ╚═══╝╚═╝  ╚═══╝╚══════╝╚═╝  ╚═╝
                                                                                                                                          
    
2022-10-10 14:23:18.835 | SUCCESS  | __main__:main:22 - server started success.        ✔
2022-10-10 14:25:19.956 | SUCCESS  | __main__:main:14 - 
  ██████╗ ███╗   ███╗     ██╗██╗  ██╗    ██████╗ ██╗   ██╗███╗   ██╗███╗   ██╗███████╗██████╗ 
██╔════╝ ████╗ ████║     ██║██║ ██╔╝    ██╔══██╗██║   ██║████╗  ██║████╗  ██║██╔════╝██╔══██╗
██║  ███╗██╔████╔██║     ██║█████╔╝     ██████╔╝██║   ██║██╔██╗ ██║██╔██╗ ██║█████╗  ██████╔╝
██║   ██║██║╚██╔╝██║██   ██║██╔═██╗     ██╔══██╗██║   ██║██║╚██╗██║██║╚██╗██║██╔══╝  ██╔══██╗
╚██████╔╝██║ ╚═╝ ██║╚█████╔╝██║  ██╗    ██║  ██║╚██████╔╝██║ ╚████║██║ ╚████║███████╗██║  ██║
 ╚═════╝ ╚═╝     ╚═╝ ╚════╝ ╚═╝  ╚═╝    ╚═╝  ╚═╝ ╚═════╝ ╚═╝  ╚═══╝╚═╝  ╚═══╝╚══════╝╚═╝  ╚═╝
                                                                                                                                          
    
2022-10-10 14:25:20.033 | SUCCESS  | __main__:main:22 - server started success.        ✔
2022-10-10 14:27:17.357 | SUCCESS  | __main__:main:14 - 
  ██████╗ ███╗   ███╗     ██╗██╗  ██╗    ██████╗ ██╗   ██╗███╗   ██╗███╗   ██╗███████╗██████╗ 
██╔════╝ ████╗ ████║     ██║██║ ██╔╝    ██╔══██╗██║   ██║████╗  ██║████╗  ██║██╔════╝██╔══██╗
██║  ███╗██╔████╔██║     ██║█████╔╝     ██████╔╝██║   ██║██╔██╗ ██║██╔██╗ ██║█████╗  ██████╔╝
██║   ██║██║╚██╔╝██║██   ██║██╔═██╗     ██╔══██╗██║   ██║██║╚██╗██║██║╚██╗██║██╔══╝  ██╔══██╗
╚██████╔╝██║ ╚═╝ ██║╚█████╔╝██║  ██╗    ██║  ██║╚██████╔╝██║ ╚████║██║ ╚████║███████╗██║  ██║
 ╚═════╝ ╚═╝     ╚═╝ ╚════╝ ╚═╝  ╚═╝    ╚═╝  ╚═╝ ╚═════╝ ╚═╝  ╚═══╝╚═╝  ╚═══╝╚══════╝╚═╝  ╚═╝
                                                                                                                                          
    
2022-10-10 14:27:17.432 | SUCCESS  | __main__:main:22 - server started success.        ✔
2022-10-10 14:28:00.931 | SUCCESS  | __main__:main:14 - 
  ██████╗ ███╗   ███╗     ██╗██╗  ██╗    ██████╗ ██╗   ██╗███╗   ██╗███╗   ██╗███████╗██████╗ 
██╔════╝ ████╗ ████║     ██║██║ ██╔╝    ██╔══██╗██║   ██║████╗  ██║████╗  ██║██╔════╝██╔══██╗
██║  ███╗██╔████╔██║     ██║█████╔╝     ██████╔╝██║   ██║██╔██╗ ██║██╔██╗ ██║█████╗  ██████╔╝
██║   ██║██║╚██╔╝██║██   ██║██╔═██╗     ██╔══██╗██║   ██║██║╚██╗██║██║╚██╗██║██╔══╝  ██╔══██╗
╚██████╔╝██║ ╚═╝ ██║╚█████╔╝██║  ██╗    ██║  ██║╚██████╔╝██║ ╚████║██║ ╚████║███████╗██║  ██║
 ╚═════╝ ╚═╝     ╚═╝ ╚════╝ ╚═╝  ╚═╝    ╚═╝  ╚═╝ ╚═════╝ ╚═╝  ╚═══╝╚═╝  ╚═══╝╚══════╝╚═╝  ╚═╝
                                                                                                                                          
    
2022-10-10 14:28:00.971 | SUCCESS  | __main__:main:22 - server started success.        ✔
2022-10-10 14:29:21.327 | SUCCESS  | __main__:main:14 - 
  ██████╗ ███╗   ███╗     ██╗██╗  ██╗    ██████╗ ██╗   ██╗███╗   ██╗███╗   ██╗███████╗██████╗ 
██╔════╝ ████╗ ████║     ██║██║ ██╔╝    ██╔══██╗██║   ██║████╗  ██║████╗  ██║██╔════╝██╔══██╗
██║  ███╗██╔████╔██║     ██║█████╔╝     ██████╔╝██║   ██║██╔██╗ ██║██╔██╗ ██║█████╗  ██████╔╝
██║   ██║██║╚██╔╝██║██   ██║██╔═██╗     ██╔══██╗██║   ██║██║╚██╗██║██║╚██╗██║██╔══╝  ██╔══██╗
╚██████╔╝██║ ╚═╝ ██║╚█████╔╝██║  ██╗    ██║  ██║╚██████╔╝██║ ╚████║██║ ╚████║███████╗██║  ██║
 ╚═════╝ ╚═╝     ╚═╝ ╚════╝ ╚═╝  ╚═╝    ╚═╝  ╚═╝ ╚═════╝ ╚═╝  ╚═══╝╚═╝  ╚═══╝╚══════╝╚═╝  ╚═╝
                                                                                                                                          
    
2022-10-10 14:29:21.367 | SUCCESS  | __main__:main:22 - server started success.        ✔
2022-10-10 14:29:56.288 | SUCCESS  | __main__:main:14 - 
  ██████╗ ███╗   ███╗     ██╗██╗  ██╗    ██████╗ ██╗   ██╗███╗   ██╗███╗   ██╗███████╗██████╗ 
██╔════╝ ████╗ ████║     ██║██║ ██╔╝    ██╔══██╗██║   ██║████╗  ██║████╗  ██║██╔════╝██╔══██╗
██║  ███╗██╔████╔██║     ██║█████╔╝     ██████╔╝██║   ██║██╔██╗ ██║██╔██╗ ██║█████╗  ██████╔╝
██║   ██║██║╚██╔╝██║██   ██║██╔═██╗     ██╔══██╗██║   ██║██║╚██╗██║██║╚██╗██║██╔══╝  ██╔══██╗
╚██████╔╝██║ ╚═╝ ██║╚█████╔╝██║  ██╗    ██║  ██║╚██████╔╝██║ ╚████║██║ ╚████║███████╗██║  ██║
 ╚═════╝ ╚═╝     ╚═╝ ╚════╝ ╚═╝  ╚═╝    ╚═╝  ╚═╝ ╚═════╝ ╚═╝  ╚═══╝╚═╝  ╚═══╝╚══════╝╚═╝  ╚═╝
                                                                                                                                          
    
2022-10-10 14:29:56.327 | SUCCESS  | __main__:main:22 - server started success.        ✔
2022-10-10 14:30:10.407 | SUCCESS  | __main__:main:14 - 
  ██████╗ ███╗   ███╗     ██╗██╗  ██╗    ██████╗ ██╗   ██╗███╗   ██╗███╗   ██╗███████╗██████╗ 
██╔════╝ ████╗ ████║     ██║██║ ██╔╝    ██╔══██╗██║   ██║████╗  ██║████╗  ██║██╔════╝██╔══██╗
██║  ███╗██╔████╔██║     ██║█████╔╝     ██████╔╝██║   ██║██╔██╗ ██║██╔██╗ ██║█████╗  ██████╔╝
██║   ██║██║╚██╔╝██║██   ██║██╔═██╗     ██╔══██╗██║   ██║██║╚██╗██║██║╚██╗██║██╔══╝  ██╔══██╗
╚██████╔╝██║ ╚═╝ ██║╚█████╔╝██║  ██╗    ██║  ██║╚██████╔╝██║ ╚████║██║ ╚████║███████╗██║  ██║
 ╚═════╝ ╚═╝     ╚═╝ ╚════╝ ╚═╝  ╚═╝    ╚═╝  ╚═╝ ╚═════╝ ╚═╝  ╚═══╝╚═╝  ╚═══╝╚══════╝╚═╝  ╚═╝
                                                                                                                                          
    
2022-10-10 14:30:10.449 | SUCCESS  | __main__:main:22 - server started success.        ✔
2022-10-10 14:32:57.798 | SUCCESS  | __main__:main:14 - 
  ██████╗ ███╗   ███╗     ██╗██╗  ██╗    ██████╗ ██╗   ██╗███╗   ██╗███╗   ██╗███████╗██████╗ 
██╔════╝ ████╗ ████║     ██║██║ ██╔╝    ██╔══██╗██║   ██║████╗  ██║████╗  ██║██╔════╝██╔══██╗
██║  ███╗██╔████╔██║     ██║█████╔╝     ██████╔╝██║   ██║██╔██╗ ██║██╔██╗ ██║█████╗  ██████╔╝
██║   ██║██║╚██╔╝██║██   ██║██╔═██╗     ██╔══██╗██║   ██║██║╚██╗██║██║╚██╗██║██╔══╝  ██╔══██╗
╚██████╔╝██║ ╚═╝ ██║╚█████╔╝██║  ██╗    ██║  ██║╚██████╔╝██║ ╚████║██║ ╚████║███████╗██║  ██║
 ╚═════╝ ╚═╝     ╚═╝ ╚════╝ ╚═╝  ╚═╝    ╚═╝  ╚═╝ ╚═════╝ ╚═╝  ╚═══╝╚═╝  ╚═══╝╚══════╝╚═╝  ╚═╝
                                                                                                                                          
    
2022-10-10 14:32:57.838 | SUCCESS  | __main__:main:22 - server started success.        ✔
2022-10-10 14:32:58.533 | SUCCESS  | __main__:main:14 - 
  ██████╗ ███╗   ███╗     ██╗██╗  ██╗    ██████╗ ██╗   ██╗███╗   ██╗███╗   ██╗███████╗██████╗ 
██╔════╝ ████╗ ████║     ██║██║ ██╔╝    ██╔══██╗██║   ██║████╗  ██║████╗  ██║██╔════╝██╔══██╗
██║  ███╗██╔████╔██║     ██║█████╔╝     ██████╔╝██║   ██║██╔██╗ ██║██╔██╗ ██║█████╗  ██████╔╝
██║   ██║██║╚██╔╝██║██   ██║██╔═██╗     ██╔══██╗██║   ██║██║╚██╗██║██║╚██╗██║██╔══╝  ██╔══██╗
╚██████╔╝██║ ╚═╝ ██║╚█████╔╝██║  ██╗    ██║  ██║╚██████╔╝██║ ╚████║██║ ╚████║███████╗██║  ██║
 ╚═════╝ ╚═╝     ╚═╝ ╚════╝ ╚═╝  ╚═╝    ╚═╝  ╚═╝ ╚═════╝ ╚═╝  ╚═══╝╚═╝  ╚═══╝╚══════╝╚═╝  ╚═╝
                                                                                                                                          
    
2022-10-10 14:32:58.573 | SUCCESS  | __main__:main:22 - server started success.        ✔
2022-10-10 14:33:03.304 | INFO     | gm_api_automation.middleware.LogMiddleware:process_response:92 - POST http://127.0.0.1/createrTestSuits
2022-10-10 14:33:03.305 | INFO     | gm_api_automation.middleware.LogMiddleware:process_response:93 - 请求参数: {'name': '测试套件用例标签', 'project': '1', 'cron': '', 'case_list': [1, 2], 'desc': ''}
2022-10-10 14:33:03.305 | INFO     | gm_api_automation.middleware.LogMiddleware:process_response:94 - 响应信息: {"code":400,"message":"该字段是必填项。","success":false,"data":{}}
2022-10-10 14:34:00.261 | SUCCESS  | __main__:main:14 - 
  ██████╗ ███╗   ███╗     ██╗██╗  ██╗    ██████╗ ██╗   ██╗███╗   ██╗███╗   ██╗███████╗██████╗ 
██╔════╝ ████╗ ████║     ██║██║ ██╔╝    ██╔══██╗██║   ██║████╗  ██║████╗  ██║██╔════╝██╔══██╗
██║  ███╗██╔████╔██║     ██║█████╔╝     ██████╔╝██║   ██║██╔██╗ ██║██╔██╗ ██║█████╗  ██████╔╝
██║   ██║██║╚██╔╝██║██   ██║██╔═██╗     ██╔══██╗██║   ██║██║╚██╗██║██║╚██╗██║██╔══╝  ██╔══██╗
╚██████╔╝██║ ╚═╝ ██║╚█████╔╝██║  ██╗    ██║  ██║╚██████╔╝██║ ╚████║██║ ╚████║███████╗██║  ██║
 ╚═════╝ ╚═╝     ╚═╝ ╚════╝ ╚═╝  ╚═╝    ╚═╝  ╚═╝ ╚═════╝ ╚═╝  ╚═══╝╚═╝  ╚═══╝╚══════╝╚═╝  ╚═╝
                                                                                                                                          
    
2022-10-10 14:34:00.300 | SUCCESS  | __main__:main:22 - server started success.        ✔
2022-10-10 14:34:03.661 | INFO     | gm_api_automation.middleware.LogMiddleware:process_response:92 - POST http://127.0.0.1/createrTestSuits
2022-10-10 14:34:03.661 | INFO     | gm_api_automation.middleware.LogMiddleware:process_response:93 - 请求参数: {'name': '测试套件用例标签', 'project': '1', 'cron': '', 'case_list': [1, 2], 'desc': ''}
2022-10-10 14:34:03.661 | INFO     | gm_api_automation.middleware.LogMiddleware:process_response:94 - 响应信息: {"code":200,"message":"测试套件创建成功","success":true,"data":{}}
2022-10-10 14:38:12.346 | SUCCESS  | __main__:main:14 - 
  ██████╗ ███╗   ███╗     ██╗██╗  ██╗    ██████╗ ██╗   ██╗███╗   ██╗███╗   ██╗███████╗██████╗ 
██╔════╝ ████╗ ████║     ██║██║ ██╔╝    ██╔══██╗██║   ██║████╗  ██║████╗  ██║██╔════╝██╔══██╗
██║  ███╗██╔████╔██║     ██║█████╔╝     ██████╔╝██║   ██║██╔██╗ ██║██╔██╗ ██║█████╗  ██████╔╝
██║   ██║██║╚██╔╝██║██   ██║██╔═██╗     ██╔══██╗██║   ██║██║╚██╗██║██║╚██╗██║██╔══╝  ██╔══██╗
╚██████╔╝██║ ╚═╝ ██║╚█████╔╝██║  ██╗    ██║  ██║╚██████╔╝██║ ╚████║██║ ╚████║███████╗██║  ██║
 ╚═════╝ ╚═╝     ╚═╝ ╚════╝ ╚═╝  ╚═╝    ╚═╝  ╚═╝ ╚═════╝ ╚═╝  ╚═══╝╚═╝  ╚═══╝╚══════╝╚═╝  ╚═╝
                                                                                                                                          
    
2022-10-10 14:38:12.386 | SUCCESS  | __main__:main:22 - server started success.        ✔
2022-10-10 14:38:27.823 | SUCCESS  | __main__:main:14 - 
  ██████╗ ███╗   ███╗     ██╗██╗  ██╗    ██████╗ ██╗   ██╗███╗   ██╗███╗   ██╗███████╗██████╗ 
██╔════╝ ████╗ ████║     ██║██║ ██╔╝    ██╔══██╗██║   ██║████╗  ██║████╗  ██║██╔════╝██╔══██╗
██║  ███╗██╔████╔██║     ██║█████╔╝     ██████╔╝██║   ██║██╔██╗ ██║██╔██╗ ██║█████╗  ██████╔╝
██║   ██║██║╚██╔╝██║██   ██║██╔═██╗     ██╔══██╗██║   ██║██║╚██╗██║██║╚██╗██║██╔══╝  ██╔══██╗
╚██████╔╝██║ ╚═╝ ██║╚█████╔╝██║  ██╗    ██║  ██║╚██████╔╝██║ ╚████║██║ ╚████║███████╗██║  ██║
 ╚═════╝ ╚═╝     ╚═╝ ╚════╝ ╚═╝  ╚═╝    ╚═╝  ╚═╝ ╚═════╝ ╚═╝  ╚═══╝╚═╝  ╚═══╝╚══════╝╚═╝  ╚═╝
                                                                                                                                          
    
2022-10-10 14:38:27.865 | SUCCESS  | __main__:main:22 - server started success.        ✔
2022-10-10 14:38:44.215 | SUCCESS  | __main__:main:14 - 
  ██████╗ ███╗   ███╗     ██╗██╗  ██╗    ██████╗ ██╗   ██╗███╗   ██╗███╗   ██╗███████╗██████╗ 
██╔════╝ ████╗ ████║     ██║██║ ██╔╝    ██╔══██╗██║   ██║████╗  ██║████╗  ██║██╔════╝██╔══██╗
██║  ███╗██╔████╔██║     ██║█████╔╝     ██████╔╝██║   ██║██╔██╗ ██║██╔██╗ ██║█████╗  ██████╔╝
██║   ██║██║╚██╔╝██║██   ██║██╔═██╗     ██╔══██╗██║   ██║██║╚██╗██║██║╚██╗██║██╔══╝  ██╔══██╗
╚██████╔╝██║ ╚═╝ ██║╚█████╔╝██║  ██╗    ██║  ██║╚██████╔╝██║ ╚████║██║ ╚████║███████╗██║  ██║
 ╚═════╝ ╚═╝     ╚═╝ ╚════╝ ╚═╝  ╚═╝    ╚═╝  ╚═╝ ╚═════╝ ╚═╝  ╚═══╝╚═╝  ╚═══╝╚══════╝╚═╝  ╚═╝
                                                                                                                                          
    
2022-10-10 14:38:44.255 | SUCCESS  | __main__:main:22 - server started success.        ✔
2022-10-10 14:39:07.146 | INFO     | gm_api_automation.middleware.LogMiddleware:process_response:92 - POST http://127.0.0.1/createrTestSuits
2022-10-10 14:39:07.146 | INFO     | gm_api_automation.middleware.LogMiddleware:process_response:93 - 请求参数: {'name': '测试套件用例标签1', 'project': '1', 'cron': '', 'case_list': [1, 2, 3], 'desc': ''}
2022-10-10 14:39:07.147 | INFO     | gm_api_automation.middleware.LogMiddleware:process_response:94 - 响应信息: {"code":200,"message":"测试套件创建成功","success":true,"data":{}}
2022-10-10 14:54:22.845 | INFO     | gm_api_automation.middleware.LogMiddleware:process_response:92 - POST http://127.0.0.1/createrTestSuits
2022-10-10 14:54:22.845 | INFO     | gm_api_automation.middleware.LogMiddleware:process_response:93 - 请求参数: {'name': '测试套件用例标签2', 'project': '1', 'cron': '', 'case_list': [1, 2, 3], 'case_tag': '测试', 'desc': ''}
2022-10-10 14:54:22.845 | INFO     | gm_api_automation.middleware.LogMiddleware:process_response:94 - 响应信息: {"code":200,"message":"测试套件创建成功","success":true,"data":{}}
2022-10-10 14:57:26.608 | SUCCESS  | __main__:main:14 - 
  ██████╗ ███╗   ███╗     ██╗██╗  ██╗    ██████╗ ██╗   ██╗███╗   ██╗███╗   ██╗███████╗██████╗ 
██╔════╝ ████╗ ████║     ██║██║ ██╔╝    ██╔══██╗██║   ██║████╗  ██║████╗  ██║██╔════╝██╔══██╗
██║  ███╗██╔████╔██║     ██║█████╔╝     ██████╔╝██║   ██║██╔██╗ ██║██╔██╗ ██║█████╗  ██████╔╝
██║   ██║██║╚██╔╝██║██   ██║██╔═██╗     ██╔══██╗██║   ██║██║╚██╗██║██║╚██╗██║██╔══╝  ██╔══██╗
╚██████╔╝██║ ╚═╝ ██║╚█████╔╝██║  ██╗    ██║  ██║╚██████╔╝██║ ╚████║██║ ╚████║███████╗██║  ██║
 ╚═════╝ ╚═╝     ╚═╝ ╚════╝ ╚═╝  ╚═╝    ╚═╝  ╚═╝ ╚═════╝ ╚═╝  ╚═══╝╚═╝  ╚═══╝╚══════╝╚═╝  ╚═╝
                                                                                                                                          
    
2022-10-10 14:57:26.733 | SUCCESS  | __main__:main:22 - server started success.        ✔
2022-10-10 14:57:28.257 | SUCCESS  | __main__:main:14 - 
  ██████╗ ███╗   ███╗     ██╗██╗  ██╗    ██████╗ ██╗   ██╗███╗   ██╗███╗   ██╗███████╗██████╗ 
██╔════╝ ████╗ ████║     ██║██║ ██╔╝    ██╔══██╗██║   ██║████╗  ██║████╗  ██║██╔════╝██╔══██╗
██║  ███╗██╔████╔██║     ██║█████╔╝     ██████╔╝██║   ██║██╔██╗ ██║██╔██╗ ██║█████╗  ██████╔╝
██║   ██║██║╚██╔╝██║██   ██║██╔═██╗     ██╔══██╗██║   ██║██║╚██╗██║██║╚██╗██║██╔══╝  ██╔══██╗
╚██████╔╝██║ ╚═╝ ██║╚█████╔╝██║  ██╗    ██║  ██║╚██████╔╝██║ ╚████║██║ ╚████║███████╗██║  ██║
 ╚═════╝ ╚═╝     ╚═╝ ╚════╝ ╚═╝  ╚═╝    ╚═╝  ╚═╝ ╚═════╝ ╚═╝  ╚═══╝╚═╝  ╚═══╝╚══════╝╚═╝  ╚═╝
                                                                                                                                          
    
2022-10-10 14:57:28.331 | SUCCESS  | __main__:main:22 - server started success.        ✔
2022-10-10 14:58:57.430 | INFO     | gm_api_automation.middleware.LogMiddleware:process_response:84 - 耗时大于6秒的日志：{'time': '2022-10-10 14:57:34', 'url': '/createrTestSuits', 'method': 'POST', 'ip': '127.0.0.1', 'body': {'name': '测试套件用例标签3', 'project': '1', 'cron': '', 'case_list': [1, 2, 3], 'case_tag': '测试', 'desc': ''}, 'user': <User: admin>, 'protocol': 'http', 'response': '{"code":200,"message":"测试套件创建成功","success":true,"data":{}}', 'access_time': 83146}
2022-10-10 14:58:57.430 | INFO     | gm_api_automation.middleware.LogMiddleware:process_response:92 - POST http://127.0.0.1/createrTestSuits
2022-10-10 14:58:57.430 | INFO     | gm_api_automation.middleware.LogMiddleware:process_response:93 - 请求参数: {'name': '测试套件用例标签3', 'project': '1', 'cron': '', 'case_list': [1, 2, 3], 'case_tag': '测试', 'desc': ''}
2022-10-10 14:58:57.431 | INFO     | gm_api_automation.middleware.LogMiddleware:process_response:94 - 响应信息: {"code":200,"message":"测试套件创建成功","success":true,"data":{}}
2022-10-10 14:59:06.603 | INFO     | gm_api_automation.middleware.LogMiddleware:process_response:92 - POST http://127.0.0.1/createrTestSuits
2022-10-10 14:59:06.603 | INFO     | gm_api_automation.middleware.LogMiddleware:process_response:93 - 请求参数: {'name': '测试套件用例标签3', 'project': '1', 'cron': '', 'case_list': [1, 2, 3, 25], 'case_tag': '测试', 'desc': ''}
2022-10-10 14:59:06.603 | INFO     | gm_api_automation.middleware.LogMiddleware:process_response:94 - 响应信息: {"code":400,"message":"无效主键 “25” － 对象不存在。","success":false,"data":{}}
2022-10-10 15:00:43.948 | SUCCESS  | __main__:main:14 - 
  ██████╗ ███╗   ███╗     ██╗██╗  ██╗    ██████╗ ██╗   ██╗███╗   ██╗███╗   ██╗███████╗██████╗ 
██╔════╝ ████╗ ████║     ██║██║ ██╔╝    ██╔══██╗██║   ██║████╗  ██║████╗  ██║██╔════╝██╔══██╗
██║  ███╗██╔████╔██║     ██║█████╔╝     ██████╔╝██║   ██║██╔██╗ ██║██╔██╗ ██║█████╗  ██████╔╝
██║   ██║██║╚██╔╝██║██   ██║██╔═██╗     ██╔══██╗██║   ██║██║╚██╗██║██║╚██╗██║██╔══╝  ██╔══██╗
╚██████╔╝██║ ╚═╝ ██║╚█████╔╝██║  ██╗    ██║  ██║╚██████╔╝██║ ╚████║██║ ╚████║███████╗██║  ██║
 ╚═════╝ ╚═╝     ╚═╝ ╚════╝ ╚═╝  ╚═╝    ╚═╝  ╚═╝ ╚═════╝ ╚═╝  ╚═══╝╚═╝  ╚═══╝╚══════╝╚═╝  ╚═╝
                                                                                                                                          
    
2022-10-10 15:00:44.029 | SUCCESS  | __main__:main:22 - server started success.        ✔
2022-10-10 15:00:46.812 | INFO     | gm_api_automation.middleware.LogMiddleware:process_response:92 - POST http://127.0.0.1/createrTestSuits
2022-10-10 15:00:46.813 | INFO     | gm_api_automation.middleware.LogMiddleware:process_response:93 - 请求参数: {'name': '测试套件用例标签3', 'project': '1', 'cron': '', 'case_list': [1, 2, 3], 'desc': ''}
2022-10-10 15:00:46.813 | INFO     | gm_api_automation.middleware.LogMiddleware:process_response:94 - 响应信息: {"code":400,"message":"套件名称已存在","success":false,"data":{}}
2022-10-10 15:00:48.651 | INFO     | gm_api_automation.middleware.LogMiddleware:process_response:92 - POST http://127.0.0.1/createrTestSuits
2022-10-10 15:00:48.652 | INFO     | gm_api_automation.middleware.LogMiddleware:process_response:93 - 请求参数: {'name': '测试套件用例标签3', 'project': '1', 'cron': '', 'case_list': [1, 2, 3], 'desc': ''}
2022-10-10 15:00:48.652 | INFO     | gm_api_automation.middleware.LogMiddleware:process_response:94 - 响应信息: {"code":400,"message":"套件名称已存在","success":false,"data":{}}
2022-10-10 15:00:58.777 | INFO     | gm_api_automation.middleware.LogMiddleware:process_response:92 - POST http://127.0.0.1/createrTestSuits
2022-10-10 15:00:58.778 | INFO     | gm_api_automation.middleware.LogMiddleware:process_response:93 - 请求参数: {'name': '测试套件用例标签4', 'project': '1', 'cron': '', 'case_list': [1, 2, 3], 'desc': ''}
2022-10-10 15:00:58.779 | INFO     | gm_api_automation.middleware.LogMiddleware:process_response:94 - 响应信息: {"code":200,"message":"测试套件创建成功","success":true,"data":{}}
2022-10-10 15:02:59.724 | INFO     | gm_api_automation.middleware.LogMiddleware:process_response:92 - POST http://127.0.0.1/createrTestSuits
2022-10-10 15:02:59.725 | INFO     | gm_api_automation.middleware.LogMiddleware:process_response:93 - 请求参数: {'name': '测试套件用例标签5', 'project': '1', 'cron': '', 'desc': ''}
2022-10-10 15:02:59.725 | INFO     | gm_api_automation.middleware.LogMiddleware:process_response:94 - 响应信息: {"code":200,"message":"测试套件创建成功","success":true,"data":{}}
2022-10-10 15:04:39.271 | SUCCESS  | __main__:main:14 - 
  ██████╗ ███╗   ███╗     ██╗██╗  ██╗    ██████╗ ██╗   ██╗███╗   ██╗███╗   ██╗███████╗██████╗ 
██╔════╝ ████╗ ████║     ██║██║ ██╔╝    ██╔══██╗██║   ██║████╗  ██║████╗  ██║██╔════╝██╔══██╗
██║  ███╗██╔████╔██║     ██║█████╔╝     ██████╔╝██║   ██║██╔██╗ ██║██╔██╗ ██║█████╗  ██████╔╝
██║   ██║██║╚██╔╝██║██   ██║██╔═██╗     ██╔══██╗██║   ██║██║╚██╗██║██║╚██╗██║██╔══╝  ██╔══██╗
╚██████╔╝██║ ╚═╝ ██║╚█████╔╝██║  ██╗    ██║  ██║╚██████╔╝██║ ╚████║██║ ╚████║███████╗██║  ██║
 ╚═════╝ ╚═╝     ╚═╝ ╚════╝ ╚═╝  ╚═╝    ╚═╝  ╚═╝ ╚═════╝ ╚═╝  ╚═══╝╚═╝  ╚═══╝╚══════╝╚═╝  ╚═╝
                                                                                                                                          
    
2022-10-10 15:04:39.312 | SUCCESS  | __main__:main:22 - server started success.        ✔
2022-10-10 15:05:23.114 | SUCCESS  | __main__:main:14 - 
  ██████╗ ███╗   ███╗     ██╗██╗  ██╗    ██████╗ ██╗   ██╗███╗   ██╗███╗   ██╗███████╗██████╗ 
██╔════╝ ████╗ ████║     ██║██║ ██╔╝    ██╔══██╗██║   ██║████╗  ██║████╗  ██║██╔════╝██╔══██╗
██║  ███╗██╔████╔██║     ██║█████╔╝     ██████╔╝██║   ██║██╔██╗ ██║██╔██╗ ██║█████╗  ██████╔╝
██║   ██║██║╚██╔╝██║██   ██║██╔═██╗     ██╔══██╗██║   ██║██║╚██╗██║██║╚██╗██║██╔══╝  ██╔══██╗
╚██████╔╝██║ ╚═╝ ██║╚█████╔╝██║  ██╗    ██║  ██║╚██████╔╝██║ ╚████║██║ ╚████║███████╗██║  ██║
 ╚═════╝ ╚═╝     ╚═╝ ╚════╝ ╚═╝  ╚═╝    ╚═╝  ╚═╝ ╚═════╝ ╚═╝  ╚═══╝╚═╝  ╚═══╝╚══════╝╚═╝  ╚═╝
                                                                                                                                          
    
2022-10-10 15:05:23.156 | SUCCESS  | __main__:main:22 - server started success.        ✔
2022-10-10 15:38:48.449 | SUCCESS  | __main__:main:14 - 
  ██████╗ ███╗   ███╗     ██╗██╗  ██╗    ██████╗ ██╗   ██╗███╗   ██╗███╗   ██╗███████╗██████╗ 
██╔════╝ ████╗ ████║     ██║██║ ██╔╝    ██╔══██╗██║   ██║████╗  ██║████╗  ██║██╔════╝██╔══██╗
██║  ███╗██╔████╔██║     ██║█████╔╝     ██████╔╝██║   ██║██╔██╗ ██║██╔██╗ ██║█████╗  ██████╔╝
██║   ██║██║╚██╔╝██║██   ██║██╔═██╗     ██╔══██╗██║   ██║██║╚██╗██║██║╚██╗██║██╔══╝  ██╔══██╗
╚██████╔╝██║ ╚═╝ ██║╚█████╔╝██║  ██╗    ██║  ██║╚██████╔╝██║ ╚████║██║ ╚████║███████╗██║  ██║
 ╚═════╝ ╚═╝     ╚═╝ ╚════╝ ╚═╝  ╚═╝    ╚═╝  ╚═╝ ╚═════╝ ╚═╝  ╚═══╝╚═╝  ╚═══╝╚══════╝╚═╝  ╚═╝
                                                                                                                                          
    
2022-10-10 15:38:48.525 | SUCCESS  | __main__:main:22 - server started success.        ✔
2022-10-10 15:38:54.467 | SUCCESS  | __main__:main:14 - 
  ██████╗ ███╗   ███╗     ██╗██╗  ██╗    ██████╗ ██╗   ██╗███╗   ██╗███╗   ██╗███████╗██████╗ 
██╔════╝ ████╗ ████║     ██║██║ ██╔╝    ██╔══██╗██║   ██║████╗  ██║████╗  ██║██╔════╝██╔══██╗
██║  ███╗██╔████╔██║     ██║█████╔╝     ██████╔╝██║   ██║██╔██╗ ██║██╔██╗ ██║█████╗  ██████╔╝
██║   ██║██║╚██╔╝██║██   ██║██╔═██╗     ██╔══██╗██║   ██║██║╚██╗██║██║╚██╗██║██╔══╝  ██╔══██╗
╚██████╔╝██║ ╚═╝ ██║╚█████╔╝██║  ██╗    ██║  ██║╚██████╔╝██║ ╚████║██║ ╚████║███████╗██║  ██║
 ╚═════╝ ╚═╝     ╚═╝ ╚════╝ ╚═╝  ╚═╝    ╚═╝  ╚═╝ ╚═════╝ ╚═╝  ╚═══╝╚═╝  ╚═══╝╚══════╝╚═╝  ╚═╝
                                                                                                                                          
    
2022-10-10 15:38:54.507 | SUCCESS  | __main__:main:22 - server started success.        ✔
2022-10-10 15:39:18.294 | SUCCESS  | __main__:main:14 - 
  ██████╗ ███╗   ███╗     ██╗██╗  ██╗    ██████╗ ██╗   ██╗███╗   ██╗███╗   ██╗███████╗██████╗ 
██╔════╝ ████╗ ████║     ██║██║ ██╔╝    ██╔══██╗██║   ██║████╗  ██║████╗  ██║██╔════╝██╔══██╗
██║  ███╗██╔████╔██║     ██║█████╔╝     ██████╔╝██║   ██║██╔██╗ ██║██╔██╗ ██║█████╗  ██████╔╝
██║   ██║██║╚██╔╝██║██   ██║██╔═██╗     ██╔══██╗██║   ██║██║╚██╗██║██║╚██╗██║██╔══╝  ██╔══██╗
╚██████╔╝██║ ╚═╝ ██║╚█████╔╝██║  ██╗    ██║  ██║╚██████╔╝██║ ╚████║██║ ╚████║███████╗██║  ██║
 ╚═════╝ ╚═╝     ╚═╝ ╚════╝ ╚═╝  ╚═╝    ╚═╝  ╚═╝ ╚═════╝ ╚═╝  ╚═══╝╚═╝  ╚═══╝╚══════╝╚═╝  ╚═╝
                                                                                                                                          
    
2022-10-10 15:39:18.334 | SUCCESS  | __main__:main:22 - server started success.        ✔
2022-10-10 15:39:44.188 | INFO     | gm_api_automation.middleware.LogMiddleware:process_response:92 - POST http://127.0.0.1/createrTestSuits
2022-10-10 15:39:44.188 | INFO     | gm_api_automation.middleware.LogMiddleware:process_response:93 - 请求参数: {'name': '测试套件用例标签6', 'project': '1', 'cron': '', 'case_list': [1, 2, 3], 'desc': ''}
2022-10-10 15:39:44.189 | INFO     | gm_api_automation.middleware.LogMiddleware:process_response:94 - 响应信息: {"code":200,"message":"测试套件创建成功","success":true,"data":{}}
2022-10-10 16:08:28.445 | SUCCESS  | __main__:main:14 - 
  ██████╗ ███╗   ███╗     ██╗██╗  ██╗    ██████╗ ██╗   ██╗███╗   ██╗███╗   ██╗███████╗██████╗ 
██╔════╝ ████╗ ████║     ██║██║ ██╔╝    ██╔══██╗██║   ██║████╗  ██║████╗  ██║██╔════╝██╔══██╗
██║  ███╗██╔████╔██║     ██║█████╔╝     ██████╔╝██║   ██║██╔██╗ ██║██╔██╗ ██║█████╗  ██████╔╝
██║   ██║██║╚██╔╝██║██   ██║██╔═██╗     ██╔══██╗██║   ██║██║╚██╗██║██║╚██╗██║██╔══╝  ██╔══██╗
╚██████╔╝██║ ╚═╝ ██║╚█████╔╝██║  ██╗    ██║  ██║╚██████╔╝██║ ╚████║██║ ╚████║███████╗██║  ██║
 ╚═════╝ ╚═╝     ╚═╝ ╚════╝ ╚═╝  ╚═╝    ╚═╝  ╚═╝ ╚═════╝ ╚═╝  ╚═══╝╚═╝  ╚═══╝╚══════╝╚═╝  ╚═╝
                                                                                                                                          
    
2022-10-10 16:08:28.520 | SUCCESS  | __main__:main:22 - server started success.        ✔
2022-10-10 16:08:47.906 | SUCCESS  | __main__:main:14 - 
  ██████╗ ███╗   ███╗     ██╗██╗  ██╗    ██████╗ ██╗   ██╗███╗   ██╗███╗   ██╗███████╗██████╗ 
██╔════╝ ████╗ ████║     ██║██║ ██╔╝    ██╔══██╗██║   ██║████╗  ██║████╗  ██║██╔════╝██╔══██╗
██║  ███╗██╔████╔██║     ██║█████╔╝     ██████╔╝██║   ██║██╔██╗ ██║██╔██╗ ██║█████╗  ██████╔╝
██║   ██║██║╚██╔╝██║██   ██║██╔═██╗     ██╔══██╗██║   ██║██║╚██╗██║██║╚██╗██║██╔══╝  ██╔══██╗
╚██████╔╝██║ ╚═╝ ██║╚█████╔╝██║  ██╗    ██║  ██║╚██████╔╝██║ ╚████║██║ ╚████║███████╗██║  ██║
 ╚═════╝ ╚═╝     ╚═╝ ╚════╝ ╚═╝  ╚═╝    ╚═╝  ╚═╝ ╚═════╝ ╚═╝  ╚═══╝╚═╝  ╚═══╝╚══════╝╚═╝  ╚═╝
                                                                                                                                          
    
2022-10-10 16:08:47.945 | SUCCESS  | __main__:main:22 - server started success.        ✔
2022-10-10 16:09:09.987 | SUCCESS  | __main__:main:14 - 
  ██████╗ ███╗   ███╗     ██╗██╗  ██╗    ██████╗ ██╗   ██╗███╗   ██╗███╗   ██╗███████╗██████╗ 
██╔════╝ ████╗ ████║     ██║██║ ██╔╝    ██╔══██╗██║   ██║████╗  ██║████╗  ██║██╔════╝██╔══██╗
██║  ███╗██╔████╔██║     ██║█████╔╝     ██████╔╝██║   ██║██╔██╗ ██║██╔██╗ ██║█████╗  ██████╔╝
██║   ██║██║╚██╔╝██║██   ██║██╔═██╗     ██╔══██╗██║   ██║██║╚██╗██║██║╚██╗██║██╔══╝  ██╔══██╗
╚██████╔╝██║ ╚═╝ ██║╚█████╔╝██║  ██╗    ██║  ██║╚██████╔╝██║ ╚████║██║ ╚████║███████╗██║  ██║
 ╚═════╝ ╚═╝     ╚═╝ ╚════╝ ╚═╝  ╚═╝    ╚═╝  ╚═╝ ╚═════╝ ╚═╝  ╚═══╝╚═╝  ╚═══╝╚══════╝╚═╝  ╚═╝
                                                                                                                                          
    
2022-10-10 16:09:10.029 | SUCCESS  | __main__:main:22 - server started success.        ✔
2022-10-10 16:21:38.893 | INFO     | gm_api_automation.middleware.LogMiddleware:process_response:92 - POST http://127.0.0.1/createrTestSuits
2022-10-10 16:21:38.893 | INFO     | gm_api_automation.middleware.LogMiddleware:process_response:93 - 请求参数: {'name': '测试套件用例标签6', 'project': '1', 'cron': '', 'case_list': [1, 2, 3], 'desc': ''}
2022-10-10 16:21:38.894 | INFO     | gm_api_automation.middleware.LogMiddleware:process_response:94 - 响应信息: {"code":400,"message":"套件名称已存在","success":false,"data":{}}
2022-10-10 16:21:43.483 | INFO     | gm_api_automation.middleware.LogMiddleware:process_response:92 - POST http://127.0.0.1/createrTestSuits
2022-10-10 16:21:43.483 | INFO     | gm_api_automation.middleware.LogMiddleware:process_response:93 - 请求参数: {'name': '测试套件用例标签7', 'project': '1', 'cron': '', 'case_list': [1, 2, 3], 'desc': ''}
2022-10-10 16:21:43.483 | INFO     | gm_api_automation.middleware.LogMiddleware:process_response:94 - 响应信息: {"code":200,"message":"测试套件创建成功","success":true,"data":{}}
2022-10-10 16:27:25.447 | SUCCESS  | __main__:main:14 - 
  ██████╗ ███╗   ███╗     ██╗██╗  ██╗    ██████╗ ██╗   ██╗███╗   ██╗███╗   ██╗███████╗██████╗ 
██╔════╝ ████╗ ████║     ██║██║ ██╔╝    ██╔══██╗██║   ██║████╗  ██║████╗  ██║██╔════╝██╔══██╗
██║  ███╗██╔████╔██║     ██║█████╔╝     ██████╔╝██║   ██║██╔██╗ ██║██╔██╗ ██║█████╗  ██████╔╝
██║   ██║██║╚██╔╝██║██   ██║██╔═██╗     ██╔══██╗██║   ██║██║╚██╗██║██║╚██╗██║██╔══╝  ██╔══██╗
╚██████╔╝██║ ╚═╝ ██║╚█████╔╝██║  ██╗    ██║  ██║╚██████╔╝██║ ╚████║██║ ╚████║███████╗██║  ██║
 ╚═════╝ ╚═╝     ╚═╝ ╚════╝ ╚═╝  ╚═╝    ╚═╝  ╚═╝ ╚═════╝ ╚═╝  ╚═══╝╚═╝  ╚═══╝╚══════╝╚═╝  ╚═╝
                                                                                                                                          
    
2022-10-10 16:27:25.527 | SUCCESS  | __main__:main:22 - server started success.        ✔
2022-10-10 16:27:44.569 | SUCCESS  | __main__:main:14 - 
  ██████╗ ███╗   ███╗     ██╗██╗  ██╗    ██████╗ ██╗   ██╗███╗   ██╗███╗   ██╗███████╗██████╗ 
██╔════╝ ████╗ ████║     ██║██║ ██╔╝    ██╔══██╗██║   ██║████╗  ██║████╗  ██║██╔════╝██╔══██╗
██║  ███╗██╔████╔██║     ██║█████╔╝     ██████╔╝██║   ██║██╔██╗ ██║██╔██╗ ██║█████╗  ██████╔╝
██║   ██║██║╚██╔╝██║██   ██║██╔═██╗     ██╔══██╗██║   ██║██║╚██╗██║██║╚██╗██║██╔══╝  ██╔══██╗
╚██████╔╝██║ ╚═╝ ██║╚█████╔╝██║  ██╗    ██║  ██║╚██████╔╝██║ ╚████║██║ ╚████║███████╗██║  ██║
 ╚═════╝ ╚═╝     ╚═╝ ╚════╝ ╚═╝  ╚═╝    ╚═╝  ╚═╝ ╚═════╝ ╚═╝  ╚═══╝╚═╝  ╚═══╝╚══════╝╚═╝  ╚═╝
                                                                                                                                          
    
2022-10-10 16:27:44.608 | SUCCESS  | __main__:main:22 - server started success.        ✔
2022-10-10 16:27:58.978 | SUCCESS  | __main__:main:14 - 
  ██████╗ ███╗   ███╗     ██╗██╗  ██╗    ██████╗ ██╗   ██╗███╗   ██╗███╗   ██╗███████╗██████╗ 
██╔════╝ ████╗ ████║     ██║██║ ██╔╝    ██╔══██╗██║   ██║████╗  ██║████╗  ██║██╔════╝██╔══██╗
██║  ███╗██╔████╔██║     ██║█████╔╝     ██████╔╝██║   ██║██╔██╗ ██║██╔██╗ ██║█████╗  ██████╔╝
██║   ██║██║╚██╔╝██║██   ██║██╔═██╗     ██╔══██╗██║   ██║██║╚██╗██║██║╚██╗██║██╔══╝  ██╔══██╗
╚██████╔╝██║ ╚═╝ ██║╚█████╔╝██║  ██╗    ██║  ██║╚██████╔╝██║ ╚████║██║ ╚████║███████╗██║  ██║
 ╚═════╝ ╚═╝     ╚═╝ ╚════╝ ╚═╝  ╚═╝    ╚═╝  ╚═╝ ╚═════╝ ╚═╝  ╚═══╝╚═╝  ╚═══╝╚══════╝╚═╝  ╚═╝
                                                                                                                                          
    
2022-10-10 16:27:59.019 | SUCCESS  | __main__:main:22 - server started success.        ✔
2022-10-10 16:28:09.770 | INFO     | gm_api_automation.middleware.LogMiddleware:process_response:92 - POST http://127.0.0.1/createrTestSuits
2022-10-10 16:28:09.770 | INFO     | gm_api_automation.middleware.LogMiddleware:process_response:93 - 请求参数: {'name': '测试套件用例标签7', 'project': '1', 'cron': '', 'case_list': [1, 2, 3], 'desc': ''}
2022-10-10 16:28:09.771 | INFO     | gm_api_automation.middleware.LogMiddleware:process_response:94 - 响应信息: {"code":400,"message":"套件名称已存在","success":false,"data":{}}
2022-10-10 16:28:14.919 | INFO     | gm_api_automation.middleware.LogMiddleware:process_response:92 - POST http://127.0.0.1/createrTestSuits
2022-10-10 16:28:14.920 | INFO     | gm_api_automation.middleware.LogMiddleware:process_response:93 - 请求参数: {'name': '测试套件用例标签8', 'project': '1', 'cron': '', 'case_list': [1, 2, 3], 'desc': ''}
2022-10-10 16:28:14.920 | INFO     | gm_api_automation.middleware.LogMiddleware:process_response:94 - 响应信息: {"code":200,"message":"测试套件创建成功","success":true,"data":{}}
2022-10-10 16:30:04.429 | SUCCESS  | __main__:main:14 - 
  ██████╗ ███╗   ███╗     ██╗██╗  ██╗    ██████╗ ██╗   ██╗███╗   ██╗███╗   ██╗███████╗██████╗ 
██╔════╝ ████╗ ████║     ██║██║ ██╔╝    ██╔══██╗██║   ██║████╗  ██║████╗  ██║██╔════╝██╔══██╗
██║  ███╗██╔████╔██║     ██║█████╔╝     ██████╔╝██║   ██║██╔██╗ ██║██╔██╗ ██║█████╗  ██████╔╝
██║   ██║██║╚██╔╝██║██   ██║██╔═██╗     ██╔══██╗██║   ██║██║╚██╗██║██║╚██╗██║██╔══╝  ██╔══██╗
╚██████╔╝██║ ╚═╝ ██║╚█████╔╝██║  ██╗    ██║  ██║╚██████╔╝██║ ╚████║██║ ╚████║███████╗██║  ██║
 ╚═════╝ ╚═╝     ╚═╝ ╚════╝ ╚═╝  ╚═╝    ╚═╝  ╚═╝ ╚═════╝ ╚═╝  ╚═══╝╚═╝  ╚═══╝╚══════╝╚═╝  ╚═╝
                                                                                                                                          
    
2022-10-10 16:30:04.504 | SUCCESS  | __main__:main:22 - server started success.        ✔
2022-10-10 16:30:21.680 | SUCCESS  | __main__:main:14 - 
  ██████╗ ███╗   ███╗     ██╗██╗  ██╗    ██████╗ ██╗   ██╗███╗   ██╗███╗   ██╗███████╗██████╗ 
██╔════╝ ████╗ ████║     ██║██║ ██╔╝    ██╔══██╗██║   ██║████╗  ██║████╗  ██║██╔════╝██╔══██╗
██║  ███╗██╔████╔██║     ██║█████╔╝     ██████╔╝██║   ██║██╔██╗ ██║██╔██╗ ██║█████╗  ██████╔╝
██║   ██║██║╚██╔╝██║██   ██║██╔═██╗     ██╔══██╗██║   ██║██║╚██╗██║██║╚██╗██║██╔══╝  ██╔══██╗
╚██████╔╝██║ ╚═╝ ██║╚█████╔╝██║  ██╗    ██║  ██║╚██████╔╝██║ ╚████║██║ ╚████║███████╗██║  ██║
 ╚═════╝ ╚═╝     ╚═╝ ╚════╝ ╚═╝  ╚═╝    ╚═╝  ╚═╝ ╚═════╝ ╚═╝  ╚═══╝╚═╝  ╚═══╝╚══════╝╚═╝  ╚═╝
                                                                                                                                          
    
2022-10-10 16:30:21.731 | SUCCESS  | __main__:main:22 - server started success.        ✔
2022-10-10 16:30:34.360 | SUCCESS  | __main__:main:14 - 
  ██████╗ ███╗   ███╗     ██╗██╗  ██╗    ██████╗ ██╗   ██╗███╗   ██╗███╗   ██╗███████╗██████╗ 
██╔════╝ ████╗ ████║     ██║██║ ██╔╝    ██╔══██╗██║   ██║████╗  ██║████╗  ██║██╔════╝██╔══██╗
██║  ███╗██╔████╔██║     ██║█████╔╝     ██████╔╝██║   ██║██╔██╗ ██║██╔██╗ ██║█████╗  ██████╔╝
██║   ██║██║╚██╔╝██║██   ██║██╔═██╗     ██╔══██╗██║   ██║██║╚██╗██║██║╚██╗██║██╔══╝  ██╔══██╗
╚██████╔╝██║ ╚═╝ ██║╚█████╔╝██║  ██╗    ██║  ██║╚██████╔╝██║ ╚████║██║ ╚████║███████╗██║  ██║
 ╚═════╝ ╚═╝     ╚═╝ ╚════╝ ╚═╝  ╚═╝    ╚═╝  ╚═╝ ╚═════╝ ╚═╝  ╚═══╝╚═╝  ╚═══╝╚══════╝╚═╝  ╚═╝
                                                                                                                                          
    
2022-10-10 16:30:34.401 | SUCCESS  | __main__:main:22 - server started success.        ✔
2022-10-10 16:31:03.490 | SUCCESS  | __main__:main:14 - 
  ██████╗ ███╗   ███╗     ██╗██╗  ██╗    ██████╗ ██╗   ██╗███╗   ██╗███╗   ██╗███████╗██████╗ 
██╔════╝ ████╗ ████║     ██║██║ ██╔╝    ██╔══██╗██║   ██║████╗  ██║████╗  ██║██╔════╝██╔══██╗
██║  ███╗██╔████╔██║     ██║█████╔╝     ██████╔╝██║   ██║██╔██╗ ██║██╔██╗ ██║█████╗  ██████╔╝
██║   ██║██║╚██╔╝██║██   ██║██╔═██╗     ██╔══██╗██║   ██║██║╚██╗██║██║╚██╗██║██╔══╝  ██╔══██╗
╚██████╔╝██║ ╚═╝ ██║╚█████╔╝██║  ██╗    ██║  ██║╚██████╔╝██║ ╚████║██║ ╚████║███████╗██║  ██║
 ╚═════╝ ╚═╝     ╚═╝ ╚════╝ ╚═╝  ╚═╝    ╚═╝  ╚═╝ ╚═════╝ ╚═╝  ╚═══╝╚═╝  ╚═══╝╚══════╝╚═╝  ╚═╝
                                                                                                                                          
    
2022-10-10 16:31:03.530 | SUCCESS  | __main__:main:22 - server started success.        ✔
2022-10-10 16:32:39.713 | SUCCESS  | __main__:main:14 - 
  ██████╗ ███╗   ███╗     ██╗██╗  ██╗    ██████╗ ██╗   ██╗███╗   ██╗███╗   ██╗███████╗██████╗ 
██╔════╝ ████╗ ████║     ██║██║ ██╔╝    ██╔══██╗██║   ██║████╗  ██║████╗  ██║██╔════╝██╔══██╗
██║  ███╗██╔████╔██║     ██║█████╔╝     ██████╔╝██║   ██║██╔██╗ ██║██╔██╗ ██║█████╗  ██████╔╝
██║   ██║██║╚██╔╝██║██   ██║██╔═██╗     ██╔══██╗██║   ██║██║╚██╗██║██║╚██╗██║██╔══╝  ██╔══██╗
╚██████╔╝██║ ╚═╝ ██║╚█████╔╝██║  ██╗    ██║  ██║╚██████╔╝██║ ╚████║██║ ╚████║███████╗██║  ██║
 ╚═════╝ ╚═╝     ╚═╝ ╚════╝ ╚═╝  ╚═╝    ╚═╝  ╚═╝ ╚═════╝ ╚═╝  ╚═══╝╚═╝  ╚═══╝╚══════╝╚═╝  ╚═╝
                                                                                                                                          
    
2022-10-10 16:32:39.757 | SUCCESS  | __main__:main:22 - server started success.        ✔
2022-10-10 16:32:52.150 | SUCCESS  | __main__:main:14 - 
  ██████╗ ███╗   ███╗     ██╗██╗  ██╗    ██████╗ ██╗   ██╗███╗   ██╗███╗   ██╗███████╗██████╗ 
██╔════╝ ████╗ ████║     ██║██║ ██╔╝    ██╔══██╗██║   ██║████╗  ██║████╗  ██║██╔════╝██╔══██╗
██║  ███╗██╔████╔██║     ██║█████╔╝     ██████╔╝██║   ██║██╔██╗ ██║██╔██╗ ██║█████╗  ██████╔╝
██║   ██║██║╚██╔╝██║██   ██║██╔═██╗     ██╔══██╗██║   ██║██║╚██╗██║██║╚██╗██║██╔══╝  ██╔══██╗
╚██████╔╝██║ ╚═╝ ██║╚█████╔╝██║  ██╗    ██║  ██║╚██████╔╝██║ ╚████║██║ ╚████║███████╗██║  ██║
 ╚═════╝ ╚═╝     ╚═╝ ╚════╝ ╚═╝  ╚═╝    ╚═╝  ╚═╝ ╚═════╝ ╚═╝  ╚═══╝╚═╝  ╚═══╝╚══════╝╚═╝  ╚═╝
                                                                                                                                          
    
2022-10-10 16:32:52.191 | SUCCESS  | __main__:main:22 - server started success.        ✔
