2022-09-24 10:33:35.814 | SUCCESS  | __main__:main:14 - 
  ██████╗ ███╗   ███╗     ██╗██╗  ██╗    ██████╗ ██╗   ██╗███╗   ██╗███╗   ██╗███████╗██████╗ 
██╔════╝ ████╗ ████║     ██║██║ ██╔╝    ██╔══██╗██║   ██║████╗  ██║████╗  ██║██╔════╝██╔══██╗
██║  ███╗██╔████╔██║     ██║█████╔╝     ██████╔╝██║   ██║██╔██╗ ██║██╔██╗ ██║█████╗  ██████╔╝
██║   ██║██║╚██╔╝██║██   ██║██╔═██╗     ██╔══██╗██║   ██║██║╚██╗██║██║╚██╗██║██╔══╝  ██╔══██╗
╚██████╔╝██║ ╚═╝ ██║╚█████╔╝██║  ██╗    ██║  ██║╚██████╔╝██║ ╚████║██║ ╚████║███████╗██║  ██║
 ╚═════╝ ╚═╝     ╚═╝ ╚════╝ ╚═╝  ╚═╝    ╚═╝  ╚═╝ ╚═════╝ ╚═╝  ╚═══╝╚═╝  ╚═══╝╚══════╝╚═╝  ╚═╝
                                                                                                                                          
    
2022-09-24 10:33:35.906 | SUCCESS  | __main__:main:22 - server started success.        ✔
2022-09-24 10:33:58.859 | SUCCESS  | __main__:main:14 - 
  ██████╗ ███╗   ███╗     ██╗██╗  ██╗    ██████╗ ██╗   ██╗███╗   ██╗███╗   ██╗███████╗██████╗ 
██╔════╝ ████╗ ████║     ██║██║ ██╔╝    ██╔══██╗██║   ██║████╗  ██║████╗  ██║██╔════╝██╔══██╗
██║  ███╗██╔████╔██║     ██║█████╔╝     ██████╔╝██║   ██║██╔██╗ ██║██╔██╗ ██║█████╗  ██████╔╝
██║   ██║██║╚██╔╝██║██   ██║██╔═██╗     ██╔══██╗██║   ██║██║╚██╗██║██║╚██╗██║██╔══╝  ██╔══██╗
╚██████╔╝██║ ╚═╝ ██║╚█████╔╝██║  ██╗    ██║  ██║╚██████╔╝██║ ╚████║██║ ╚████║███████╗██║  ██║
 ╚═════╝ ╚═╝     ╚═╝ ╚════╝ ╚═╝  ╚═╝    ╚═╝  ╚═╝ ╚═════╝ ╚═╝  ╚═══╝╚═╝  ╚═══╝╚══════╝╚═╝  ╚═╝
                                                                                                                                          
    
2022-09-24 10:33:58.900 | SUCCESS  | __main__:main:22 - server started success.        ✔
2022-09-24 10:34:19.475 | SUCCESS  | __main__:main:14 - 
  ██████╗ ███╗   ███╗     ██╗██╗  ██╗    ██████╗ ██╗   ██╗███╗   ██╗███╗   ██╗███████╗██████╗ 
██╔════╝ ████╗ ████║     ██║██║ ██╔╝    ██╔══██╗██║   ██║████╗  ██║████╗  ██║██╔════╝██╔══██╗
██║  ███╗██╔████╔██║     ██║█████╔╝     ██████╔╝██║   ██║██╔██╗ ██║██╔██╗ ██║█████╗  ██████╔╝
██║   ██║██║╚██╔╝██║██   ██║██╔═██╗     ██╔══██╗██║   ██║██║╚██╗██║██║╚██╗██║██╔══╝  ██╔══██╗
╚██████╔╝██║ ╚═╝ ██║╚█████╔╝██║  ██╗    ██║  ██║╚██████╔╝██║ ╚████║██║ ╚████║███████╗██║  ██║
 ╚═════╝ ╚═╝     ╚═╝ ╚════╝ ╚═╝  ╚═╝    ╚═╝  ╚═╝ ╚═════╝ ╚═╝  ╚═══╝╚═╝  ╚═══╝╚══════╝╚═╝  ╚═╝
                                                                                                                                          
    
2022-09-24 10:34:19.516 | SUCCESS  | __main__:main:22 - server started success.        ✔
2022-09-24 10:34:31.146 | INFO     | gm_api_automation.middleware.LogMiddleware:process_response:92 - POST http://127.0.0.1/createrTestSuits
2022-09-24 10:34:31.146 | INFO     | gm_api_automation.middleware.LogMiddleware:process_response:93 - 请求参数: {'name': '套件名称3', 'project': '43', 'cron': '', 'env': '20', 'case_list': '1', 'state': '', 'desc': '123'}
2022-09-24 10:34:31.146 | INFO     | gm_api_automation.middleware.LogMiddleware:process_response:94 - 响应信息: {"code":400,"message":"该项目下已存在相同名称的套件","success":false,"data":{}}
2022-09-24 10:34:42.215 | INFO     | gm_api_automation.middleware.LogMiddleware:process_response:92 - POST http://127.0.0.1/createrTestSuits
2022-09-24 10:34:42.216 | INFO     | gm_api_automation.middleware.LogMiddleware:process_response:93 - 请求参数: {'name': '套件名称3', 'project': '43', 'cron': '', 'env': '20', 'case_list': '1', 'state': '', 'desc': ''}
2022-09-24 10:34:42.217 | INFO     | gm_api_automation.middleware.LogMiddleware:process_response:94 - 响应信息: {"code":400,"message":"该项目下已存在相同名称的套件","success":false,"data":{}}
2022-09-24 10:34:46.766 | INFO     | gm_api_automation.middleware.LogMiddleware:process_response:92 - POST http://127.0.0.1/createrTestSuits
2022-09-24 10:34:46.767 | INFO     | gm_api_automation.middleware.LogMiddleware:process_response:93 - 请求参数: {'name': '套件名称5', 'project': '43', 'cron': '', 'env': '20', 'case_list': '1', 'state': '', 'desc': ''}
2022-09-24 10:34:46.767 | INFO     | gm_api_automation.middleware.LogMiddleware:process_response:94 - 响应信息: {"code":200,"message":"测试套件创建成功","success":true,"data":{}}
2022-09-24 10:34:54.936 | INFO     | gm_api_automation.middleware.LogMiddleware:process_response:92 - POST http://127.0.0.1/createrTestSuits
2022-09-24 10:34:54.936 | INFO     | gm_api_automation.middleware.LogMiddleware:process_response:93 - 请求参数: {'name': '套件名称6', 'project': '43', 'cron': '', 'env': '20', 'case_list': '1', 'desc': ''}
2022-09-24 10:34:54.936 | INFO     | gm_api_automation.middleware.LogMiddleware:process_response:94 - 响应信息: {"code":200,"message":"测试套件创建成功","success":true,"data":{}}
2022-09-24 10:35:16.178 | INFO     | gm_api_automation.middleware.LogMiddleware:process_response:92 - POST http://127.0.0.1/createrTestSuits
2022-09-24 10:35:16.179 | INFO     | gm_api_automation.middleware.LogMiddleware:process_response:93 - 请求参数: {'name': '套件名称6', 'project': '42', 'cron': '', 'env': '20', 'case_list': '1', 'desc': ''}
2022-09-24 10:35:16.179 | INFO     | gm_api_automation.middleware.LogMiddleware:process_response:94 - 响应信息: {"code":400,"message":"项目不存在","success":false,"data":{}}
2022-09-24 10:35:19.896 | INFO     | gm_api_automation.middleware.LogMiddleware:process_response:92 - POST http://127.0.0.1/createrTestSuits
2022-09-24 10:35:19.897 | INFO     | gm_api_automation.middleware.LogMiddleware:process_response:93 - 请求参数: {'name': '套件名称6', 'project': '41', 'cron': '', 'env': '20', 'case_list': '1', 'desc': ''}
2022-09-24 10:35:19.897 | INFO     | gm_api_automation.middleware.LogMiddleware:process_response:94 - 响应信息: {"code":200,"message":"测试套件创建成功","success":true,"data":{}}
2022-09-24 10:35:21.855 | INFO     | gm_api_automation.middleware.LogMiddleware:process_response:92 - POST http://127.0.0.1/createrTestSuits
2022-09-24 10:35:21.855 | INFO     | gm_api_automation.middleware.LogMiddleware:process_response:93 - 请求参数: {'name': '套件名称6', 'project': '41', 'cron': '', 'env': '20', 'case_list': '1', 'desc': ''}
2022-09-24 10:35:21.856 | INFO     | gm_api_automation.middleware.LogMiddleware:process_response:94 - 响应信息: {"code":400,"message":"该项目下已存在相同名称的套件","success":false,"data":{}}
2022-09-24 10:41:13.736 | SUCCESS  | __main__:main:14 - 
  ██████╗ ███╗   ███╗     ██╗██╗  ██╗    ██████╗ ██╗   ██╗███╗   ██╗███╗   ██╗███████╗██████╗ 
██╔════╝ ████╗ ████║     ██║██║ ██╔╝    ██╔══██╗██║   ██║████╗  ██║████╗  ██║██╔════╝██╔══██╗
██║  ███╗██╔████╔██║     ██║█████╔╝     ██████╔╝██║   ██║██╔██╗ ██║██╔██╗ ██║█████╗  ██████╔╝
██║   ██║██║╚██╔╝██║██   ██║██╔═██╗     ██╔══██╗██║   ██║██║╚██╗██║██║╚██╗██║██╔══╝  ██╔══██╗
╚██████╔╝██║ ╚═╝ ██║╚█████╔╝██║  ██╗    ██║  ██║╚██████╔╝██║ ╚████║██║ ╚████║███████╗██║  ██║
 ╚═════╝ ╚═╝     ╚═╝ ╚════╝ ╚═╝  ╚═╝    ╚═╝  ╚═╝ ╚═════╝ ╚═╝  ╚═══╝╚═╝  ╚═══╝╚══════╝╚═╝  ╚═╝
                                                                                                                                          
    
2022-09-24 10:41:13.816 | SUCCESS  | __main__:main:22 - server started success.        ✔
2022-09-24 10:41:49.350 | INFO     | gm_api_automation.middleware.LogMiddleware:process_response:89 - <WSGIRequest: GET '/getTestSuits'>
2022-09-24 10:42:21.185 | INFO     | gm_api_automation.middleware.LogMiddleware:process_response:89 - <WSGIRequest: GET '/getTestSuits?pageNo=1&pageSize=5'>
2022-09-24 10:43:38.927 | SUCCESS  | __main__:main:14 - 
  ██████╗ ███╗   ███╗     ██╗██╗  ██╗    ██████╗ ██╗   ██╗███╗   ██╗███╗   ██╗███████╗██████╗ 
██╔════╝ ████╗ ████║     ██║██║ ██╔╝    ██╔══██╗██║   ██║████╗  ██║████╗  ██║██╔════╝██╔══██╗
██║  ███╗██╔████╔██║     ██║█████╔╝     ██████╔╝██║   ██║██╔██╗ ██║██╔██╗ ██║█████╗  ██████╔╝
██║   ██║██║╚██╔╝██║██   ██║██╔═██╗     ██╔══██╗██║   ██║██║╚██╗██║██║╚██╗██║██╔══╝  ██╔══██╗
╚██████╔╝██║ ╚═╝ ██║╚█████╔╝██║  ██╗    ██║  ██║╚██████╔╝██║ ╚████║██║ ╚████║███████╗██║  ██║
 ╚═════╝ ╚═╝     ╚═╝ ╚════╝ ╚═╝  ╚═╝    ╚═╝  ╚═╝ ╚═════╝ ╚═╝  ╚═══╝╚═╝  ╚═══╝╚══════╝╚═╝  ╚═╝
                                                                                                                                          
    
2022-09-24 10:43:39.024 | SUCCESS  | __main__:main:22 - server started success.        ✔
2022-09-24 10:43:42.144 | INFO     | gm_api_automation.middleware.LogMiddleware:process_response:89 - <WSGIRequest: GET '/getTestSuits?pageNo=1&pageSize=5'>
2022-09-24 10:45:26.404 | INFO     | gm_api_automation.middleware.LogMiddleware:process_response:89 - <WSGIRequest: GET '/getTestSuits?pageNo=1&pageSize=5'>
2022-09-24 10:45:28.697 | INFO     | gm_api_automation.middleware.LogMiddleware:process_response:89 - <WSGIRequest: GET '/getTestSuits?pageNo=1&pageSize=5'>
2022-09-24 10:47:20.886 | SUCCESS  | __main__:main:14 - 
  ██████╗ ███╗   ███╗     ██╗██╗  ██╗    ██████╗ ██╗   ██╗███╗   ██╗███╗   ██╗███████╗██████╗ 
██╔════╝ ████╗ ████║     ██║██║ ██╔╝    ██╔══██╗██║   ██║████╗  ██║████╗  ██║██╔════╝██╔══██╗
██║  ███╗██╔████╔██║     ██║█████╔╝     ██████╔╝██║   ██║██╔██╗ ██║██╔██╗ ██║█████╗  ██████╔╝
██║   ██║██║╚██╔╝██║██   ██║██╔═██╗     ██╔══██╗██║   ██║██║╚██╗██║██║╚██╗██║██╔══╝  ██╔══██╗
╚██████╔╝██║ ╚═╝ ██║╚█████╔╝██║  ██╗    ██║  ██║╚██████╔╝██║ ╚████║██║ ╚████║███████╗██║  ██║
 ╚═════╝ ╚═╝     ╚═╝ ╚════╝ ╚═╝  ╚═╝    ╚═╝  ╚═╝ ╚═════╝ ╚═╝  ╚═══╝╚═╝  ╚═══╝╚══════╝╚═╝  ╚═╝
                                                                                                                                          
    
2022-09-24 10:47:21.001 | SUCCESS  | __main__:main:22 - server started success.        ✔
2022-09-24 10:47:23.857 | INFO     | gm_api_automation.middleware.LogMiddleware:process_response:89 - <WSGIRequest: GET '/getTestSuits?pageNo=1&pageSize=5'>
2022-09-24 10:47:56.239 | SUCCESS  | __main__:main:14 - 
  ██████╗ ███╗   ███╗     ██╗██╗  ██╗    ██████╗ ██╗   ██╗███╗   ██╗███╗   ██╗███████╗██████╗ 
██╔════╝ ████╗ ████║     ██║██║ ██╔╝    ██╔══██╗██║   ██║████╗  ██║████╗  ██║██╔════╝██╔══██╗
██║  ███╗██╔████╔██║     ██║█████╔╝     ██████╔╝██║   ██║██╔██╗ ██║██╔██╗ ██║█████╗  ██████╔╝
██║   ██║██║╚██╔╝██║██   ██║██╔═██╗     ██╔══██╗██║   ██║██║╚██╗██║██║╚██╗██║██╔══╝  ██╔══██╗
╚██████╔╝██║ ╚═╝ ██║╚█████╔╝██║  ██╗    ██║  ██║╚██████╔╝██║ ╚████║██║ ╚████║███████╗██║  ██║
 ╚═════╝ ╚═╝     ╚═╝ ╚════╝ ╚═╝  ╚═╝    ╚═╝  ╚═╝ ╚═════╝ ╚═╝  ╚═══╝╚═╝  ╚═══╝╚══════╝╚═╝  ╚═╝
                                                                                                                                          
    
2022-09-24 10:47:56.313 | SUCCESS  | __main__:main:22 - server started success.        ✔
2022-09-24 10:47:59.436 | INFO     | gm_api_automation.middleware.LogMiddleware:process_response:89 - <WSGIRequest: GET '/getTestSuits?pageNo=1&pageSize=5'>
2022-09-24 10:49:02.468 | SUCCESS  | __main__:main:14 - 
  ██████╗ ███╗   ███╗     ██╗██╗  ██╗    ██████╗ ██╗   ██╗███╗   ██╗███╗   ██╗███████╗██████╗ 
██╔════╝ ████╗ ████║     ██║██║ ██╔╝    ██╔══██╗██║   ██║████╗  ██║████╗  ██║██╔════╝██╔══██╗
██║  ███╗██╔████╔██║     ██║█████╔╝     ██████╔╝██║   ██║██╔██╗ ██║██╔██╗ ██║█████╗  ██████╔╝
██║   ██║██║╚██╔╝██║██   ██║██╔═██╗     ██╔══██╗██║   ██║██║╚██╗██║██║╚██╗██║██╔══╝  ██╔══██╗
╚██████╔╝██║ ╚═╝ ██║╚█████╔╝██║  ██╗    ██║  ██║╚██████╔╝██║ ╚████║██║ ╚████║███████╗██║  ██║
 ╚═════╝ ╚═╝     ╚═╝ ╚════╝ ╚═╝  ╚═╝    ╚═╝  ╚═╝ ╚═════╝ ╚═╝  ╚═══╝╚═╝  ╚═══╝╚══════╝╚═╝  ╚═╝
                                                                                                                                          
    
2022-09-24 10:49:02.552 | SUCCESS  | __main__:main:22 - server started success.        ✔
2022-09-24 10:49:08.979 | INFO     | gm_api_automation.middleware.LogMiddleware:process_response:89 - <WSGIRequest: GET '/getTestSuits?pageNo=1&pageSize=5'>
2022-09-24 10:49:32.779 | INFO     | gm_api_automation.middleware.LogMiddleware:process_response:89 - <WSGIRequest: GET '/getTestSuits?pageNo=2&pageSize=5'>
2022-09-24 10:52:02.540 | INFO     | gm_api_automation.middleware.LogMiddleware:process_response:89 - <WSGIRequest: GET '/getTestSuits?pageNo=2&pageSize=5'>
2022-09-24 10:52:21.714 | INFO     | gm_api_automation.middleware.LogMiddleware:process_response:89 - <WSGIRequest: GET '/getTestSuits?pageNo=2&pageSize=5&name=%E5%A5%97%E4%BB%B6%E5%90%8D%E7%A7%B03'>
2022-09-24 10:52:38.016 | INFO     | gm_api_automation.middleware.LogMiddleware:process_response:89 - <WSGIRequest: GET '/getTestSuits?pageNo=2&pageSize=5'>
2022-09-24 10:53:14.895 | INFO     | gm_api_automation.middleware.LogMiddleware:process_response:89 - <WSGIRequest: GET '/getTestSuitsDetail?id%20=1'>
2022-09-24 10:53:19.022 | INFO     | gm_api_automation.middleware.LogMiddleware:process_response:89 - <WSGIRequest: GET '/getTestSuitsDetail?id=1'>
2022-09-24 10:55:25.860 | SUCCESS  | __main__:main:14 - 
  ██████╗ ███╗   ███╗     ██╗██╗  ██╗    ██████╗ ██╗   ██╗███╗   ██╗███╗   ██╗███████╗██████╗ 
██╔════╝ ████╗ ████║     ██║██║ ██╔╝    ██╔══██╗██║   ██║████╗  ██║████╗  ██║██╔════╝██╔══██╗
██║  ███╗██╔████╔██║     ██║█████╔╝     ██████╔╝██║   ██║██╔██╗ ██║██╔██╗ ██║█████╗  ██████╔╝
██║   ██║██║╚██╔╝██║██   ██║██╔═██╗     ██╔══██╗██║   ██║██║╚██╗██║██║╚██╗██║██╔══╝  ██╔══██╗
╚██████╔╝██║ ╚═╝ ██║╚█████╔╝██║  ██╗    ██║  ██║╚██████╔╝██║ ╚████║██║ ╚████║███████╗██║  ██║
 ╚═════╝ ╚═╝     ╚═╝ ╚════╝ ╚═╝  ╚═╝    ╚═╝  ╚═╝ ╚═════╝ ╚═╝  ╚═══╝╚═╝  ╚═══╝╚══════╝╚═╝  ╚═╝
                                                                                                                                          
    
2022-09-24 10:55:26.118 | SUCCESS  | __main__:main:22 - server started success.        ✔
2022-09-24 10:55:31.494 | INFO     | gm_api_automation.middleware.LogMiddleware:process_response:89 - <WSGIRequest: GET '/getTestSuitsDetail?id=1'>
2022-09-24 10:57:03.198 | SUCCESS  | __main__:main:14 - 
  ██████╗ ███╗   ███╗     ██╗██╗  ██╗    ██████╗ ██╗   ██╗███╗   ██╗███╗   ██╗███████╗██████╗ 
██╔════╝ ████╗ ████║     ██║██║ ██╔╝    ██╔══██╗██║   ██║████╗  ██║████╗  ██║██╔════╝██╔══██╗
██║  ███╗██╔████╔██║     ██║█████╔╝     ██████╔╝██║   ██║██╔██╗ ██║██╔██╗ ██║█████╗  ██████╔╝
██║   ██║██║╚██╔╝██║██   ██║██╔═██╗     ██╔══██╗██║   ██║██║╚██╗██║██║╚██╗██║██╔══╝  ██╔══██╗
╚██████╔╝██║ ╚═╝ ██║╚█████╔╝██║  ██╗    ██║  ██║╚██████╔╝██║ ╚████║██║ ╚████║███████╗██║  ██║
 ╚═════╝ ╚═╝     ╚═╝ ╚════╝ ╚═╝  ╚═╝    ╚═╝  ╚═╝ ╚═════╝ ╚═╝  ╚═══╝╚═╝  ╚═══╝╚══════╝╚═╝  ╚═╝
                                                                                                                                          
    
2022-09-24 10:57:03.292 | SUCCESS  | __main__:main:22 - server started success.        ✔
2022-09-24 10:57:05.943 | INFO     | gm_api_automation.middleware.LogMiddleware:process_response:89 - <WSGIRequest: GET '/getTestSuitsDetail?id=1'>
2022-09-24 10:57:07.239 | INFO     | gm_api_automation.middleware.LogMiddleware:process_response:89 - <WSGIRequest: GET '/getTestSuitsDetail?id=1'>
2022-09-24 10:57:08.748 | INFO     | gm_api_automation.middleware.LogMiddleware:process_response:89 - <WSGIRequest: GET '/getTestSuitsDetail?id=1'>
2022-09-24 10:57:59.320 | SUCCESS  | __main__:main:14 - 
  ██████╗ ███╗   ███╗     ██╗██╗  ██╗    ██████╗ ██╗   ██╗███╗   ██╗███╗   ██╗███████╗██████╗ 
██╔════╝ ████╗ ████║     ██║██║ ██╔╝    ██╔══██╗██║   ██║████╗  ██║████╗  ██║██╔════╝██╔══██╗
██║  ███╗██╔████╔██║     ██║█████╔╝     ██████╔╝██║   ██║██╔██╗ ██║██╔██╗ ██║█████╗  ██████╔╝
██║   ██║██║╚██╔╝██║██   ██║██╔═██╗     ██╔══██╗██║   ██║██║╚██╗██║██║╚██╗██║██╔══╝  ██╔══██╗
╚██████╔╝██║ ╚═╝ ██║╚█████╔╝██║  ██╗    ██║  ██║╚██████╔╝██║ ╚████║██║ ╚████║███████╗██║  ██║
 ╚═════╝ ╚═╝     ╚═╝ ╚════╝ ╚═╝  ╚═╝    ╚═╝  ╚═╝ ╚═════╝ ╚═╝  ╚═══╝╚═╝  ╚═══╝╚══════╝╚═╝  ╚═╝
                                                                                                                                          
    
2022-09-24 10:57:59.397 | SUCCESS  | __main__:main:22 - server started success.        ✔
2022-09-24 10:58:06.845 | INFO     | gm_api_automation.middleware.LogMiddleware:process_response:89 - <WSGIRequest: GET '/getTestSuitsDetail?id=1'>
2022-09-24 11:08:04.577 | SUCCESS  | __main__:main:14 - 
  ██████╗ ███╗   ███╗     ██╗██╗  ██╗    ██████╗ ██╗   ██╗███╗   ██╗███╗   ██╗███████╗██████╗ 
██╔════╝ ████╗ ████║     ██║██║ ██╔╝    ██╔══██╗██║   ██║████╗  ██║████╗  ██║██╔════╝██╔══██╗
██║  ███╗██╔████╔██║     ██║█████╔╝     ██████╔╝██║   ██║██╔██╗ ██║██╔██╗ ██║█████╗  ██████╔╝
██║   ██║██║╚██╔╝██║██   ██║██╔═██╗     ██╔══██╗██║   ██║██║╚██╗██║██║╚██╗██║██╔══╝  ██╔══██╗
╚██████╔╝██║ ╚═╝ ██║╚█████╔╝██║  ██╗    ██║  ██║╚██████╔╝██║ ╚████║██║ ╚████║███████╗██║  ██║
 ╚═════╝ ╚═╝     ╚═╝ ╚════╝ ╚═╝  ╚═╝    ╚═╝  ╚═╝ ╚═════╝ ╚═╝  ╚═══╝╚═╝  ╚═══╝╚══════╝╚═╝  ╚═╝
                                                                                                                                          
    
2022-09-24 11:08:04.664 | SUCCESS  | __main__:main:22 - server started success.        ✔
2022-09-24 11:08:27.685 | SUCCESS  | __main__:main:14 - 
  ██████╗ ███╗   ███╗     ██╗██╗  ██╗    ██████╗ ██╗   ██╗███╗   ██╗███╗   ██╗███████╗██████╗ 
██╔════╝ ████╗ ████║     ██║██║ ██╔╝    ██╔══██╗██║   ██║████╗  ██║████╗  ██║██╔════╝██╔══██╗
██║  ███╗██╔████╔██║     ██║█████╔╝     ██████╔╝██║   ██║██╔██╗ ██║██╔██╗ ██║█████╗  ██████╔╝
██║   ██║██║╚██╔╝██║██   ██║██╔═██╗     ██╔══██╗██║   ██║██║╚██╗██║██║╚██╗██║██╔══╝  ██╔══██╗
╚██████╔╝██║ ╚═╝ ██║╚█████╔╝██║  ██╗    ██║  ██║╚██████╔╝██║ ╚████║██║ ╚████║███████╗██║  ██║
 ╚═════╝ ╚═╝     ╚═╝ ╚════╝ ╚═╝  ╚═╝    ╚═╝  ╚═╝ ╚═════╝ ╚═╝  ╚═══╝╚═╝  ╚═══╝╚══════╝╚═╝  ╚═╝
                                                                                                                                          
    
2022-09-24 11:08:27.780 | SUCCESS  | __main__:main:22 - server started success.        ✔
2022-09-24 11:08:42.242 | SUCCESS  | __main__:main:14 - 
  ██████╗ ███╗   ███╗     ██╗██╗  ██╗    ██████╗ ██╗   ██╗███╗   ██╗███╗   ██╗███████╗██████╗ 
██╔════╝ ████╗ ████║     ██║██║ ██╔╝    ██╔══██╗██║   ██║████╗  ██║████╗  ██║██╔════╝██╔══██╗
██║  ███╗██╔████╔██║     ██║█████╔╝     ██████╔╝██║   ██║██╔██╗ ██║██╔██╗ ██║█████╗  ██████╔╝
██║   ██║██║╚██╔╝██║██   ██║██╔═██╗     ██╔══██╗██║   ██║██║╚██╗██║██║╚██╗██║██╔══╝  ██╔══██╗
╚██████╔╝██║ ╚═╝ ██║╚█████╔╝██║  ██╗    ██║  ██║╚██████╔╝██║ ╚████║██║ ╚████║███████╗██║  ██║
 ╚═════╝ ╚═╝     ╚═╝ ╚════╝ ╚═╝  ╚═╝    ╚═╝  ╚═╝ ╚═════╝ ╚═╝  ╚═══╝╚═╝  ╚═══╝╚══════╝╚═╝  ╚═╝
                                                                                                                                          
    
2022-09-24 11:08:42.347 | SUCCESS  | __main__:main:22 - server started success.        ✔
2022-09-24 11:09:03.057 | SUCCESS  | __main__:main:14 - 
  ██████╗ ███╗   ███╗     ██╗██╗  ██╗    ██████╗ ██╗   ██╗███╗   ██╗███╗   ██╗███████╗██████╗ 
██╔════╝ ████╗ ████║     ██║██║ ██╔╝    ██╔══██╗██║   ██║████╗  ██║████╗  ██║██╔════╝██╔══██╗
██║  ███╗██╔████╔██║     ██║█████╔╝     ██████╔╝██║   ██║██╔██╗ ██║██╔██╗ ██║█████╗  ██████╔╝
██║   ██║██║╚██╔╝██║██   ██║██╔═██╗     ██╔══██╗██║   ██║██║╚██╗██║██║╚██╗██║██╔══╝  ██╔══██╗
╚██████╔╝██║ ╚═╝ ██║╚█████╔╝██║  ██╗    ██║  ██║╚██████╔╝██║ ╚████║██║ ╚████║███████╗██║  ██║
 ╚═════╝ ╚═╝     ╚═╝ ╚════╝ ╚═╝  ╚═╝    ╚═╝  ╚═╝ ╚═════╝ ╚═╝  ╚═══╝╚═╝  ╚═══╝╚══════╝╚═╝  ╚═╝
                                                                                                                                          
    
2022-09-24 11:09:03.142 | SUCCESS  | __main__:main:22 - server started success.        ✔
2022-09-24 11:10:04.609 | SUCCESS  | __main__:main:14 - 
  ██████╗ ███╗   ███╗     ██╗██╗  ██╗    ██████╗ ██╗   ██╗███╗   ██╗███╗   ██╗███████╗██████╗ 
██╔════╝ ████╗ ████║     ██║██║ ██╔╝    ██╔══██╗██║   ██║████╗  ██║████╗  ██║██╔════╝██╔══██╗
██║  ███╗██╔████╔██║     ██║█████╔╝     ██████╔╝██║   ██║██╔██╗ ██║██╔██╗ ██║█████╗  ██████╔╝
██║   ██║██║╚██╔╝██║██   ██║██╔═██╗     ██╔══██╗██║   ██║██║╚██╗██║██║╚██╗██║██╔══╝  ██╔══██╗
╚██████╔╝██║ ╚═╝ ██║╚█████╔╝██║  ██╗    ██║  ██║╚██████╔╝██║ ╚████║██║ ╚████║███████╗██║  ██║
 ╚═════╝ ╚═╝     ╚═╝ ╚════╝ ╚═╝  ╚═╝    ╚═╝  ╚═╝ ╚═════╝ ╚═╝  ╚═══╝╚═╝  ╚═══╝╚══════╝╚═╝  ╚═╝
                                                                                                                                          
    
2022-09-24 11:10:04.726 | SUCCESS  | __main__:main:22 - server started success.        ✔
2022-09-24 11:32:01.001 | INFO     | gm_api_automation.middleware.LogMiddleware:process_response:92 - POST http://127.0.0.1/createrTestSuits
2022-09-24 11:32:01.001 | INFO     | gm_api_automation.middleware.LogMiddleware:process_response:93 - 请求参数: {'name': '套件名称6', 'project': '41,42', 'cron': '', 'env': '20', 'case_list': '1', 'desc': ''}
2022-09-24 11:32:01.001 | INFO     | gm_api_automation.middleware.LogMiddleware:process_response:94 - 响应信息: {"code":500,"message":"__init__() got an unexpected keyword argument 'min_length'","success":false,"data":{}}
2022-09-24 11:32:57.744 | SUCCESS  | __main__:main:14 - 
  ██████╗ ███╗   ███╗     ██╗██╗  ██╗    ██████╗ ██╗   ██╗███╗   ██╗███╗   ██╗███████╗██████╗ 
██╔════╝ ████╗ ████║     ██║██║ ██╔╝    ██╔══██╗██║   ██║████╗  ██║████╗  ██║██╔════╝██╔══██╗
██║  ███╗██╔████╔██║     ██║█████╔╝     ██████╔╝██║   ██║██╔██╗ ██║██╔██╗ ██║█████╗  ██████╔╝
██║   ██║██║╚██╔╝██║██   ██║██╔═██╗     ██╔══██╗██║   ██║██║╚██╗██║██║╚██╗██║██╔══╝  ██╔══██╗
╚██████╔╝██║ ╚═╝ ██║╚█████╔╝██║  ██╗    ██║  ██║╚██████╔╝██║ ╚████║██║ ╚████║███████╗██║  ██║
 ╚═════╝ ╚═╝     ╚═╝ ╚════╝ ╚═╝  ╚═╝    ╚═╝  ╚═╝ ╚═════╝ ╚═╝  ╚═══╝╚═╝  ╚═══╝╚══════╝╚═╝  ╚═╝
                                                                                                                                          
    
2022-09-24 11:32:57.819 | SUCCESS  | __main__:main:22 - server started success.        ✔
2022-09-24 11:33:03.391 | INFO     | gm_api_automation.middleware.LogMiddleware:process_response:92 - POST http://127.0.0.1/createrTestSuits
2022-09-24 11:33:03.391 | INFO     | gm_api_automation.middleware.LogMiddleware:process_response:93 - 请求参数: {'name': '套件名称6', 'project': '41,42', 'cron': '', 'env': '20', 'case_list': '1', 'desc': ''}
2022-09-24 11:33:03.392 | INFO     | gm_api_automation.middleware.LogMiddleware:process_response:94 - 响应信息: {"code":400,"message":"类型错误。期望为主键，获得的类型为 str。","success":false,"data":{}}
2022-09-24 11:33:52.539 | INFO     | gm_api_automation.middleware.LogMiddleware:process_response:92 - POST http://127.0.0.1/createrTestSuits
2022-09-24 11:33:52.539 | INFO     | gm_api_automation.middleware.LogMiddleware:process_response:93 - 请求参数: {'name': '套件名称6', 'project': '41', 'cron': '', 'env': '20', 'case_list': '1', 'desc': ''}
2022-09-24 11:33:52.539 | INFO     | gm_api_automation.middleware.LogMiddleware:process_response:94 - 响应信息: {"code":400,"message":"期望为一个包含物件的列表，得到的类型是“str”。","success":false,"data":{}}
2022-09-24 11:34:16.517 | INFO     | gm_api_automation.middleware.LogMiddleware:process_response:92 - POST http://127.0.0.1/createrTestSuits
2022-09-24 11:34:16.517 | INFO     | gm_api_automation.middleware.LogMiddleware:process_response:93 - 请求参数: {'name': '套件名称6', 'project': '41', 'cron': '', 'env': '20', 'case_list': [1, 2], 'desc': ''}
2022-09-24 11:34:16.518 | INFO     | gm_api_automation.middleware.LogMiddleware:process_response:94 - 响应信息: {"code":400,"message":"该项目下已存在相同名称的套件","success":false,"data":{}}
2022-09-24 16:25:43.626 | SUCCESS  | __main__:main:14 - 
  ██████╗ ███╗   ███╗     ██╗██╗  ██╗    ██████╗ ██╗   ██╗███╗   ██╗███╗   ██╗███████╗██████╗ 
██╔════╝ ████╗ ████║     ██║██║ ██╔╝    ██╔══██╗██║   ██║████╗  ██║████╗  ██║██╔════╝██╔══██╗
██║  ███╗██╔████╔██║     ██║█████╔╝     ██████╔╝██║   ██║██╔██╗ ██║██╔██╗ ██║█████╗  ██████╔╝
██║   ██║██║╚██╔╝██║██   ██║██╔═██╗     ██╔══██╗██║   ██║██║╚██╗██║██║╚██╗██║██╔══╝  ██╔══██╗
╚██████╔╝██║ ╚═╝ ██║╚█████╔╝██║  ██╗    ██║  ██║╚██████╔╝██║ ╚████║██║ ╚████║███████╗██║  ██║
 ╚═════╝ ╚═╝     ╚═╝ ╚════╝ ╚═╝  ╚═╝    ╚═╝  ╚═╝ ╚═════╝ ╚═╝  ╚═══╝╚═╝  ╚═══╝╚══════╝╚═╝  ╚═╝
                                                                                                                                          
    
2022-09-24 16:25:43.670 | SUCCESS  | __main__:main:22 - server started success.        ✔
2022-09-24 16:26:03.130 | SUCCESS  | __main__:main:14 - 
  ██████╗ ███╗   ███╗     ██╗██╗  ██╗    ██████╗ ██╗   ██╗███╗   ██╗███╗   ██╗███████╗██████╗ 
██╔════╝ ████╗ ████║     ██║██║ ██╔╝    ██╔══██╗██║   ██║████╗  ██║████╗  ██║██╔════╝██╔══██╗
██║  ███╗██╔████╔██║     ██║█████╔╝     ██████╔╝██║   ██║██╔██╗ ██║██╔██╗ ██║█████╗  ██████╔╝
██║   ██║██║╚██╔╝██║██   ██║██╔═██╗     ██╔══██╗██║   ██║██║╚██╗██║██║╚██╗██║██╔══╝  ██╔══██╗
╚██████╔╝██║ ╚═╝ ██║╚█████╔╝██║  ██╗    ██║  ██║╚██████╔╝██║ ╚████║██║ ╚████║███████╗██║  ██║
 ╚═════╝ ╚═╝     ╚═╝ ╚════╝ ╚═╝  ╚═╝    ╚═╝  ╚═╝ ╚═════╝ ╚═╝  ╚═══╝╚═╝  ╚═══╝╚══════╝╚═╝  ╚═╝
                                                                                                                                          
    
2022-09-24 16:26:03.171 | SUCCESS  | __main__:main:22 - server started success.        ✔
2022-09-24 16:28:03.537 | INFO     | gm_api_automation.middleware.LogMiddleware:process_response:92 - POST http://127.0.0.1/createrTestSuits
2022-09-24 16:28:03.538 | INFO     | gm_api_automation.middleware.LogMiddleware:process_response:93 - 请求参数: {'name': '套件名称6', 'project': '41', 'cron': '', 'env': '20', 'case_list': [1, 2], 'desc': ''}
2022-09-24 16:28:03.538 | INFO     | gm_api_automation.middleware.LogMiddleware:process_response:94 - 响应信息: {"code":400,"message":"该项目下已存在相同名称的套件","success":false,"data":{}}
2022-09-24 16:30:17.507 | SUCCESS  | __main__:main:14 - 
  ██████╗ ███╗   ███╗     ██╗██╗  ██╗    ██████╗ ██╗   ██╗███╗   ██╗███╗   ██╗███████╗██████╗ 
██╔════╝ ████╗ ████║     ██║██║ ██╔╝    ██╔══██╗██║   ██║████╗  ██║████╗  ██║██╔════╝██╔══██╗
██║  ███╗██╔████╔██║     ██║█████╔╝     ██████╔╝██║   ██║██╔██╗ ██║██╔██╗ ██║█████╗  ██████╔╝
██║   ██║██║╚██╔╝██║██   ██║██╔═██╗     ██╔══██╗██║   ██║██║╚██╗██║██║╚██╗██║██╔══╝  ██╔══██╗
╚██████╔╝██║ ╚═╝ ██║╚█████╔╝██║  ██╗    ██║  ██║╚██████╔╝██║ ╚████║██║ ╚████║███████╗██║  ██║
 ╚═════╝ ╚═╝     ╚═╝ ╚════╝ ╚═╝  ╚═╝    ╚═╝  ╚═╝ ╚═════╝ ╚═╝  ╚═══╝╚═╝  ╚═══╝╚══════╝╚═╝  ╚═╝
                                                                                                                                          
    
2022-09-24 16:30:17.598 | SUCCESS  | __main__:main:22 - server started success.        ✔
2022-09-24 16:30:19.711 | INFO     | gm_api_automation.middleware.LogMiddleware:process_response:92 - POST http://127.0.0.1/createrTestSuits
2022-09-24 16:30:19.712 | INFO     | gm_api_automation.middleware.LogMiddleware:process_response:93 - 请求参数: {'name': '套件名称6', 'project': '41', 'cron': '', 'env': '20', 'case_list': [1, 2], 'desc': ''}
2022-09-24 16:30:19.712 | INFO     | gm_api_automation.middleware.LogMiddleware:process_response:94 - 响应信息: {"code":400,"message":"该项目下已存在相同名称的套件","success":false,"data":{}}
2022-09-24 16:30:25.903 | INFO     | gm_api_automation.middleware.LogMiddleware:process_response:92 - POST http://127.0.0.1/createrTestSuits
2022-09-24 16:30:25.904 | INFO     | gm_api_automation.middleware.LogMiddleware:process_response:93 - 请求参数: {'name': '套件名称7', 'project': '41', 'cron': '', 'env': '20', 'case_list': [1, 2], 'desc': ''}
2022-09-24 16:30:25.904 | INFO     | gm_api_automation.middleware.LogMiddleware:process_response:94 - 响应信息: {"code":200,"message":"测试套件创建成功","success":true,"data":{}}
2022-09-24 16:31:14.436 | INFO     | gm_api_automation.middleware.LogMiddleware:process_response:89 - <WSGIRequest: GET '/getTestSuits?pageNo=2&pageSize=5'>
2022-09-24 16:38:02.759 | SUCCESS  | __main__:main:14 - 
  ██████╗ ███╗   ███╗     ██╗██╗  ██╗    ██████╗ ██╗   ██╗███╗   ██╗███╗   ██╗███████╗██████╗ 
██╔════╝ ████╗ ████║     ██║██║ ██╔╝    ██╔══██╗██║   ██║████╗  ██║████╗  ██║██╔════╝██╔══██╗
██║  ███╗██╔████╔██║     ██║█████╔╝     ██████╔╝██║   ██║██╔██╗ ██║██╔██╗ ██║█████╗  ██████╔╝
██║   ██║██║╚██╔╝██║██   ██║██╔═██╗     ██╔══██╗██║   ██║██║╚██╗██║██║╚██╗██║██╔══╝  ██╔══██╗
╚██████╔╝██║ ╚═╝ ██║╚█████╔╝██║  ██╗    ██║  ██║╚██████╔╝██║ ╚████║██║ ╚████║███████╗██║  ██║
 ╚═════╝ ╚═╝     ╚═╝ ╚════╝ ╚═╝  ╚═╝    ╚═╝  ╚═╝ ╚═════╝ ╚═╝  ╚═══╝╚═╝  ╚═══╝╚══════╝╚═╝  ╚═╝
                                                                                                                                          
    
2022-09-24 16:38:02.835 | SUCCESS  | __main__:main:22 - server started success.        ✔
2022-09-24 16:42:08.312 | SUCCESS  | __main__:main:14 - 
  ██████╗ ███╗   ███╗     ██╗██╗  ██╗    ██████╗ ██╗   ██╗███╗   ██╗███╗   ██╗███████╗██████╗ 
██╔════╝ ████╗ ████║     ██║██║ ██╔╝    ██╔══██╗██║   ██║████╗  ██║████╗  ██║██╔════╝██╔══██╗
██║  ███╗██╔████╔██║     ██║█████╔╝     ██████╔╝██║   ██║██╔██╗ ██║██╔██╗ ██║█████╗  ██████╔╝
██║   ██║██║╚██╔╝██║██   ██║██╔═██╗     ██╔══██╗██║   ██║██║╚██╗██║██║╚██╗██║██╔══╝  ██╔══██╗
╚██████╔╝██║ ╚═╝ ██║╚█████╔╝██║  ██╗    ██║  ██║╚██████╔╝██║ ╚████║██║ ╚████║███████╗██║  ██║
 ╚═════╝ ╚═╝     ╚═╝ ╚════╝ ╚═╝  ╚═╝    ╚═╝  ╚═╝ ╚═════╝ ╚═╝  ╚═══╝╚═╝  ╚═══╝╚══════╝╚═╝  ╚═╝
                                                                                                                                          
    
2022-09-24 16:42:08.391 | SUCCESS  | __main__:main:22 - server started success.        ✔
2022-09-24 16:42:10.533 | INFO     | gm_api_automation.middleware.LogMiddleware:process_response:89 - <WSGIRequest: GET '/getTestSuits?pageNo=2&pageSize=5'>
2022-09-24 16:46:29.420 | SUCCESS  | __main__:main:14 - 
  ██████╗ ███╗   ███╗     ██╗██╗  ██╗    ██████╗ ██╗   ██╗███╗   ██╗███╗   ██╗███████╗██████╗ 
██╔════╝ ████╗ ████║     ██║██║ ██╔╝    ██╔══██╗██║   ██║████╗  ██║████╗  ██║██╔════╝██╔══██╗
██║  ███╗██╔████╔██║     ██║█████╔╝     ██████╔╝██║   ██║██╔██╗ ██║██╔██╗ ██║█████╗  ██████╔╝
██║   ██║██║╚██╔╝██║██   ██║██╔═██╗     ██╔══██╗██║   ██║██║╚██╗██║██║╚██╗██║██╔══╝  ██╔══██╗
╚██████╔╝██║ ╚═╝ ██║╚█████╔╝██║  ██╗    ██║  ██║╚██████╔╝██║ ╚████║██║ ╚████║███████╗██║  ██║
 ╚═════╝ ╚═╝     ╚═╝ ╚════╝ ╚═╝  ╚═╝    ╚═╝  ╚═╝ ╚═════╝ ╚═╝  ╚═══╝╚═╝  ╚═══╝╚══════╝╚═╝  ╚═╝
                                                                                                                                          
    
2022-09-24 16:46:29.502 | SUCCESS  | __main__:main:22 - server started success.        ✔
2022-09-24 16:46:33.063 | INFO     | gm_api_automation.middleware.LogMiddleware:process_response:89 - <WSGIRequest: GET '/getTestSuits?pageNo=2&pageSize=5'>
2022-09-24 16:47:51.335 | INFO     | gm_api_automation.middleware.LogMiddleware:process_response:89 - <WSGIRequest: GET '/getTestSuitsDetail?id=1'>
2022-09-24 17:00:21.347 | SUCCESS  | __main__:main:14 - 
  ██████╗ ███╗   ███╗     ██╗██╗  ██╗    ██████╗ ██╗   ██╗███╗   ██╗███╗   ██╗███████╗██████╗ 
██╔════╝ ████╗ ████║     ██║██║ ██╔╝    ██╔══██╗██║   ██║████╗  ██║████╗  ██║██╔════╝██╔══██╗
██║  ███╗██╔████╔██║     ██║█████╔╝     ██████╔╝██║   ██║██╔██╗ ██║██╔██╗ ██║█████╗  ██████╔╝
██║   ██║██║╚██╔╝██║██   ██║██╔═██╗     ██╔══██╗██║   ██║██║╚██╗██║██║╚██╗██║██╔══╝  ██╔══██╗
╚██████╔╝██║ ╚═╝ ██║╚█████╔╝██║  ██╗    ██║  ██║╚██████╔╝██║ ╚████║██║ ╚████║███████╗██║  ██║
 ╚═════╝ ╚═╝     ╚═╝ ╚════╝ ╚═╝  ╚═╝    ╚═╝  ╚═╝ ╚═════╝ ╚═╝  ╚═══╝╚═╝  ╚═══╝╚══════╝╚═╝  ╚═╝
                                                                                                                                          
    
2022-09-24 17:00:21.430 | SUCCESS  | __main__:main:22 - server started success.        ✔
2022-09-24 17:04:30.277 | INFO     | gm_api_automation.middleware.LogMiddleware:process_response:84 - 耗时大于6秒的日志：{'time': '2022-09-24 17:00:24', 'url': '/getTestSuits', 'method': 'GET', 'ip': '127.0.0.1', 'body': <QueryDict: {'pageNo': ['2'], 'pageSize': ['5']}>, 'user': <User: admin>, 'protocol': 'http', 'response': '{"code":500,"message":"\'TestSuit\' object has no attribute \'testsuit_interfaces\'","success":false,"data":{}}', 'access_time': 245476}
2022-09-24 17:04:30.278 | INFO     | gm_api_automation.middleware.LogMiddleware:process_response:89 - <WSGIRequest: GET '/getTestSuits?pageNo=2&pageSize=5'>
2022-09-24 17:05:08.924 | INFO     | gm_api_automation.middleware.LogMiddleware:process_response:84 - 耗时大于6秒的日志：{'time': '2022-09-24 17:05:02', 'url': '/createrTestSuits', 'method': 'POST', 'ip': '127.0.0.1', 'body': {'name': '套件名称8', 'project': '41', 'cron': '', 'env': '20', 'case_list': [44, 54, 55], 'desc': ''}, 'user': <User: admin>, 'protocol': 'http', 'response': '{"code":500,"message":"\'TestSuit\' object has no attribute \'testsuit_interfaces\'","success":false,"data":{}}', 'access_time': 6406}
2022-09-24 17:05:08.925 | INFO     | gm_api_automation.middleware.LogMiddleware:process_response:92 - POST http://127.0.0.1/createrTestSuits
2022-09-24 17:05:08.925 | INFO     | gm_api_automation.middleware.LogMiddleware:process_response:93 - 请求参数: {'name': '套件名称8', 'project': '41', 'cron': '', 'env': '20', 'case_list': [44, 54, 55], 'desc': ''}
2022-09-24 17:05:08.925 | INFO     | gm_api_automation.middleware.LogMiddleware:process_response:94 - 响应信息: {"code":500,"message":"'TestSuit' object has no attribute 'testsuit_interfaces'","success":false,"data":{}}
2022-09-24 17:08:04.214 | INFO     | gm_api_automation.middleware.LogMiddleware:process_response:84 - 耗时大于6秒的日志：{'time': '2022-09-24 17:07:57', 'url': '/getTestSuits', 'method': 'GET', 'ip': '127.0.0.1', 'body': <QueryDict: {'pageNo': ['2'], 'pageSize': ['5']}>, 'user': <User: admin>, 'protocol': 'http', 'response': '{"code":500,"message":"\'TestSuit\' object has no attribute \'testsuit_interfaces\'","success":false,"data":{}}', 'access_time': 6889}
2022-09-24 17:08:04.215 | INFO     | gm_api_automation.middleware.LogMiddleware:process_response:89 - <WSGIRequest: GET '/getTestSuits?pageNo=2&pageSize=5'>
2022-09-24 17:08:49.688 | INFO     | gm_api_automation.middleware.LogMiddleware:process_response:84 - 耗时大于6秒的日志：{'time': '2022-09-24 17:08:09', 'url': '/getTestSuitsDetail', 'method': 'GET', 'ip': '127.0.0.1', 'body': <QueryDict: {'id': ['11']}>, 'user': <User: admin>, 'protocol': 'http', 'response': '{"code":500,"message":"\'TestSuit\' object has no attribute \'testsuit_interfaces\'","success":false,"data":{}}', 'access_time': 40172}
2022-09-24 17:08:49.689 | INFO     | gm_api_automation.middleware.LogMiddleware:process_response:89 - <WSGIRequest: GET '/getTestSuitsDetail?id=11'>
2022-09-24 17:08:58.089 | SUCCESS  | __main__:main:14 - 
  ██████╗ ███╗   ███╗     ██╗██╗  ██╗    ██████╗ ██╗   ██╗███╗   ██╗███╗   ██╗███████╗██████╗ 
██╔════╝ ████╗ ████║     ██║██║ ██╔╝    ██╔══██╗██║   ██║████╗  ██║████╗  ██║██╔════╝██╔══██╗
██║  ███╗██╔████╔██║     ██║█████╔╝     ██████╔╝██║   ██║██╔██╗ ██║██╔██╗ ██║█████╗  ██████╔╝
██║   ██║██║╚██╔╝██║██   ██║██╔═██╗     ██╔══██╗██║   ██║██║╚██╗██║██║╚██╗██║██╔══╝  ██╔══██╗
╚██████╔╝██║ ╚═╝ ██║╚█████╔╝██║  ██╗    ██║  ██║╚██████╔╝██║ ╚████║██║ ╚████║███████╗██║  ██║
 ╚═════╝ ╚═╝     ╚═╝ ╚════╝ ╚═╝  ╚═╝    ╚═╝  ╚═╝ ╚═════╝ ╚═╝  ╚═══╝╚═╝  ╚═══╝╚══════╝╚═╝  ╚═╝
                                                                                                                                          
    
2022-09-24 17:08:58.192 | SUCCESS  | __main__:main:22 - server started success.        ✔
2022-09-24 17:09:02.982 | INFO     | gm_api_automation.middleware.LogMiddleware:process_response:89 - <WSGIRequest: GET '/getTestSuitsDetail?id=11'>
2022-09-24 17:10:40.860 | INFO     | gm_api_automation.middleware.LogMiddleware:process_response:84 - 耗时大于6秒的日志：{'time': '2022-09-24 17:09:19', 'url': '/getTestSuitsDetail', 'method': 'GET', 'ip': '127.0.0.1', 'body': <QueryDict: {'id': ['11']}>, 'user': <User: admin>, 'protocol': 'http', 'response': '{"code":500,"message":"Direct assignment to the forward side of a many-to-many set is prohibited. Use case_list.set() instead.","success":false,"data":{}}', 'access_time': 81623}
2022-09-24 17:10:40.861 | INFO     | gm_api_automation.middleware.LogMiddleware:process_response:89 - <WSGIRequest: GET '/getTestSuitsDetail?id=11'>
2022-09-24 17:10:42.925 | INFO     | gm_api_automation.middleware.LogMiddleware:process_response:89 - <WSGIRequest: GET '/getTestSuitsDetail?id=11'>
2022-09-24 17:10:44.576 | SUCCESS  | __main__:main:14 - 
  ██████╗ ███╗   ███╗     ██╗██╗  ██╗    ██████╗ ██╗   ██╗███╗   ██╗███╗   ██╗███████╗██████╗ 
██╔════╝ ████╗ ████║     ██║██║ ██╔╝    ██╔══██╗██║   ██║████╗  ██║████╗  ██║██╔════╝██╔══██╗
██║  ███╗██╔████╔██║     ██║█████╔╝     ██████╔╝██║   ██║██╔██╗ ██║██╔██╗ ██║█████╗  ██████╔╝
██║   ██║██║╚██╔╝██║██   ██║██╔═██╗     ██╔══██╗██║   ██║██║╚██╗██║██║╚██╗██║██╔══╝  ██╔══██╗
╚██████╔╝██║ ╚═╝ ██║╚█████╔╝██║  ██╗    ██║  ██║╚██████╔╝██║ ╚████║██║ ╚████║███████╗██║  ██║
 ╚═════╝ ╚═╝     ╚═╝ ╚════╝ ╚═╝  ╚═╝    ╚═╝  ╚═╝ ╚═════╝ ╚═╝  ╚═══╝╚═╝  ╚═══╝╚══════╝╚═╝  ╚═╝
                                                                                                                                          
    
2022-09-24 17:10:44.693 | SUCCESS  | __main__:main:22 - server started success.        ✔
2022-09-24 17:10:48.543 | INFO     | gm_api_automation.middleware.LogMiddleware:process_response:89 - <WSGIRequest: GET '/getTestSuitsDetail?id=11'>
2022-09-24 17:11:06.610 | SUCCESS  | __main__:main:14 - 
  ██████╗ ███╗   ███╗     ██╗██╗  ██╗    ██████╗ ██╗   ██╗███╗   ██╗███╗   ██╗███████╗██████╗ 
██╔════╝ ████╗ ████║     ██║██║ ██╔╝    ██╔══██╗██║   ██║████╗  ██║████╗  ██║██╔════╝██╔══██╗
██║  ███╗██╔████╔██║     ██║█████╔╝     ██████╔╝██║   ██║██╔██╗ ██║██╔██╗ ██║█████╗  ██████╔╝
██║   ██║██║╚██╔╝██║██   ██║██╔═██╗     ██╔══██╗██║   ██║██║╚██╗██║██║╚██╗██║██╔══╝  ██╔══██╗
╚██████╔╝██║ ╚═╝ ██║╚█████╔╝██║  ██╗    ██║  ██║╚██████╔╝██║ ╚████║██║ ╚████║███████╗██║  ██║
 ╚═════╝ ╚═╝     ╚═╝ ╚════╝ ╚═╝  ╚═╝    ╚═╝  ╚═╝ ╚═════╝ ╚═╝  ╚═══╝╚═╝  ╚═══╝╚══════╝╚═╝  ╚═╝
                                                                                                                                          
    
2022-09-24 17:11:06.731 | SUCCESS  | __main__:main:22 - server started success.        ✔
2022-09-24 17:12:50.185 | INFO     | gm_api_automation.middleware.LogMiddleware:process_response:89 - <WSGIRequest: GET '/getTestSuitsDetail?id=11'>
2022-09-24 17:14:13.889 | INFO     | gm_api_automation.middleware.LogMiddleware:process_response:89 - <WSGIRequest: GET '/getTestSuitsDetail?id=11'>
2022-09-24 17:14:15.134 | SUCCESS  | __main__:main:14 - 
  ██████╗ ███╗   ███╗     ██╗██╗  ██╗    ██████╗ ██╗   ██╗███╗   ██╗███╗   ██╗███████╗██████╗ 
██╔════╝ ████╗ ████║     ██║██║ ██╔╝    ██╔══██╗██║   ██║████╗  ██║████╗  ██║██╔════╝██╔══██╗
██║  ███╗██╔████╔██║     ██║█████╔╝     ██████╔╝██║   ██║██╔██╗ ██║██╔██╗ ██║█████╗  ██████╔╝
██║   ██║██║╚██╔╝██║██   ██║██╔═██╗     ██╔══██╗██║   ██║██║╚██╗██║██║╚██╗██║██╔══╝  ██╔══██╗
╚██████╔╝██║ ╚═╝ ██║╚█████╔╝██║  ██╗    ██║  ██║╚██████╔╝██║ ╚████║██║ ╚████║███████╗██║  ██║
 ╚═════╝ ╚═╝     ╚═╝ ╚════╝ ╚═╝  ╚═╝    ╚═╝  ╚═╝ ╚═════╝ ╚═╝  ╚═══╝╚═╝  ╚═══╝╚══════╝╚═╝  ╚═╝
                                                                                                                                          
    
2022-09-24 17:14:15.209 | SUCCESS  | __main__:main:22 - server started success.        ✔
2022-09-24 17:16:11.290 | INFO     | gm_api_automation.middleware.LogMiddleware:process_response:84 - 耗时大于6秒的日志：{'time': '2022-09-24 17:14:25', 'url': '/getTestSuitsDetail', 'method': 'GET', 'ip': '127.0.0.1', 'body': <QueryDict: {'id': ['11']}>, 'user': <User: admin>, 'protocol': 'http', 'response': '{"code":500,"message":"Direct assignment to the forward side of a many-to-many set is prohibited. Use case_list.set() instead.","success":false,"data":{}}', 'access_time': 105914}
2022-09-24 17:16:11.291 | INFO     | gm_api_automation.middleware.LogMiddleware:process_response:89 - <WSGIRequest: GET '/getTestSuitsDetail?id=11'>
2022-09-24 17:18:21.712 | INFO     | gm_api_automation.middleware.LogMiddleware:process_response:84 - 耗时大于6秒的日志：{'time': '2022-09-24 17:18:11', 'url': '/getTestSuitsDetail', 'method': 'GET', 'ip': '127.0.0.1', 'body': <QueryDict: {'id': ['11']}>, 'user': <User: admin>, 'protocol': 'http', 'response': '{"code":500,"message":"Direct assignment to the forward side of a many-to-many set is prohibited. Use case_list.set() instead.","success":false,"data":{}}', 'access_time': 10475}
2022-09-24 17:18:21.713 | INFO     | gm_api_automation.middleware.LogMiddleware:process_response:89 - <WSGIRequest: GET '/getTestSuitsDetail?id=11'>
2022-09-24 17:18:25.205 | SUCCESS  | __main__:main:14 - 
  ██████╗ ███╗   ███╗     ██╗██╗  ██╗    ██████╗ ██╗   ██╗███╗   ██╗███╗   ██╗███████╗██████╗ 
██╔════╝ ████╗ ████║     ██║██║ ██╔╝    ██╔══██╗██║   ██║████╗  ██║████╗  ██║██╔════╝██╔══██╗
██║  ███╗██╔████╔██║     ██║█████╔╝     ██████╔╝██║   ██║██╔██╗ ██║██╔██╗ ██║█████╗  ██████╔╝
██║   ██║██║╚██╔╝██║██   ██║██╔═██╗     ██╔══██╗██║   ██║██║╚██╗██║██║╚██╗██║██╔══╝  ██╔══██╗
╚██████╔╝██║ ╚═╝ ██║╚█████╔╝██║  ██╗    ██║  ██║╚██████╔╝██║ ╚████║██║ ╚████║███████╗██║  ██║
 ╚═════╝ ╚═╝     ╚═╝ ╚════╝ ╚═╝  ╚═╝    ╚═╝  ╚═╝ ╚═════╝ ╚═╝  ╚═══╝╚═╝  ╚═══╝╚══════╝╚═╝  ╚═╝
                                                                                                                                          
    
2022-09-24 17:18:25.282 | SUCCESS  | __main__:main:22 - server started success.        ✔
2022-09-24 17:18:28.427 | INFO     | gm_api_automation.middleware.LogMiddleware:process_response:89 - <WSGIRequest: GET '/getTestSuitsDetail?id=11'>
2022-09-24 17:24:54.847 | SUCCESS  | __main__:main:14 - 
  ██████╗ ███╗   ███╗     ██╗██╗  ██╗    ██████╗ ██╗   ██╗███╗   ██╗███╗   ██╗███████╗██████╗ 
██╔════╝ ████╗ ████║     ██║██║ ██╔╝    ██╔══██╗██║   ██║████╗  ██║████╗  ██║██╔════╝██╔══██╗
██║  ███╗██╔████╔██║     ██║█████╔╝     ██████╔╝██║   ██║██╔██╗ ██║██╔██╗ ██║█████╗  ██████╔╝
██║   ██║██║╚██╔╝██║██   ██║██╔═██╗     ██╔══██╗██║   ██║██║╚██╗██║██║╚██╗██║██╔══╝  ██╔══██╗
╚██████╔╝██║ ╚═╝ ██║╚█████╔╝██║  ██╗    ██║  ██║╚██████╔╝██║ ╚████║██║ ╚████║███████╗██║  ██║
 ╚═════╝ ╚═╝     ╚═╝ ╚════╝ ╚═╝  ╚═╝    ╚═╝  ╚═╝ ╚═════╝ ╚═╝  ╚═══╝╚═╝  ╚═══╝╚══════╝╚═╝  ╚═╝
                                                                                                                                          
    
2022-09-24 17:24:54.933 | SUCCESS  | __main__:main:22 - server started success.        ✔
2022-09-24 17:29:35.054 | SUCCESS  | __main__:main:14 - 
  ██████╗ ███╗   ███╗     ██╗██╗  ██╗    ██████╗ ██╗   ██╗███╗   ██╗███╗   ██╗███████╗██████╗ 
██╔════╝ ████╗ ████║     ██║██║ ██╔╝    ██╔══██╗██║   ██║████╗  ██║████╗  ██║██╔════╝██╔══██╗
██║  ███╗██╔████╔██║     ██║█████╔╝     ██████╔╝██║   ██║██╔██╗ ██║██╔██╗ ██║█████╗  ██████╔╝
██║   ██║██║╚██╔╝██║██   ██║██╔═██╗     ██╔══██╗██║   ██║██║╚██╗██║██║╚██╗██║██╔══╝  ██╔══██╗
╚██████╔╝██║ ╚═╝ ██║╚█████╔╝██║  ██╗    ██║  ██║╚██████╔╝██║ ╚████║██║ ╚████║███████╗██║  ██║
 ╚═════╝ ╚═╝     ╚═╝ ╚════╝ ╚═╝  ╚═╝    ╚═╝  ╚═╝ ╚═════╝ ╚═╝  ╚═══╝╚═╝  ╚═══╝╚══════╝╚═╝  ╚═╝
                                                                                                                                          
    
2022-09-24 17:29:35.137 | SUCCESS  | __main__:main:22 - server started success.        ✔
2022-09-24 17:35:39.209 | SUCCESS  | __main__:main:14 - 
  ██████╗ ███╗   ███╗     ██╗██╗  ██╗    ██████╗ ██╗   ██╗███╗   ██╗███╗   ██╗███████╗██████╗ 
██╔════╝ ████╗ ████║     ██║██║ ██╔╝    ██╔══██╗██║   ██║████╗  ██║████╗  ██║██╔════╝██╔══██╗
██║  ███╗██╔████╔██║     ██║█████╔╝     ██████╔╝██║   ██║██╔██╗ ██║██╔██╗ ██║█████╗  ██████╔╝
██║   ██║██║╚██╔╝██║██   ██║██╔═██╗     ██╔══██╗██║   ██║██║╚██╗██║██║╚██╗██║██╔══╝  ██╔══██╗
╚██████╔╝██║ ╚═╝ ██║╚█████╔╝██║  ██╗    ██║  ██║╚██████╔╝██║ ╚████║██║ ╚████║███████╗██║  ██║
 ╚═════╝ ╚═╝     ╚═╝ ╚════╝ ╚═╝  ╚═╝    ╚═╝  ╚═╝ ╚═════╝ ╚═╝  ╚═══╝╚═╝  ╚═══╝╚══════╝╚═╝  ╚═╝
                                                                                                                                          
    
2022-09-24 17:35:39.352 | SUCCESS  | __main__:main:22 - server started success.        ✔
2022-09-24 17:35:42.686 | INFO     | gm_api_automation.middleware.LogMiddleware:process_response:89 - <WSGIRequest: GET '/getTestSuitsDetail?id=11'>
2022-09-24 17:36:06.974 | SUCCESS  | __main__:main:14 - 
  ██████╗ ███╗   ███╗     ██╗██╗  ██╗    ██████╗ ██╗   ██╗███╗   ██╗███╗   ██╗███████╗██████╗ 
██╔════╝ ████╗ ████║     ██║██║ ██╔╝    ██╔══██╗██║   ██║████╗  ██║████╗  ██║██╔════╝██╔══██╗
██║  ███╗██╔████╔██║     ██║█████╔╝     ██████╔╝██║   ██║██╔██╗ ██║██╔██╗ ██║█████╗  ██████╔╝
██║   ██║██║╚██╔╝██║██   ██║██╔═██╗     ██╔══██╗██║   ██║██║╚██╗██║██║╚██╗██║██╔══╝  ██╔══██╗
╚██████╔╝██║ ╚═╝ ██║╚█████╔╝██║  ██╗    ██║  ██║╚██████╔╝██║ ╚████║██║ ╚████║███████╗██║  ██║
 ╚═════╝ ╚═╝     ╚═╝ ╚════╝ ╚═╝  ╚═╝    ╚═╝  ╚═╝ ╚═════╝ ╚═╝  ╚═══╝╚═╝  ╚═══╝╚══════╝╚═╝  ╚═╝
                                                                                                                                          
    
2022-09-24 17:36:07.095 | SUCCESS  | __main__:main:22 - server started success.        ✔
2022-09-24 17:36:57.165 | INFO     | gm_api_automation.middleware.LogMiddleware:process_response:89 - <WSGIRequest: GET '/getTestSuitsDetail?id=11'>
2022-09-24 17:37:29.868 | SUCCESS  | __main__:main:14 - 
  ██████╗ ███╗   ███╗     ██╗██╗  ██╗    ██████╗ ██╗   ██╗███╗   ██╗███╗   ██╗███████╗██████╗ 
██╔════╝ ████╗ ████║     ██║██║ ██╔╝    ██╔══██╗██║   ██║████╗  ██║████╗  ██║██╔════╝██╔══██╗
██║  ███╗██╔████╔██║     ██║█████╔╝     ██████╔╝██║   ██║██╔██╗ ██║██╔██╗ ██║█████╗  ██████╔╝
██║   ██║██║╚██╔╝██║██   ██║██╔═██╗     ██╔══██╗██║   ██║██║╚██╗██║██║╚██╗██║██╔══╝  ██╔══██╗
╚██████╔╝██║ ╚═╝ ██║╚█████╔╝██║  ██╗    ██║  ██║╚██████╔╝██║ ╚████║██║ ╚████║███████╗██║  ██║
 ╚═════╝ ╚═╝     ╚═╝ ╚════╝ ╚═╝  ╚═╝    ╚═╝  ╚═╝ ╚═════╝ ╚═╝  ╚═══╝╚═╝  ╚═══╝╚══════╝╚═╝  ╚═╝
                                                                                                                                          
    
2022-09-24 17:37:29.949 | SUCCESS  | __main__:main:22 - server started success.        ✔
2022-09-24 17:37:33.417 | INFO     | gm_api_automation.middleware.LogMiddleware:process_response:89 - <WSGIRequest: GET '/getTestSuitsDetail?id=11'>
2022-09-24 17:38:25.558 | SUCCESS  | __main__:main:14 - 
  ██████╗ ███╗   ███╗     ██╗██╗  ██╗    ██████╗ ██╗   ██╗███╗   ██╗███╗   ██╗███████╗██████╗ 
██╔════╝ ████╗ ████║     ██║██║ ██╔╝    ██╔══██╗██║   ██║████╗  ██║████╗  ██║██╔════╝██╔══██╗
██║  ███╗██╔████╔██║     ██║█████╔╝     ██████╔╝██║   ██║██╔██╗ ██║██╔██╗ ██║█████╗  ██████╔╝
██║   ██║██║╚██╔╝██║██   ██║██╔═██╗     ██╔══██╗██║   ██║██║╚██╗██║██║╚██╗██║██╔══╝  ██╔══██╗
╚██████╔╝██║ ╚═╝ ██║╚█████╔╝██║  ██╗    ██║  ██║╚██████╔╝██║ ╚████║██║ ╚████║███████╗██║  ██║
 ╚═════╝ ╚═╝     ╚═╝ ╚════╝ ╚═╝  ╚═╝    ╚═╝  ╚═╝ ╚═════╝ ╚═╝  ╚═══╝╚═╝  ╚═══╝╚══════╝╚═╝  ╚═╝
                                                                                                                                          
    
2022-09-24 17:38:25.655 | SUCCESS  | __main__:main:22 - server started success.        ✔
2022-09-24 17:38:28.297 | INFO     | gm_api_automation.middleware.LogMiddleware:process_response:89 - <WSGIRequest: GET '/getTestSuitsDetail?id=11'>
2022-09-24 17:38:29.926 | INFO     | gm_api_automation.middleware.LogMiddleware:process_response:89 - <WSGIRequest: GET '/getTestSuitsDetail?id=11'>
2022-09-24 17:39:01.631 | SUCCESS  | __main__:main:14 - 
  ██████╗ ███╗   ███╗     ██╗██╗  ██╗    ██████╗ ██╗   ██╗███╗   ██╗███╗   ██╗███████╗██████╗ 
██╔════╝ ████╗ ████║     ██║██║ ██╔╝    ██╔══██╗██║   ██║████╗  ██║████╗  ██║██╔════╝██╔══██╗
██║  ███╗██╔████╔██║     ██║█████╔╝     ██████╔╝██║   ██║██╔██╗ ██║██╔██╗ ██║█████╗  ██████╔╝
██║   ██║██║╚██╔╝██║██   ██║██╔═██╗     ██╔══██╗██║   ██║██║╚██╗██║██║╚██╗██║██╔══╝  ██╔══██╗
╚██████╔╝██║ ╚═╝ ██║╚█████╔╝██║  ██╗    ██║  ██║╚██████╔╝██║ ╚████║██║ ╚████║███████╗██║  ██║
 ╚═════╝ ╚═╝     ╚═╝ ╚════╝ ╚═╝  ╚═╝    ╚═╝  ╚═╝ ╚═════╝ ╚═╝  ╚═══╝╚═╝  ╚═══╝╚══════╝╚═╝  ╚═╝
                                                                                                                                          
    
2022-09-24 17:39:01.740 | SUCCESS  | __main__:main:22 - server started success.        ✔
2022-09-24 17:39:05.732 | INFO     | gm_api_automation.middleware.LogMiddleware:process_response:89 - <WSGIRequest: GET '/getTestSuitsDetail?id=11'>
2022-09-24 17:39:21.401 | SUCCESS  | __main__:main:14 - 
  ██████╗ ███╗   ███╗     ██╗██╗  ██╗    ██████╗ ██╗   ██╗███╗   ██╗███╗   ██╗███████╗██████╗ 
██╔════╝ ████╗ ████║     ██║██║ ██╔╝    ██╔══██╗██║   ██║████╗  ██║████╗  ██║██╔════╝██╔══██╗
██║  ███╗██╔████╔██║     ██║█████╔╝     ██████╔╝██║   ██║██╔██╗ ██║██╔██╗ ██║█████╗  ██████╔╝
██║   ██║██║╚██╔╝██║██   ██║██╔═██╗     ██╔══██╗██║   ██║██║╚██╗██║██║╚██╗██║██╔══╝  ██╔══██╗
╚██████╔╝██║ ╚═╝ ██║╚█████╔╝██║  ██╗    ██║  ██║╚██████╔╝██║ ╚████║██║ ╚████║███████╗██║  ██║
 ╚═════╝ ╚═╝     ╚═╝ ╚════╝ ╚═╝  ╚═╝    ╚═╝  ╚═╝ ╚═════╝ ╚═╝  ╚═══╝╚═╝  ╚═══╝╚══════╝╚═╝  ╚═╝
                                                                                                                                          
    
2022-09-24 17:39:21.528 | SUCCESS  | __main__:main:22 - server started success.        ✔
2022-09-24 17:39:24.375 | INFO     | gm_api_automation.middleware.LogMiddleware:process_response:89 - <WSGIRequest: GET '/getTestSuitsDetail?id=11'>
2022-09-24 17:39:55.408 | SUCCESS  | __main__:main:14 - 
  ██████╗ ███╗   ███╗     ██╗██╗  ██╗    ██████╗ ██╗   ██╗███╗   ██╗███╗   ██╗███████╗██████╗ 
██╔════╝ ████╗ ████║     ██║██║ ██╔╝    ██╔══██╗██║   ██║████╗  ██║████╗  ██║██╔════╝██╔══██╗
██║  ███╗██╔████╔██║     ██║█████╔╝     ██████╔╝██║   ██║██╔██╗ ██║██╔██╗ ██║█████╗  ██████╔╝
██║   ██║██║╚██╔╝██║██   ██║██╔═██╗     ██╔══██╗██║   ██║██║╚██╗██║██║╚██╗██║██╔══╝  ██╔══██╗
╚██████╔╝██║ ╚═╝ ██║╚█████╔╝██║  ██╗    ██║  ██║╚██████╔╝██║ ╚████║██║ ╚████║███████╗██║  ██║
 ╚═════╝ ╚═╝     ╚═╝ ╚════╝ ╚═╝  ╚═╝    ╚═╝  ╚═╝ ╚═════╝ ╚═╝  ╚═══╝╚═╝  ╚═══╝╚══════╝╚═╝  ╚═╝
                                                                                                                                          
    
2022-09-24 17:39:55.523 | SUCCESS  | __main__:main:22 - server started success.        ✔
2022-09-24 17:40:09.282 | INFO     | gm_api_automation.middleware.LogMiddleware:process_response:89 - <WSGIRequest: GET '/getTestSuits?pageNo=2&pageSize=5'>
2022-09-24 17:43:34.919 | SUCCESS  | __main__:main:14 - 
  ██████╗ ███╗   ███╗     ██╗██╗  ██╗    ██████╗ ██╗   ██╗███╗   ██╗███╗   ██╗███████╗██████╗ 
██╔════╝ ████╗ ████║     ██║██║ ██╔╝    ██╔══██╗██║   ██║████╗  ██║████╗  ██║██╔════╝██╔══██╗
██║  ███╗██╔████╔██║     ██║█████╔╝     ██████╔╝██║   ██║██╔██╗ ██║██╔██╗ ██║█████╗  ██████╔╝
██║   ██║██║╚██╔╝██║██   ██║██╔═██╗     ██╔══██╗██║   ██║██║╚██╗██║██║╚██╗██║██╔══╝  ██╔══██╗
╚██████╔╝██║ ╚═╝ ██║╚█████╔╝██║  ██╗    ██║  ██║╚██████╔╝██║ ╚████║██║ ╚████║███████╗██║  ██║
 ╚═════╝ ╚═╝     ╚═╝ ╚════╝ ╚═╝  ╚═╝    ╚═╝  ╚═╝ ╚═════╝ ╚═╝  ╚═══╝╚═╝  ╚═══╝╚══════╝╚═╝  ╚═╝
                                                                                                                                          
    
2022-09-24 17:43:35.000 | SUCCESS  | __main__:main:22 - server started success.        ✔
2022-09-24 17:43:37.558 | INFO     | gm_api_automation.middleware.LogMiddleware:process_response:89 - <WSGIRequest: GET '/getTestSuits?pageNo=2&pageSize=5'>
2022-09-24 17:44:13.462 | SUCCESS  | __main__:main:14 - 
  ██████╗ ███╗   ███╗     ██╗██╗  ██╗    ██████╗ ██╗   ██╗███╗   ██╗███╗   ██╗███████╗██████╗ 
██╔════╝ ████╗ ████║     ██║██║ ██╔╝    ██╔══██╗██║   ██║████╗  ██║████╗  ██║██╔════╝██╔══██╗
██║  ███╗██╔████╔██║     ██║█████╔╝     ██████╔╝██║   ██║██╔██╗ ██║██╔██╗ ██║█████╗  ██████╔╝
██║   ██║██║╚██╔╝██║██   ██║██╔═██╗     ██╔══██╗██║   ██║██║╚██╗██║██║╚██╗██║██╔══╝  ██╔══██╗
╚██████╔╝██║ ╚═╝ ██║╚█████╔╝██║  ██╗    ██║  ██║╚██████╔╝██║ ╚████║██║ ╚████║███████╗██║  ██║
 ╚═════╝ ╚═╝     ╚═╝ ╚════╝ ╚═╝  ╚═╝    ╚═╝  ╚═╝ ╚═════╝ ╚═╝  ╚═══╝╚═╝  ╚═══╝╚══════╝╚═╝  ╚═╝
                                                                                                                                          
    
2022-09-24 17:44:13.548 | SUCCESS  | __main__:main:22 - server started success.        ✔
2022-09-24 17:44:16.885 | INFO     | gm_api_automation.middleware.LogMiddleware:process_response:89 - <WSGIRequest: GET '/getTestSuits?pageNo=2&pageSize=5'>
2022-09-24 17:44:32.381 | INFO     | gm_api_automation.middleware.LogMiddleware:process_response:89 - <WSGIRequest: GET '/getTestSuits?pageNo=2&pageSize=5'>
2022-09-24 17:44:33.913 | INFO     | gm_api_automation.middleware.LogMiddleware:process_response:89 - <WSGIRequest: GET '/getTestSuits?pageNo=2&pageSize=5'>
2022-09-24 17:45:28.328 | INFO     | gm_api_automation.middleware.LogMiddleware:process_response:89 - <WSGIRequest: GET '/getTestSuits?pageNo=2&pageSize=5'>
2022-09-24 17:45:29.725 | SUCCESS  | __main__:main:14 - 
  ██████╗ ███╗   ███╗     ██╗██╗  ██╗    ██████╗ ██╗   ██╗███╗   ██╗███╗   ██╗███████╗██████╗ 
██╔════╝ ████╗ ████║     ██║██║ ██╔╝    ██╔══██╗██║   ██║████╗  ██║████╗  ██║██╔════╝██╔══██╗
██║  ███╗██╔████╔██║     ██║█████╔╝     ██████╔╝██║   ██║██╔██╗ ██║██╔██╗ ██║█████╗  ██████╔╝
██║   ██║██║╚██╔╝██║██   ██║██╔═██╗     ██╔══██╗██║   ██║██║╚██╗██║██║╚██╗██║██╔══╝  ██╔══██╗
╚██████╔╝██║ ╚═╝ ██║╚█████╔╝██║  ██╗    ██║  ██║╚██████╔╝██║ ╚████║██║ ╚████║███████╗██║  ██║
 ╚═════╝ ╚═╝     ╚═╝ ╚════╝ ╚═╝  ╚═╝    ╚═╝  ╚═╝ ╚═════╝ ╚═╝  ╚═══╝╚═╝  ╚═══╝╚══════╝╚═╝  ╚═╝
                                                                                                                                          
    
2022-09-24 17:45:29.810 | SUCCESS  | __main__:main:22 - server started success.        ✔
2022-09-24 17:46:13.210 | INFO     | gm_api_automation.middleware.LogMiddleware:process_response:84 - 耗时大于6秒的日志：{'time': '2022-09-24 17:45:32', 'url': '/getTestSuits', 'method': 'GET', 'ip': '127.0.0.1', 'body': <QueryDict: {'pageNo': ['2'], 'pageSize': ['5']}>, 'user': <User: admin>, 'protocol': 'http', 'response': '{"code":500,"message":"\'is_delete\'","success":false,"data":{}}', 'access_time': 40242}
2022-09-24 17:46:13.210 | INFO     | gm_api_automation.middleware.LogMiddleware:process_response:89 - <WSGIRequest: GET '/getTestSuits?pageNo=2&pageSize=5'>
2022-09-24 17:47:57.025 | INFO     | gm_api_automation.middleware.LogMiddleware:process_response:84 - 耗时大于6秒的日志：{'time': '2022-09-24 17:46:54', 'url': '/getTestSuits', 'method': 'GET', 'ip': '127.0.0.1', 'body': <QueryDict: {'pageNo': ['2'], 'pageSize': ['5']}>, 'user': <User: admin>, 'protocol': 'http', 'response': '{"code":500,"message":"\'is_delete\'","success":false,"data":{}}', 'access_time': 62076}
2022-09-24 17:47:57.026 | INFO     | gm_api_automation.middleware.LogMiddleware:process_response:89 - <WSGIRequest: GET '/getTestSuits?pageNo=2&pageSize=5'>
2022-09-24 17:51:42.321 | INFO     | gm_api_automation.middleware.LogMiddleware:process_response:84 - 耗时大于6秒的日志：{'time': '2022-09-24 17:50:21', 'url': '/getTestSuits', 'method': 'GET', 'ip': '127.0.0.1', 'body': <QueryDict: {'pageNo': ['2'], 'pageSize': ['5']}>, 'user': <User: admin>, 'protocol': 'http', 'response': '{"code":500,"message":"\'is_delete\'","success":false,"data":{}}', 'access_time': 81031}
2022-09-24 17:51:42.322 | INFO     | gm_api_automation.middleware.LogMiddleware:process_response:89 - <WSGIRequest: GET '/getTestSuits?pageNo=2&pageSize=5'>
2022-09-24 17:55:05.471 | SUCCESS  | __main__:main:14 - 
  ██████╗ ███╗   ███╗     ██╗██╗  ██╗    ██████╗ ██╗   ██╗███╗   ██╗███╗   ██╗███████╗██████╗ 
██╔════╝ ████╗ ████║     ██║██║ ██╔╝    ██╔══██╗██║   ██║████╗  ██║████╗  ██║██╔════╝██╔══██╗
██║  ███╗██╔████╔██║     ██║█████╔╝     ██████╔╝██║   ██║██╔██╗ ██║██╔██╗ ██║█████╗  ██████╔╝
██║   ██║██║╚██╔╝██║██   ██║██╔═██╗     ██╔══██╗██║   ██║██║╚██╗██║██║╚██╗██║██╔══╝  ██╔══██╗
╚██████╔╝██║ ╚═╝ ██║╚█████╔╝██║  ██╗    ██║  ██║╚██████╔╝██║ ╚████║██║ ╚████║███████╗██║  ██║
 ╚═════╝ ╚═╝     ╚═╝ ╚════╝ ╚═╝  ╚═╝    ╚═╝  ╚═╝ ╚═════╝ ╚═╝  ╚═══╝╚═╝  ╚═══╝╚══════╝╚═╝  ╚═╝
                                                                                                                                          
    
2022-09-24 17:55:05.550 | SUCCESS  | __main__:main:22 - server started success.        ✔
2022-09-24 17:56:03.355 | INFO     | gm_api_automation.middleware.LogMiddleware:process_response:84 - 耗时大于6秒的日志：{'time': '2022-09-24 17:55:07', 'url': '/getTestSuits', 'method': 'GET', 'ip': '127.0.0.1', 'body': <QueryDict: {'pageNo': ['2'], 'pageSize': ['5']}>, 'user': <User: admin>, 'protocol': 'http', 'response': '{"code":200,"message":"操作成功","success":true,"data":{"next":"http://127.0.0.1:8000/getTestSuits?pageNo=3&pageSize=5","previous":"http://127.0.0.1:8000/getTestSuits?pageSize=5","results":[null,null,null,null,null],"current_num":2,"max_num":3,"total":11}}', 'access_time': 55503}
2022-09-24 17:56:03.355 | INFO     | gm_api_automation.middleware.LogMiddleware:process_response:89 - <WSGIRequest: GET '/getTestSuits?pageNo=2&pageSize=5'>
2022-09-24 17:56:55.760 | SUCCESS  | __main__:main:14 - 
  ██████╗ ███╗   ███╗     ██╗██╗  ██╗    ██████╗ ██╗   ██╗███╗   ██╗███╗   ██╗███████╗██████╗ 
██╔════╝ ████╗ ████║     ██║██║ ██╔╝    ██╔══██╗██║   ██║████╗  ██║████╗  ██║██╔════╝██╔══██╗
██║  ███╗██╔████╔██║     ██║█████╔╝     ██████╔╝██║   ██║██╔██╗ ██║██╔██╗ ██║█████╗  ██████╔╝
██║   ██║██║╚██╔╝██║██   ██║██╔═██╗     ██╔══██╗██║   ██║██║╚██╗██║██║╚██╗██║██╔══╝  ██╔══██╗
╚██████╔╝██║ ╚═╝ ██║╚█████╔╝██║  ██╗    ██║  ██║╚██████╔╝██║ ╚████║██║ ╚████║███████╗██║  ██║
 ╚═════╝ ╚═╝     ╚═╝ ╚════╝ ╚═╝  ╚═╝    ╚═╝  ╚═╝ ╚═════╝ ╚═╝  ╚═══╝╚═╝  ╚═══╝╚══════╝╚═╝  ╚═╝
                                                                                                                                          
    
2022-09-24 17:56:55.833 | SUCCESS  | __main__:main:22 - server started success.        ✔
2022-09-24 17:57:09.766 | SUCCESS  | __main__:main:14 - 
  ██████╗ ███╗   ███╗     ██╗██╗  ██╗    ██████╗ ██╗   ██╗███╗   ██╗███╗   ██╗███████╗██████╗ 
██╔════╝ ████╗ ████║     ██║██║ ██╔╝    ██╔══██╗██║   ██║████╗  ██║████╗  ██║██╔════╝██╔══██╗
██║  ███╗██╔████╔██║     ██║█████╔╝     ██████╔╝██║   ██║██╔██╗ ██║██╔██╗ ██║█████╗  ██████╔╝
██║   ██║██║╚██╔╝██║██   ██║██╔═██╗     ██╔══██╗██║   ██║██║╚██╗██║██║╚██╗██║██╔══╝  ██╔══██╗
╚██████╔╝██║ ╚═╝ ██║╚█████╔╝██║  ██╗    ██║  ██║╚██████╔╝██║ ╚████║██║ ╚████║███████╗██║  ██║
 ╚═════╝ ╚═╝     ╚═╝ ╚════╝ ╚═╝  ╚═╝    ╚═╝  ╚═╝ ╚═════╝ ╚═╝  ╚═══╝╚═╝  ╚═══╝╚══════╝╚═╝  ╚═╝
                                                                                                                                          
    
2022-09-24 17:57:09.861 | SUCCESS  | __main__:main:22 - server started success.        ✔
2022-09-24 17:58:00.049 | SUCCESS  | __main__:main:14 - 
  ██████╗ ███╗   ███╗     ██╗██╗  ██╗    ██████╗ ██╗   ██╗███╗   ██╗███╗   ██╗███████╗██████╗ 
██╔════╝ ████╗ ████║     ██║██║ ██╔╝    ██╔══██╗██║   ██║████╗  ██║████╗  ██║██╔════╝██╔══██╗
██║  ███╗██╔████╔██║     ██║█████╔╝     ██████╔╝██║   ██║██╔██╗ ██║██╔██╗ ██║█████╗  ██████╔╝
██║   ██║██║╚██╔╝██║██   ██║██╔═██╗     ██╔══██╗██║   ██║██║╚██╗██║██║╚██╗██║██╔══╝  ██╔══██╗
╚██████╔╝██║ ╚═╝ ██║╚█████╔╝██║  ██╗    ██║  ██║╚██████╔╝██║ ╚████║██║ ╚████║███████╗██║  ██║
 ╚═════╝ ╚═╝     ╚═╝ ╚════╝ ╚═╝  ╚═╝    ╚═╝  ╚═╝ ╚═════╝ ╚═╝  ╚═══╝╚═╝  ╚═══╝╚══════╝╚═╝  ╚═╝
                                                                                                                                          
    
2022-09-24 17:58:00.155 | SUCCESS  | __main__:main:22 - server started success.        ✔
2022-09-24 17:58:01.973 | SUCCESS  | __main__:main:14 - 
  ██████╗ ███╗   ███╗     ██╗██╗  ██╗    ██████╗ ██╗   ██╗███╗   ██╗███╗   ██╗███████╗██████╗ 
██╔════╝ ████╗ ████║     ██║██║ ██╔╝    ██╔══██╗██║   ██║████╗  ██║████╗  ██║██╔════╝██╔══██╗
██║  ███╗██╔████╔██║     ██║█████╔╝     ██████╔╝██║   ██║██╔██╗ ██║██╔██╗ ██║█████╗  ██████╔╝
██║   ██║██║╚██╔╝██║██   ██║██╔═██╗     ██╔══██╗██║   ██║██║╚██╗██║██║╚██╗██║██╔══╝  ██╔══██╗
╚██████╔╝██║ ╚═╝ ██║╚█████╔╝██║  ██╗    ██║  ██║╚██████╔╝██║ ╚████║██║ ╚████║███████╗██║  ██║
 ╚═════╝ ╚═╝     ╚═╝ ╚════╝ ╚═╝  ╚═╝    ╚═╝  ╚═╝ ╚═════╝ ╚═╝  ╚═══╝╚═╝  ╚═══╝╚══════╝╚═╝  ╚═╝
                                                                                                                                          
    
2022-09-24 17:58:02.069 | SUCCESS  | __main__:main:22 - server started success.        ✔
2022-09-24 17:58:06.977 | INFO     | gm_api_automation.middleware.LogMiddleware:process_response:89 - <WSGIRequest: GET '/getTestSuits?pageNo=2&pageSize=5'>
2022-09-24 17:58:21.394 | SUCCESS  | __main__:main:14 - 
  ██████╗ ███╗   ███╗     ██╗██╗  ██╗    ██████╗ ██╗   ██╗███╗   ██╗███╗   ██╗███████╗██████╗ 
██╔════╝ ████╗ ████║     ██║██║ ██╔╝    ██╔══██╗██║   ██║████╗  ██║████╗  ██║██╔════╝██╔══██╗
██║  ███╗██╔████╔██║     ██║█████╔╝     ██████╔╝██║   ██║██╔██╗ ██║██╔██╗ ██║█████╗  ██████╔╝
██║   ██║██║╚██╔╝██║██   ██║██╔═██╗     ██╔══██╗██║   ██║██║╚██╗██║██║╚██╗██║██╔══╝  ██╔══██╗
╚██████╔╝██║ ╚═╝ ██║╚█████╔╝██║  ██╗    ██║  ██║╚██████╔╝██║ ╚████║██║ ╚████║███████╗██║  ██║
 ╚═════╝ ╚═╝     ╚═╝ ╚════╝ ╚═╝  ╚═╝    ╚═╝  ╚═╝ ╚═════╝ ╚═╝  ╚═══╝╚═╝  ╚═══╝╚══════╝╚═╝  ╚═╝
                                                                                                                                          
    
2022-09-24 17:58:21.506 | SUCCESS  | __main__:main:22 - server started success.        ✔
2022-09-24 17:58:26.422 | INFO     | gm_api_automation.middleware.LogMiddleware:process_response:89 - <WSGIRequest: GET '/getTestSuits?pageNo=2&pageSize=5'>
2022-09-24 17:58:28.224 | SUCCESS  | __main__:main:14 - 
  ██████╗ ███╗   ███╗     ██╗██╗  ██╗    ██████╗ ██╗   ██╗███╗   ██╗███╗   ██╗███████╗██████╗ 
██╔════╝ ████╗ ████║     ██║██║ ██╔╝    ██╔══██╗██║   ██║████╗  ██║████╗  ██║██╔════╝██╔══██╗
██║  ███╗██╔████╔██║     ██║█████╔╝     ██████╔╝██║   ██║██╔██╗ ██║██╔██╗ ██║█████╗  ██████╔╝
██║   ██║██║╚██╔╝██║██   ██║██╔═██╗     ██╔══██╗██║   ██║██║╚██╗██║██║╚██╗██║██╔══╝  ██╔══██╗
╚██████╔╝██║ ╚═╝ ██║╚█████╔╝██║  ██╗    ██║  ██║╚██████╔╝██║ ╚████║██║ ╚████║███████╗██║  ██║
 ╚═════╝ ╚═╝     ╚═╝ ╚════╝ ╚═╝  ╚═╝    ╚═╝  ╚═╝ ╚═════╝ ╚═╝  ╚═══╝╚═╝  ╚═══╝╚══════╝╚═╝  ╚═╝
                                                                                                                                          
    
2022-09-24 17:58:28.324 | SUCCESS  | __main__:main:22 - server started success.        ✔
2022-09-24 17:59:07.371 | SUCCESS  | __main__:main:14 - 
  ██████╗ ███╗   ███╗     ██╗██╗  ██╗    ██████╗ ██╗   ██╗███╗   ██╗███╗   ██╗███████╗██████╗ 
██╔════╝ ████╗ ████║     ██║██║ ██╔╝    ██╔══██╗██║   ██║████╗  ██║████╗  ██║██╔════╝██╔══██╗
██║  ███╗██╔████╔██║     ██║█████╔╝     ██████╔╝██║   ██║██╔██╗ ██║██╔██╗ ██║█████╗  ██████╔╝
██║   ██║██║╚██╔╝██║██   ██║██╔═██╗     ██╔══██╗██║   ██║██║╚██╗██║██║╚██╗██║██╔══╝  ██╔══██╗
╚██████╔╝██║ ╚═╝ ██║╚█████╔╝██║  ██╗    ██║  ██║╚██████╔╝██║ ╚████║██║ ╚████║███████╗██║  ██║
 ╚═════╝ ╚═╝     ╚═╝ ╚════╝ ╚═╝  ╚═╝    ╚═╝  ╚═╝ ╚═════╝ ╚═╝  ╚═══╝╚═╝  ╚═══╝╚══════╝╚═╝  ╚═╝
                                                                                                                                          
    
2022-09-24 17:59:07.487 | SUCCESS  | __main__:main:22 - server started success.        ✔
2022-09-24 17:59:13.290 | SUCCESS  | __main__:main:14 - 
  ██████╗ ███╗   ███╗     ██╗██╗  ██╗    ██████╗ ██╗   ██╗███╗   ██╗███╗   ██╗███████╗██████╗ 
██╔════╝ ████╗ ████║     ██║██║ ██╔╝    ██╔══██╗██║   ██║████╗  ██║████╗  ██║██╔════╝██╔══██╗
██║  ███╗██╔████╔██║     ██║█████╔╝     ██████╔╝██║   ██║██╔██╗ ██║██╔██╗ ██║█████╗  ██████╔╝
██║   ██║██║╚██╔╝██║██   ██║██╔═██╗     ██╔══██╗██║   ██║██║╚██╗██║██║╚██╗██║██╔══╝  ██╔══██╗
╚██████╔╝██║ ╚═╝ ██║╚█████╔╝██║  ██╗    ██║  ██║╚██████╔╝██║ ╚████║██║ ╚████║███████╗██║  ██║
 ╚═════╝ ╚═╝     ╚═╝ ╚════╝ ╚═╝  ╚═╝    ╚═╝  ╚═╝ ╚═════╝ ╚═╝  ╚═══╝╚═╝  ╚═══╝╚══════╝╚═╝  ╚═╝
                                                                                                                                          
    
2022-09-24 17:59:13.393 | SUCCESS  | __main__:main:22 - server started success.        ✔
2022-09-24 17:59:28.158 | INFO     | gm_api_automation.middleware.LogMiddleware:process_response:89 - <WSGIRequest: GET '/getTestSuits?pageNo=2&pageSize=5'>
2022-09-24 17:59:41.528 | SUCCESS  | __main__:main:14 - 
  ██████╗ ███╗   ███╗     ██╗██╗  ██╗    ██████╗ ██╗   ██╗███╗   ██╗███╗   ██╗███████╗██████╗ 
██╔════╝ ████╗ ████║     ██║██║ ██╔╝    ██╔══██╗██║   ██║████╗  ██║████╗  ██║██╔════╝██╔══██╗
██║  ███╗██╔████╔██║     ██║█████╔╝     ██████╔╝██║   ██║██╔██╗ ██║██╔██╗ ██║█████╗  ██████╔╝
██║   ██║██║╚██╔╝██║██   ██║██╔═██╗     ██╔══██╗██║   ██║██║╚██╗██║██║╚██╗██║██╔══╝  ██╔══██╗
╚██████╔╝██║ ╚═╝ ██║╚█████╔╝██║  ██╗    ██║  ██║╚██████╔╝██║ ╚████║██║ ╚████║███████╗██║  ██║
 ╚═════╝ ╚═╝     ╚═╝ ╚════╝ ╚═╝  ╚═╝    ╚═╝  ╚═╝ ╚═════╝ ╚═╝  ╚═══╝╚═╝  ╚═══╝╚══════╝╚═╝  ╚═╝
                                                                                                                                          
    
2022-09-24 17:59:41.628 | SUCCESS  | __main__:main:22 - server started success.        ✔
2022-09-24 17:59:44.632 | INFO     | gm_api_automation.middleware.LogMiddleware:process_response:89 - <WSGIRequest: GET '/getTestSuits?pageNo=2&pageSize=5'>
2022-09-24 17:59:57.862 | SUCCESS  | __main__:main:14 - 
  ██████╗ ███╗   ███╗     ██╗██╗  ██╗    ██████╗ ██╗   ██╗███╗   ██╗███╗   ██╗███████╗██████╗ 
██╔════╝ ████╗ ████║     ██║██║ ██╔╝    ██╔══██╗██║   ██║████╗  ██║████╗  ██║██╔════╝██╔══██╗
██║  ███╗██╔████╔██║     ██║█████╔╝     ██████╔╝██║   ██║██╔██╗ ██║██╔██╗ ██║█████╗  ██████╔╝
██║   ██║██║╚██╔╝██║██   ██║██╔═██╗     ██╔══██╗██║   ██║██║╚██╗██║██║╚██╗██║██╔══╝  ██╔══██╗
╚██████╔╝██║ ╚═╝ ██║╚█████╔╝██║  ██╗    ██║  ██║╚██████╔╝██║ ╚████║██║ ╚████║███████╗██║  ██║
 ╚═════╝ ╚═╝     ╚═╝ ╚════╝ ╚═╝  ╚═╝    ╚═╝  ╚═╝ ╚═════╝ ╚═╝  ╚═══╝╚═╝  ╚═══╝╚══════╝╚═╝  ╚═╝
                                                                                                                                          
    
2022-09-24 17:59:57.969 | SUCCESS  | __main__:main:22 - server started success.        ✔
2022-09-24 18:00:09.809 | INFO     | gm_api_automation.middleware.LogMiddleware:process_response:89 - <WSGIRequest: GET '/getTestSuits?pageNo=2&pageSize=5'>
2022-09-24 18:00:30.326 | INFO     | gm_api_automation.middleware.LogMiddleware:process_response:89 - <WSGIRequest: GET '/getTestSuits?pageNo=1&pageSize=20'>
2022-09-24 18:03:34.655 | INFO     | gm_api_automation.middleware.LogMiddleware:process_response:92 - POST http://127.0.0.1/createrTestSuits
2022-09-24 18:03:34.656 | INFO     | gm_api_automation.middleware.LogMiddleware:process_response:93 - 请求参数: {'name': '套件名称9', 'project': '41', 'cron': '', 'env': '20', 'case_list': [44, 54, 13], 'desc': ''}
2022-09-24 18:03:34.657 | INFO     | gm_api_automation.middleware.LogMiddleware:process_response:94 - 响应信息: {"code":200,"message":"测试套件创建成功","success":true,"data":{}}
2022-09-24 18:05:32.452 | SUCCESS  | __main__:main:14 - 
  ██████╗ ███╗   ███╗     ██╗██╗  ██╗    ██████╗ ██╗   ██╗███╗   ██╗███╗   ██╗███████╗██████╗ 
██╔════╝ ████╗ ████║     ██║██║ ██╔╝    ██╔══██╗██║   ██║████╗  ██║████╗  ██║██╔════╝██╔══██╗
██║  ███╗██╔████╔██║     ██║█████╔╝     ██████╔╝██║   ██║██╔██╗ ██║██╔██╗ ██║█████╗  ██████╔╝
██║   ██║██║╚██╔╝██║██   ██║██╔═██╗     ██╔══██╗██║   ██║██║╚██╗██║██║╚██╗██║██╔══╝  ██╔══██╗
╚██████╔╝██║ ╚═╝ ██║╚█████╔╝██║  ██╗    ██║  ██║╚██████╔╝██║ ╚████║██║ ╚████║███████╗██║  ██║
 ╚═════╝ ╚═╝     ╚═╝ ╚════╝ ╚═╝  ╚═╝    ╚═╝  ╚═╝ ╚═════╝ ╚═╝  ╚═══╝╚═╝  ╚═══╝╚══════╝╚═╝  ╚═╝
                                                                                                                                          
    
2022-09-24 18:05:32.530 | SUCCESS  | __main__:main:22 - server started success.        ✔
2022-09-24 18:05:43.472 | SUCCESS  | __main__:main:14 - 
  ██████╗ ███╗   ███╗     ██╗██╗  ██╗    ██████╗ ██╗   ██╗███╗   ██╗███╗   ██╗███████╗██████╗ 
██╔════╝ ████╗ ████║     ██║██║ ██╔╝    ██╔══██╗██║   ██║████╗  ██║████╗  ██║██╔════╝██╔══██╗
██║  ███╗██╔████╔██║     ██║█████╔╝     ██████╔╝██║   ██║██╔██╗ ██║██╔██╗ ██║█████╗  ██████╔╝
██║   ██║██║╚██╔╝██║██   ██║██╔═██╗     ██╔══██╗██║   ██║██║╚██╗██║██║╚██╗██║██╔══╝  ██╔══██╗
╚██████╔╝██║ ╚═╝ ██║╚█████╔╝██║  ██╗    ██║  ██║╚██████╔╝██║ ╚████║██║ ╚████║███████╗██║  ██║
 ╚═════╝ ╚═╝     ╚═╝ ╚════╝ ╚═╝  ╚═╝    ╚═╝  ╚═╝ ╚═════╝ ╚═╝  ╚═══╝╚═╝  ╚═══╝╚══════╝╚═╝  ╚═╝
                                                                                                                                          
    
2022-09-24 18:05:43.546 | SUCCESS  | __main__:main:22 - server started success.        ✔
2022-09-24 18:05:52.232 | INFO     | gm_api_automation.middleware.LogMiddleware:process_response:92 - POST http://127.0.0.1/createrTestSuits
2022-09-24 18:05:52.233 | INFO     | gm_api_automation.middleware.LogMiddleware:process_response:93 - 请求参数: {'name': '套件名称10', 'project': '41', 'cron': '', 'env': '20', 'case_list': [44, 54, 13], 'desc': ''}
2022-09-24 18:05:52.234 | INFO     | gm_api_automation.middleware.LogMiddleware:process_response:94 - 响应信息: {"code":200,"message":"测试套件创建成功","success":true,"data":{}}
2022-09-24 18:06:19.400 | SUCCESS  | __main__:main:14 - 
  ██████╗ ███╗   ███╗     ██╗██╗  ██╗    ██████╗ ██╗   ██╗███╗   ██╗███╗   ██╗███████╗██████╗ 
██╔════╝ ████╗ ████║     ██║██║ ██╔╝    ██╔══██╗██║   ██║████╗  ██║████╗  ██║██╔════╝██╔══██╗
██║  ███╗██╔████╔██║     ██║█████╔╝     ██████╔╝██║   ██║██╔██╗ ██║██╔██╗ ██║█████╗  ██████╔╝
██║   ██║██║╚██╔╝██║██   ██║██╔═██╗     ██╔══██╗██║   ██║██║╚██╗██║██║╚██╗██║██╔══╝  ██╔══██╗
╚██████╔╝██║ ╚═╝ ██║╚█████╔╝██║  ██╗    ██║  ██║╚██████╔╝██║ ╚████║██║ ╚████║███████╗██║  ██║
 ╚═════╝ ╚═╝     ╚═╝ ╚════╝ ╚═╝  ╚═╝    ╚═╝  ╚═╝ ╚═════╝ ╚═╝  ╚═══╝╚═╝  ╚═══╝╚══════╝╚═╝  ╚═╝
                                                                                                                                          
    
2022-09-24 18:06:19.557 | SUCCESS  | __main__:main:22 - server started success.        ✔
2022-09-24 18:06:24.057 | INFO     | gm_api_automation.middleware.LogMiddleware:process_response:92 - POST http://127.0.0.1/createrTestSuits
2022-09-24 18:06:24.057 | INFO     | gm_api_automation.middleware.LogMiddleware:process_response:93 - 请求参数: {'name': '套件名称11', 'project': '41', 'cron': '', 'env': '20', 'case_list': [44, 54, 13], 'desc': ''}
2022-09-24 18:06:24.058 | INFO     | gm_api_automation.middleware.LogMiddleware:process_response:94 - 响应信息: {"code":200,"message":"测试套件创建成功","success":true,"data":{}}
2022-09-24 18:06:37.334 | INFO     | gm_api_automation.middleware.LogMiddleware:process_response:92 - POST http://127.0.0.1/createrTestSuits
2022-09-24 18:06:37.335 | INFO     | gm_api_automation.middleware.LogMiddleware:process_response:93 - 请求参数: {'name': '套件名称11', 'project': '41', 'cron': '', 'env': '20', 'case_list': [44, 54, 13], 'desc': ''}
2022-09-24 18:06:37.335 | INFO     | gm_api_automation.middleware.LogMiddleware:process_response:94 - 响应信息: {"code":400,"message":"该项目下已存在相同名称的套件","success":false,"data":{}}
2022-09-24 18:07:49.943 | SUCCESS  | __main__:main:14 - 
  ██████╗ ███╗   ███╗     ██╗██╗  ██╗    ██████╗ ██╗   ██╗███╗   ██╗███╗   ██╗███████╗██████╗ 
██╔════╝ ████╗ ████║     ██║██║ ██╔╝    ██╔══██╗██║   ██║████╗  ██║████╗  ██║██╔════╝██╔══██╗
██║  ███╗██╔████╔██║     ██║█████╔╝     ██████╔╝██║   ██║██╔██╗ ██║██╔██╗ ██║█████╗  ██████╔╝
██║   ██║██║╚██╔╝██║██   ██║██╔═██╗     ██╔══██╗██║   ██║██║╚██╗██║██║╚██╗██║██╔══╝  ██╔══██╗
╚██████╔╝██║ ╚═╝ ██║╚█████╔╝██║  ██╗    ██║  ██║╚██████╔╝██║ ╚████║██║ ╚████║███████╗██║  ██║
 ╚═════╝ ╚═╝     ╚═╝ ╚════╝ ╚═╝  ╚═╝    ╚═╝  ╚═╝ ╚═════╝ ╚═╝  ╚═══╝╚═╝  ╚═══╝╚══════╝╚═╝  ╚═╝
                                                                                                                                          
    
2022-09-24 18:07:50.054 | SUCCESS  | __main__:main:22 - server started success.        ✔
2022-09-24 18:08:01.800 | INFO     | gm_api_automation.middleware.LogMiddleware:process_response:84 - 耗时大于6秒的日志：{'time': '2022-09-24 18:07:54', 'url': '/createrTestSuits', 'method': 'POST', 'ip': '127.0.0.1', 'body': {'name': '套件名称11', 'project': '41', 'cron': '', 'env': '20', 'case_list': [44, 54, 13], 'desc': ''}, 'user': <User: admin>, 'protocol': 'http', 'response': '{"code":500,"message":"\'str\' object has no attribute \'is_delete\'","success":false,"data":{}}', 'access_time': 7314}
2022-09-24 18:08:01.800 | INFO     | gm_api_automation.middleware.LogMiddleware:process_response:92 - POST http://127.0.0.1/createrTestSuits
2022-09-24 18:08:01.801 | INFO     | gm_api_automation.middleware.LogMiddleware:process_response:93 - 请求参数: {'name': '套件名称11', 'project': '41', 'cron': '', 'env': '20', 'case_list': [44, 54, 13], 'desc': ''}
2022-09-24 18:08:01.801 | INFO     | gm_api_automation.middleware.LogMiddleware:process_response:94 - 响应信息: {"code":500,"message":"'str' object has no attribute 'is_delete'","success":false,"data":{}}
2022-09-24 18:08:54.342 | SUCCESS  | __main__:main:14 - 
  ██████╗ ███╗   ███╗     ██╗██╗  ██╗    ██████╗ ██╗   ██╗███╗   ██╗███╗   ██╗███████╗██████╗ 
██╔════╝ ████╗ ████║     ██║██║ ██╔╝    ██╔══██╗██║   ██║████╗  ██║████╗  ██║██╔════╝██╔══██╗
██║  ███╗██╔████╔██║     ██║█████╔╝     ██████╔╝██║   ██║██╔██╗ ██║██╔██╗ ██║█████╗  ██████╔╝
██║   ██║██║╚██╔╝██║██   ██║██╔═██╗     ██╔══██╗██║   ██║██║╚██╗██║██║╚██╗██║██╔══╝  ██╔══██╗
╚██████╔╝██║ ╚═╝ ██║╚█████╔╝██║  ██╗    ██║  ██║╚██████╔╝██║ ╚████║██║ ╚████║███████╗██║  ██║
 ╚═════╝ ╚═╝     ╚═╝ ╚════╝ ╚═╝  ╚═╝    ╚═╝  ╚═╝ ╚═════╝ ╚═╝  ╚═══╝╚═╝  ╚═══╝╚══════╝╚═╝  ╚═╝
                                                                                                                                          
    
2022-09-24 18:08:54.447 | SUCCESS  | __main__:main:22 - server started success.        ✔
2022-09-24 18:09:07.274 | INFO     | gm_api_automation.middleware.LogMiddleware:process_response:84 - 耗时大于6秒的日志：{'time': '2022-09-24 18:08:58', 'url': '/createrTestSuits', 'method': 'POST', 'ip': '127.0.0.1', 'body': {'name': '套件名称11', 'project': '41', 'cron': '', 'env': '20', 'case_list': [44, 54, 13], 'desc': ''}, 'user': <User: admin>, 'protocol': 'http', 'response': '{"code":500,"message":"\'Projects\' object is not iterable","success":false,"data":{}}', 'access_time': 8685}
2022-09-24 18:09:07.275 | INFO     | gm_api_automation.middleware.LogMiddleware:process_response:92 - POST http://127.0.0.1/createrTestSuits
2022-09-24 18:09:07.275 | INFO     | gm_api_automation.middleware.LogMiddleware:process_response:93 - 请求参数: {'name': '套件名称11', 'project': '41', 'cron': '', 'env': '20', 'case_list': [44, 54, 13], 'desc': ''}
2022-09-24 18:09:07.276 | INFO     | gm_api_automation.middleware.LogMiddleware:process_response:94 - 响应信息: {"code":500,"message":"'Projects' object is not iterable","success":false,"data":{}}
2022-09-24 18:10:45.129 | SUCCESS  | __main__:main:14 - 
  ██████╗ ███╗   ███╗     ██╗██╗  ██╗    ██████╗ ██╗   ██╗███╗   ██╗███╗   ██╗███████╗██████╗ 
██╔════╝ ████╗ ████║     ██║██║ ██╔╝    ██╔══██╗██║   ██║████╗  ██║████╗  ██║██╔════╝██╔══██╗
██║  ███╗██╔████╔██║     ██║█████╔╝     ██████╔╝██║   ██║██╔██╗ ██║██╔██╗ ██║█████╗  ██████╔╝
██║   ██║██║╚██╔╝██║██   ██║██╔═██╗     ██╔══██╗██║   ██║██║╚██╗██║██║╚██╗██║██╔══╝  ██╔══██╗
╚██████╔╝██║ ╚═╝ ██║╚█████╔╝██║  ██╗    ██║  ██║╚██████╔╝██║ ╚████║██║ ╚████║███████╗██║  ██║
 ╚═════╝ ╚═╝     ╚═╝ ╚════╝ ╚═╝  ╚═╝    ╚═╝  ╚═╝ ╚═════╝ ╚═╝  ╚═══╝╚═╝  ╚═══╝╚══════╝╚═╝  ╚═╝
                                                                                                                                          
    
2022-09-24 18:10:45.204 | SUCCESS  | __main__:main:22 - server started success.        ✔
2022-09-24 18:10:49.887 | INFO     | gm_api_automation.middleware.LogMiddleware:process_response:92 - POST http://127.0.0.1/createrTestSuits
2022-09-24 18:10:49.887 | INFO     | gm_api_automation.middleware.LogMiddleware:process_response:93 - 请求参数: {'name': '套件名称11', 'project': '41', 'cron': '', 'env': '20', 'case_list': [44, 54, 13], 'desc': ''}
2022-09-24 18:10:49.887 | INFO     | gm_api_automation.middleware.LogMiddleware:process_response:94 - 响应信息: {"code":400,"message":"该项目下已存在相同名称的套件","success":false,"data":{}}
2022-09-24 18:10:53.091 | INFO     | gm_api_automation.middleware.LogMiddleware:process_response:92 - POST http://127.0.0.1/createrTestSuits
2022-09-24 18:10:53.091 | INFO     | gm_api_automation.middleware.LogMiddleware:process_response:93 - 请求参数: {'name': '套件名称11', 'project': '41', 'cron': '', 'env': '20', 'case_list': [44, 54, 13], 'desc': ''}
2022-09-24 18:10:53.092 | INFO     | gm_api_automation.middleware.LogMiddleware:process_response:94 - 响应信息: {"code":400,"message":"该项目下已存在相同名称的套件","success":false,"data":{}}
2022-09-24 18:10:54.275 | INFO     | gm_api_automation.middleware.LogMiddleware:process_response:92 - POST http://127.0.0.1/createrTestSuits
2022-09-24 18:10:54.275 | INFO     | gm_api_automation.middleware.LogMiddleware:process_response:93 - 请求参数: {'name': '套件名称11', 'project': '41', 'cron': '', 'env': '20', 'case_list': [44, 54, 13], 'desc': ''}
2022-09-24 18:10:54.276 | INFO     | gm_api_automation.middleware.LogMiddleware:process_response:94 - 响应信息: {"code":400,"message":"该项目下已存在相同名称的套件","success":false,"data":{}}
2022-09-24 18:13:09.912 | SUCCESS  | __main__:main:14 - 
  ██████╗ ███╗   ███╗     ██╗██╗  ██╗    ██████╗ ██╗   ██╗███╗   ██╗███╗   ██╗███████╗██████╗ 
██╔════╝ ████╗ ████║     ██║██║ ██╔╝    ██╔══██╗██║   ██║████╗  ██║████╗  ██║██╔════╝██╔══██╗
██║  ███╗██╔████╔██║     ██║█████╔╝     ██████╔╝██║   ██║██╔██╗ ██║██╔██╗ ██║█████╗  ██████╔╝
██║   ██║██║╚██╔╝██║██   ██║██╔═██╗     ██╔══██╗██║   ██║██║╚██╗██║██║╚██╗██║██╔══╝  ██╔══██╗
╚██████╔╝██║ ╚═╝ ██║╚█████╔╝██║  ██╗    ██║  ██║╚██████╔╝██║ ╚████║██║ ╚████║███████╗██║  ██║
 ╚═════╝ ╚═╝     ╚═╝ ╚════╝ ╚═╝  ╚═╝    ╚═╝  ╚═╝ ╚═════╝ ╚═╝  ╚═══╝╚═╝  ╚═══╝╚══════╝╚═╝  ╚═╝
                                                                                                                                          
    
2022-09-24 18:13:09.991 | SUCCESS  | __main__:main:22 - server started success.        ✔
2022-09-24 18:13:30.582 | SUCCESS  | __main__:main:14 - 
  ██████╗ ███╗   ███╗     ██╗██╗  ██╗    ██████╗ ██╗   ██╗███╗   ██╗███╗   ██╗███████╗██████╗ 
██╔════╝ ████╗ ████║     ██║██║ ██╔╝    ██╔══██╗██║   ██║████╗  ██║████╗  ██║██╔════╝██╔══██╗
██║  ███╗██╔████╔██║     ██║█████╔╝     ██████╔╝██║   ██║██╔██╗ ██║██╔██╗ ██║█████╗  ██████╔╝
██║   ██║██║╚██╔╝██║██   ██║██╔═██╗     ██╔══██╗██║   ██║██║╚██╗██║██║╚██╗██║██╔══╝  ██╔══██╗
╚██████╔╝██║ ╚═╝ ██║╚█████╔╝██║  ██╗    ██║  ██║╚██████╔╝██║ ╚████║██║ ╚████║███████╗██║  ██║
 ╚═════╝ ╚═╝     ╚═╝ ╚════╝ ╚═╝  ╚═╝    ╚═╝  ╚═╝ ╚═════╝ ╚═╝  ╚═══╝╚═╝  ╚═══╝╚══════╝╚═╝  ╚═╝
                                                                                                                                          
    
2022-09-24 18:13:30.659 | SUCCESS  | __main__:main:22 - server started success.        ✔
2022-09-24 18:15:03.374 | INFO     | gm_api_automation.middleware.LogMiddleware:process_response:92 - POST http://127.0.0.1/createrTestSuits
2022-09-24 18:15:03.374 | INFO     | gm_api_automation.middleware.LogMiddleware:process_response:93 - 请求参数: {'name': '套件名称12', 'project': '41', 'cron': '', 'env': '20', 'case_list': [44, 54, 13], 'desc': ''}
2022-09-24 18:15:03.374 | INFO     | gm_api_automation.middleware.LogMiddleware:process_response:94 - 响应信息: {"code":200,"message":"测试套件创建成功","success":true,"data":{}}
2022-09-24 18:15:45.986 | INFO     | gm_api_automation.middleware.LogMiddleware:process_response:89 - <WSGIRequest: GET '/getTestSuits?pageNo=1&pageSize=20'>
2022-09-24 18:16:10.537 | INFO     | gm_api_automation.middleware.LogMiddleware:process_response:92 - POST http://127.0.0.1/createrTestSuits
2022-09-24 18:16:10.538 | INFO     | gm_api_automation.middleware.LogMiddleware:process_response:93 - 请求参数: {'name': '套件名称12', 'project': '41', 'cron': '', 'env': '20', 'case_list': [44, 54], 'desc': ''}
2022-09-24 18:16:10.538 | INFO     | gm_api_automation.middleware.LogMiddleware:process_response:94 - 响应信息: {"code":400,"message":"该项目下已存在相同名称的套件","success":false,"data":{}}
2022-09-24 18:16:14.578 | INFO     | gm_api_automation.middleware.LogMiddleware:process_response:92 - POST http://127.0.0.1/createrTestSuits
2022-09-24 18:16:14.578 | INFO     | gm_api_automation.middleware.LogMiddleware:process_response:93 - 请求参数: {'name': '套件名称13', 'project': '41', 'cron': '', 'env': '20', 'case_list': [44, 54], 'desc': ''}
2022-09-24 18:16:14.578 | INFO     | gm_api_automation.middleware.LogMiddleware:process_response:94 - 响应信息: {"code":200,"message":"测试套件创建成功","success":true,"data":{}}
2022-09-24 18:17:52.174 | SUCCESS  | __main__:main:14 - 
  ██████╗ ███╗   ███╗     ██╗██╗  ██╗    ██████╗ ██╗   ██╗███╗   ██╗███╗   ██╗███████╗██████╗ 
██╔════╝ ████╗ ████║     ██║██║ ██╔╝    ██╔══██╗██║   ██║████╗  ██║████╗  ██║██╔════╝██╔══██╗
██║  ███╗██╔████╔██║     ██║█████╔╝     ██████╔╝██║   ██║██╔██╗ ██║██╔██╗ ██║█████╗  ██████╔╝
██║   ██║██║╚██╔╝██║██   ██║██╔═██╗     ██╔══██╗██║   ██║██║╚██╗██║██║╚██╗██║██╔══╝  ██╔══██╗
╚██████╔╝██║ ╚═╝ ██║╚█████╔╝██║  ██╗    ██║  ██║╚██████╔╝██║ ╚████║██║ ╚████║███████╗██║  ██║
 ╚═════╝ ╚═╝     ╚═╝ ╚════╝ ╚═╝  ╚═╝    ╚═╝  ╚═╝ ╚═════╝ ╚═╝  ╚═══╝╚═╝  ╚═══╝╚══════╝╚═╝  ╚═╝
                                                                                                                                          
    
2022-09-24 18:17:52.253 | SUCCESS  | __main__:main:22 - server started success.        ✔
2022-09-24 18:17:55.401 | INFO     | gm_api_automation.middleware.LogMiddleware:process_response:92 - POST http://127.0.0.1/createrTestSuits
2022-09-24 18:17:55.401 | INFO     | gm_api_automation.middleware.LogMiddleware:process_response:93 - 请求参数: {'name': '套件名称14', 'project': '41', 'cron': '', 'env': '20', 'case_list': [44, 54], 'desc': ''}
2022-09-24 18:17:55.401 | INFO     | gm_api_automation.middleware.LogMiddleware:process_response:94 - 响应信息: {"code":200,"message":"测试套件创建成功","success":true,"data":{}}
2022-09-24 18:18:07.144 | SUCCESS  | __main__:main:14 - 
  ██████╗ ███╗   ███╗     ██╗██╗  ██╗    ██████╗ ██╗   ██╗███╗   ██╗███╗   ██╗███████╗██████╗ 
██╔════╝ ████╗ ████║     ██║██║ ██╔╝    ██╔══██╗██║   ██║████╗  ██║████╗  ██║██╔════╝██╔══██╗
██║  ███╗██╔████╔██║     ██║█████╔╝     ██████╔╝██║   ██║██╔██╗ ██║██╔██╗ ██║█████╗  ██████╔╝
██║   ██║██║╚██╔╝██║██   ██║██╔═██╗     ██╔══██╗██║   ██║██║╚██╗██║██║╚██╗██║██╔══╝  ██╔══██╗
╚██████╔╝██║ ╚═╝ ██║╚█████╔╝██║  ██╗    ██║  ██║╚██████╔╝██║ ╚████║██║ ╚████║███████╗██║  ██║
 ╚═════╝ ╚═╝     ╚═╝ ╚════╝ ╚═╝  ╚═╝    ╚═╝  ╚═╝ ╚═════╝ ╚═╝  ╚═══╝╚═╝  ╚═══╝╚══════╝╚═╝  ╚═╝
                                                                                                                                          
    
2022-09-24 18:18:07.237 | SUCCESS  | __main__:main:22 - server started success.        ✔
2022-09-24 18:31:16.674 | SUCCESS  | __main__:main:14 - 
  ██████╗ ███╗   ███╗     ██╗██╗  ██╗    ██████╗ ██╗   ██╗███╗   ██╗███╗   ██╗███████╗██████╗ 
██╔════╝ ████╗ ████║     ██║██║ ██╔╝    ██╔══██╗██║   ██║████╗  ██║████╗  ██║██╔════╝██╔══██╗
██║  ███╗██╔████╔██║     ██║█████╔╝     ██████╔╝██║   ██║██╔██╗ ██║██╔██╗ ██║█████╗  ██████╔╝
██║   ██║██║╚██╔╝██║██   ██║██╔═██╗     ██╔══██╗██║   ██║██║╚██╗██║██║╚██╗██║██╔══╝  ██╔══██╗
╚██████╔╝██║ ╚═╝ ██║╚█████╔╝██║  ██╗    ██║  ██║╚██████╔╝██║ ╚████║██║ ╚████║███████╗██║  ██║
 ╚═════╝ ╚═╝     ╚═╝ ╚════╝ ╚═╝  ╚═╝    ╚═╝  ╚═╝ ╚═════╝ ╚═╝  ╚═══╝╚═╝  ╚═══╝╚══════╝╚═╝  ╚═╝
                                                                                                                                          
    
2022-09-24 18:31:16.716 | SUCCESS  | __main__:main:22 - server started success.        ✔
2022-09-24 18:31:35.749 | SUCCESS  | __main__:main:14 - 
  ██████╗ ███╗   ███╗     ██╗██╗  ██╗    ██████╗ ██╗   ██╗███╗   ██╗███╗   ██╗███████╗██████╗ 
██╔════╝ ████╗ ████║     ██║██║ ██╔╝    ██╔══██╗██║   ██║████╗  ██║████╗  ██║██╔════╝██╔══██╗
██║  ███╗██╔████╔██║     ██║█████╔╝     ██████╔╝██║   ██║██╔██╗ ██║██╔██╗ ██║█████╗  ██████╔╝
██║   ██║██║╚██╔╝██║██   ██║██╔═██╗     ██╔══██╗██║   ██║██║╚██╗██║██║╚██╗██║██╔══╝  ██╔══██╗
╚██████╔╝██║ ╚═╝ ██║╚█████╔╝██║  ██╗    ██║  ██║╚██████╔╝██║ ╚████║██║ ╚████║███████╗██║  ██║
 ╚═════╝ ╚═╝     ╚═╝ ╚════╝ ╚═╝  ╚═╝    ╚═╝  ╚═╝ ╚═════╝ ╚═╝  ╚═══╝╚═╝  ╚═══╝╚══════╝╚═╝  ╚═╝
                                                                                                                                          
    
2022-09-24 18:31:35.790 | SUCCESS  | __main__:main:22 - server started success.        ✔
2022-09-24 18:31:49.959 | INFO     | gm_api_automation.middleware.LogMiddleware:process_response:92 - POST http://127.0.0.1/createrTestSuits
2022-09-24 18:31:49.960 | INFO     | gm_api_automation.middleware.LogMiddleware:process_response:93 - 请求参数: {'name': '套件名称15', 'project': '41', 'cron': '', 'env': '20', 'case_list': [44, 54], 'desc': ''}
2022-09-24 18:31:49.961 | INFO     | gm_api_automation.middleware.LogMiddleware:process_response:94 - 响应信息: {"code":200,"message":"测试套件创建成功","success":true,"data":{}}
2022-09-24 18:32:30.995 | SUCCESS  | __main__:main:14 - 
  ██████╗ ███╗   ███╗     ██╗██╗  ██╗    ██████╗ ██╗   ██╗███╗   ██╗███╗   ██╗███████╗██████╗ 
██╔════╝ ████╗ ████║     ██║██║ ██╔╝    ██╔══██╗██║   ██║████╗  ██║████╗  ██║██╔════╝██╔══██╗
██║  ███╗██╔████╔██║     ██║█████╔╝     ██████╔╝██║   ██║██╔██╗ ██║██╔██╗ ██║█████╗  ██████╔╝
██║   ██║██║╚██╔╝██║██   ██║██╔═██╗     ██╔══██╗██║   ██║██║╚██╗██║██║╚██╗██║██╔══╝  ██╔══██╗
╚██████╔╝██║ ╚═╝ ██║╚█████╔╝██║  ██╗    ██║  ██║╚██████╔╝██║ ╚████║██║ ╚████║███████╗██║  ██║
 ╚═════╝ ╚═╝     ╚═╝ ╚════╝ ╚═╝  ╚═╝    ╚═╝  ╚═╝ ╚═════╝ ╚═╝  ╚═══╝╚═╝  ╚═══╝╚══════╝╚═╝  ╚═╝
                                                                                                                                          
    
2022-09-24 18:32:31.092 | SUCCESS  | __main__:main:22 - server started success.        ✔
2022-09-24 18:32:39.054 | INFO     | gm_api_automation.middleware.LogMiddleware:process_response:92 - POST http://127.0.0.1/createrTestSuits
2022-09-24 18:32:39.055 | INFO     | gm_api_automation.middleware.LogMiddleware:process_response:93 - 请求参数: {'name': '套件名称15', 'project': '41', 'cron': '', 'env': '20', 'case_list': [44, 54], 'desc': ''}
2022-09-24 18:32:39.056 | INFO     | gm_api_automation.middleware.LogMiddleware:process_response:94 - 响应信息: {"code":400,"message":"该项目下已存在相同名称的套件","success":false,"data":{}}
2022-09-24 18:32:46.634 | INFO     | gm_api_automation.middleware.LogMiddleware:process_response:92 - POST http://127.0.0.1/createrTestSuits
2022-09-24 18:32:46.634 | INFO     | gm_api_automation.middleware.LogMiddleware:process_response:93 - 请求参数: {'name': '套件名称16', 'project': '41', 'cron': '', 'env': '20', 'case_list': [44, 54], 'desc': ''}
2022-09-24 18:32:46.635 | INFO     | gm_api_automation.middleware.LogMiddleware:process_response:94 - 响应信息: {"code":500,"message":"'int' object is not subscriptable","success":false,"data":{}}
2022-09-24 18:33:12.269 | SUCCESS  | __main__:main:14 - 
  ██████╗ ███╗   ███╗     ██╗██╗  ██╗    ██████╗ ██╗   ██╗███╗   ██╗███╗   ██╗███████╗██████╗ 
██╔════╝ ████╗ ████║     ██║██║ ██╔╝    ██╔══██╗██║   ██║████╗  ██║████╗  ██║██╔════╝██╔══██╗
██║  ███╗██╔████╔██║     ██║█████╔╝     ██████╔╝██║   ██║██╔██╗ ██║██╔██╗ ██║█████╗  ██████╔╝
██║   ██║██║╚██╔╝██║██   ██║██╔═██╗     ██╔══██╗██║   ██║██║╚██╗██║██║╚██╗██║██╔══╝  ██╔══██╗
╚██████╔╝██║ ╚═╝ ██║╚█████╔╝██║  ██╗    ██║  ██║╚██████╔╝██║ ╚████║██║ ╚████║███████╗██║  ██║
 ╚═════╝ ╚═╝     ╚═╝ ╚════╝ ╚═╝  ╚═╝    ╚═╝  ╚═╝ ╚═════╝ ╚═╝  ╚═══╝╚═╝  ╚═══╝╚══════╝╚═╝  ╚═╝
                                                                                                                                          
    
2022-09-24 18:33:12.369 | SUCCESS  | __main__:main:22 - server started success.        ✔
2022-09-24 18:33:14.911 | INFO     | gm_api_automation.middleware.LogMiddleware:process_response:92 - POST http://127.0.0.1/createrTestSuits
2022-09-24 18:33:14.911 | INFO     | gm_api_automation.middleware.LogMiddleware:process_response:93 - 请求参数: {'name': '套件名称16', 'project': '41', 'cron': '', 'env': '20', 'case_list': [44, 54], 'desc': ''}
2022-09-24 18:33:14.912 | INFO     | gm_api_automation.middleware.LogMiddleware:process_response:94 - 响应信息: {"code":400,"message":"该项目下已存在相同名称的套件","success":false,"data":{}}
2022-09-24 18:33:37.292 | SUCCESS  | __main__:main:14 - 
  ██████╗ ███╗   ███╗     ██╗██╗  ██╗    ██████╗ ██╗   ██╗███╗   ██╗███╗   ██╗███████╗██████╗ 
██╔════╝ ████╗ ████║     ██║██║ ██╔╝    ██╔══██╗██║   ██║████╗  ██║████╗  ██║██╔════╝██╔══██╗
██║  ███╗██╔████╔██║     ██║█████╔╝     ██████╔╝██║   ██║██╔██╗ ██║██╔██╗ ██║█████╗  ██████╔╝
██║   ██║██║╚██╔╝██║██   ██║██╔═██╗     ██╔══██╗██║   ██║██║╚██╗██║██║╚██╗██║██╔══╝  ██╔══██╗
╚██████╔╝██║ ╚═╝ ██║╚█████╔╝██║  ██╗    ██║  ██║╚██████╔╝██║ ╚████║██║ ╚████║███████╗██║  ██║
 ╚═════╝ ╚═╝     ╚═╝ ╚════╝ ╚═╝  ╚═╝    ╚═╝  ╚═╝ ╚═════╝ ╚═╝  ╚═══╝╚═╝  ╚═══╝╚══════╝╚═╝  ╚═╝
                                                                                                                                          
    
2022-09-24 18:33:37.399 | SUCCESS  | __main__:main:22 - server started success.        ✔
2022-09-24 18:33:45.661 | SUCCESS  | __main__:main:14 - 
  ██████╗ ███╗   ███╗     ██╗██╗  ██╗    ██████╗ ██╗   ██╗███╗   ██╗███╗   ██╗███████╗██████╗ 
██╔════╝ ████╗ ████║     ██║██║ ██╔╝    ██╔══██╗██║   ██║████╗  ██║████╗  ██║██╔════╝██╔══██╗
██║  ███╗██╔████╔██║     ██║█████╔╝     ██████╔╝██║   ██║██╔██╗ ██║██╔██╗ ██║█████╗  ██████╔╝
██║   ██║██║╚██╔╝██║██   ██║██╔═██╗     ██╔══██╗██║   ██║██║╚██╗██║██║╚██╗██║██╔══╝  ██╔══██╗
╚██████╔╝██║ ╚═╝ ██║╚█████╔╝██║  ██╗    ██║  ██║╚██████╔╝██║ ╚████║██║ ╚████║███████╗██║  ██║
 ╚═════╝ ╚═╝     ╚═╝ ╚════╝ ╚═╝  ╚═╝    ╚═╝  ╚═╝ ╚═════╝ ╚═╝  ╚═══╝╚═╝  ╚═══╝╚══════╝╚═╝  ╚═╝
                                                                                                                                          
    
2022-09-24 18:33:45.757 | SUCCESS  | __main__:main:22 - server started success.        ✔
2022-09-24 18:33:56.188 | INFO     | gm_api_automation.middleware.LogMiddleware:process_response:92 - POST http://127.0.0.1/createrTestSuits
2022-09-24 18:33:56.188 | INFO     | gm_api_automation.middleware.LogMiddleware:process_response:93 - 请求参数: {'name': '套件名称17', 'project': '41', 'cron': '', 'env': '20', 'case_list': [44, 54], 'desc': ''}
2022-09-24 18:33:56.189 | INFO     | gm_api_automation.middleware.LogMiddleware:process_response:94 - 响应信息: {"code":400,"message":{"non_field_errors":["无效数据。期待为字典类型，得到的是 int 。"]},"success":false,"data":{}}
2022-09-24 18:34:53.956 | SUCCESS  | __main__:main:14 - 
  ██████╗ ███╗   ███╗     ██╗██╗  ██╗    ██████╗ ██╗   ██╗███╗   ██╗███╗   ██╗███████╗██████╗ 
██╔════╝ ████╗ ████║     ██║██║ ██╔╝    ██╔══██╗██║   ██║████╗  ██║████╗  ██║██╔════╝██╔══██╗
██║  ███╗██╔████╔██║     ██║█████╔╝     ██████╔╝██║   ██║██╔██╗ ██║██╔██╗ ██║█████╗  ██████╔╝
██║   ██║██║╚██╔╝██║██   ██║██╔═██╗     ██╔══██╗██║   ██║██║╚██╗██║██║╚██╗██║██╔══╝  ██╔══██╗
╚██████╔╝██║ ╚═╝ ██║╚█████╔╝██║  ██╗    ██║  ██║╚██████╔╝██║ ╚████║██║ ╚████║███████╗██║  ██║
 ╚═════╝ ╚═╝     ╚═╝ ╚════╝ ╚═╝  ╚═╝    ╚═╝  ╚═╝ ╚═════╝ ╚═╝  ╚═══╝╚═╝  ╚═══╝╚══════╝╚═╝  ╚═╝
                                                                                                                                          
    
2022-09-24 18:34:54.032 | SUCCESS  | __main__:main:22 - server started success.        ✔
2022-09-24 18:35:00.730 | SUCCESS  | __main__:main:14 - 
  ██████╗ ███╗   ███╗     ██╗██╗  ██╗    ██████╗ ██╗   ██╗███╗   ██╗███╗   ██╗███████╗██████╗ 
██╔════╝ ████╗ ████║     ██║██║ ██╔╝    ██╔══██╗██║   ██║████╗  ██║████╗  ██║██╔════╝██╔══██╗
██║  ███╗██╔████╔██║     ██║█████╔╝     ██████╔╝██║   ██║██╔██╗ ██║██╔██╗ ██║█████╗  ██████╔╝
██║   ██║██║╚██╔╝██║██   ██║██╔═██╗     ██╔══██╗██║   ██║██║╚██╗██║██║╚██╗██║██╔══╝  ██╔══██╗
╚██████╔╝██║ ╚═╝ ██║╚█████╔╝██║  ██╗    ██║  ██║╚██████╔╝██║ ╚████║██║ ╚████║███████╗██║  ██║
 ╚═════╝ ╚═╝     ╚═╝ ╚════╝ ╚═╝  ╚═╝    ╚═╝  ╚═╝ ╚═════╝ ╚═╝  ╚═══╝╚═╝  ╚═══╝╚══════╝╚═╝  ╚═╝
                                                                                                                                          
    
2022-09-24 18:35:00.852 | SUCCESS  | __main__:main:22 - server started success.        ✔
2022-09-24 18:35:03.606 | INFO     | gm_api_automation.middleware.LogMiddleware:process_response:92 - POST http://127.0.0.1/createrTestSuits
2022-09-24 18:35:03.606 | INFO     | gm_api_automation.middleware.LogMiddleware:process_response:93 - 请求参数: {'name': '套件名称17', 'project': '41', 'cron': '', 'env': '20', 'case_list': [44, 54], 'desc': ''}
2022-09-24 18:35:03.607 | INFO     | gm_api_automation.middleware.LogMiddleware:process_response:94 - 响应信息: {"code":500,"message":"'int' object is not subscriptable","success":false,"data":{}}
2022-09-24 18:35:08.596 | INFO     | gm_api_automation.middleware.LogMiddleware:process_response:92 - POST http://127.0.0.1/createrTestSuits
2022-09-24 18:35:08.596 | INFO     | gm_api_automation.middleware.LogMiddleware:process_response:93 - 请求参数: {'name': '套件名称17', 'project': '41', 'cron': '', 'env': '20', 'case_list': [44, 54], 'desc': ''}
2022-09-24 18:35:08.597 | INFO     | gm_api_automation.middleware.LogMiddleware:process_response:94 - 响应信息: {"code":400,"message":"该项目下已存在相同名称的套件","success":false,"data":{}}
2022-09-24 18:35:13.343 | INFO     | gm_api_automation.middleware.LogMiddleware:process_response:92 - POST http://127.0.0.1/createrTestSuits
2022-09-24 18:35:13.343 | INFO     | gm_api_automation.middleware.LogMiddleware:process_response:93 - 请求参数: {'name': '套件名称18', 'project': '41', 'cron': '', 'env': '20', 'case_list': [44, 54], 'desc': ''}
2022-09-24 18:35:13.343 | INFO     | gm_api_automation.middleware.LogMiddleware:process_response:94 - 响应信息: {"code":500,"message":"'int' object is not subscriptable","success":false,"data":{}}
2022-09-24 18:35:20.555 | SUCCESS  | __main__:main:14 - 
  ██████╗ ███╗   ███╗     ██╗██╗  ██╗    ██████╗ ██╗   ██╗███╗   ██╗███╗   ██╗███████╗██████╗ 
██╔════╝ ████╗ ████║     ██║██║ ██╔╝    ██╔══██╗██║   ██║████╗  ██║████╗  ██║██╔════╝██╔══██╗
██║  ███╗██╔████╔██║     ██║█████╔╝     ██████╔╝██║   ██║██╔██╗ ██║██╔██╗ ██║█████╗  ██████╔╝
██║   ██║██║╚██╔╝██║██   ██║██╔═██╗     ██╔══██╗██║   ██║██║╚██╗██║██║╚██╗██║██╔══╝  ██╔══██╗
╚██████╔╝██║ ╚═╝ ██║╚█████╔╝██║  ██╗    ██║  ██║╚██████╔╝██║ ╚████║██║ ╚████║███████╗██║  ██║
 ╚═════╝ ╚═╝     ╚═╝ ╚════╝ ╚═╝  ╚═╝    ╚═╝  ╚═╝ ╚═════╝ ╚═╝  ╚═══╝╚═╝  ╚═══╝╚══════╝╚═╝  ╚═╝
                                                                                                                                          
    
2022-09-24 18:35:20.654 | SUCCESS  | __main__:main:22 - server started success.        ✔
2022-09-24 18:35:26.504 | INFO     | gm_api_automation.middleware.LogMiddleware:process_response:92 - POST http://127.0.0.1/createrTestSuits
2022-09-24 18:35:26.504 | INFO     | gm_api_automation.middleware.LogMiddleware:process_response:93 - 请求参数: {'name': '套件名称19', 'project': '41', 'cron': '', 'env': '20', 'case_list': [44, 54], 'desc': ''}
2022-09-24 18:35:26.505 | INFO     | gm_api_automation.middleware.LogMiddleware:process_response:94 - 响应信息: {"code":200,"message":"测试套件创建成功","success":true,"data":{}}
2022-09-24 18:35:32.999 | INFO     | gm_api_automation.middleware.LogMiddleware:process_response:89 - <WSGIRequest: GET '/getTestSuitsDetail?id=19'>
2022-09-24 18:38:05.903 | SUCCESS  | __main__:main:14 - 
  ██████╗ ███╗   ███╗     ██╗██╗  ██╗    ██████╗ ██╗   ██╗███╗   ██╗███╗   ██╗███████╗██████╗ 
██╔════╝ ████╗ ████║     ██║██║ ██╔╝    ██╔══██╗██║   ██║████╗  ██║████╗  ██║██╔════╝██╔══██╗
██║  ███╗██╔████╔██║     ██║█████╔╝     ██████╔╝██║   ██║██╔██╗ ██║██╔██╗ ██║█████╗  ██████╔╝
██║   ██║██║╚██╔╝██║██   ██║██╔═██╗     ██╔══██╗██║   ██║██║╚██╗██║██║╚██╗██║██╔══╝  ██╔══██╗
╚██████╔╝██║ ╚═╝ ██║╚█████╔╝██║  ██╗    ██║  ██║╚██████╔╝██║ ╚████║██║ ╚████║███████╗██║  ██║
 ╚═════╝ ╚═╝     ╚═╝ ╚════╝ ╚═╝  ╚═╝    ╚═╝  ╚═╝ ╚═════╝ ╚═╝  ╚═══╝╚═╝  ╚═══╝╚══════╝╚═╝  ╚═╝
                                                                                                                                          
    
2022-09-24 18:38:05.984 | SUCCESS  | __main__:main:22 - server started success.        ✔
2022-09-24 18:38:54.270 | SUCCESS  | __main__:main:14 - 
  ██████╗ ███╗   ███╗     ██╗██╗  ██╗    ██████╗ ██╗   ██╗███╗   ██╗███╗   ██╗███████╗██████╗ 
██╔════╝ ████╗ ████║     ██║██║ ██╔╝    ██╔══██╗██║   ██║████╗  ██║████╗  ██║██╔════╝██╔══██╗
██║  ███╗██╔████╔██║     ██║█████╔╝     ██████╔╝██║   ██║██╔██╗ ██║██╔██╗ ██║█████╗  ██████╔╝
██║   ██║██║╚██╔╝██║██   ██║██╔═██╗     ██╔══██╗██║   ██║██║╚██╗██║██║╚██╗██║██╔══╝  ██╔══██╗
╚██████╔╝██║ ╚═╝ ██║╚█████╔╝██║  ██╗    ██║  ██║╚██████╔╝██║ ╚████║██║ ╚████║███████╗██║  ██║
 ╚═════╝ ╚═╝     ╚═╝ ╚════╝ ╚═╝  ╚═╝    ╚═╝  ╚═╝ ╚═════╝ ╚═╝  ╚═══╝╚═╝  ╚═══╝╚══════╝╚═╝  ╚═╝
                                                                                                                                          
    
2022-09-24 18:38:54.391 | SUCCESS  | __main__:main:22 - server started success.        ✔
2022-09-24 18:39:16.564 | INFO     | gm_api_automation.middleware.LogMiddleware:process_response:84 - 耗时大于6秒的日志：{'time': '2022-09-24 18:39:04', 'url': '/getTestSuitsDetail', 'method': 'GET', 'ip': '127.0.0.1', 'body': <QueryDict: {'id': ['19']}>, 'user': <User: admin>, 'protocol': 'http', 'response': '{"code":500,"message":"\'int\' object is not subscriptable","success":false,"data":{}}', 'access_time': 12460}
2022-09-24 18:39:16.564 | INFO     | gm_api_automation.middleware.LogMiddleware:process_response:89 - <WSGIRequest: GET '/getTestSuitsDetail?id=19'>
2022-09-24 18:39:42.230 | SUCCESS  | __main__:main:14 - 
  ██████╗ ███╗   ███╗     ██╗██╗  ██╗    ██████╗ ██╗   ██╗███╗   ██╗███╗   ██╗███████╗██████╗ 
██╔════╝ ████╗ ████║     ██║██║ ██╔╝    ██╔══██╗██║   ██║████╗  ██║████╗  ██║██╔════╝██╔══██╗
██║  ███╗██╔████╔██║     ██║█████╔╝     ██████╔╝██║   ██║██╔██╗ ██║██╔██╗ ██║█████╗  ██████╔╝
██║   ██║██║╚██╔╝██║██   ██║██╔═██╗     ██╔══██╗██║   ██║██║╚██╗██║██║╚██╗██║██╔══╝  ██╔══██╗
╚██████╔╝██║ ╚═╝ ██║╚█████╔╝██║  ██╗    ██║  ██║╚██████╔╝██║ ╚████║██║ ╚████║███████╗██║  ██║
 ╚═════╝ ╚═╝     ╚═╝ ╚════╝ ╚═╝  ╚═╝    ╚═╝  ╚═╝ ╚═════╝ ╚═╝  ╚═══╝╚═╝  ╚═══╝╚══════╝╚═╝  ╚═╝
                                                                                                                                          
    
2022-09-24 18:39:42.338 | SUCCESS  | __main__:main:22 - server started success.        ✔
2022-09-24 18:39:47.697 | INFO     | gm_api_automation.middleware.LogMiddleware:process_response:89 - <WSGIRequest: GET '/getTestSuitsDetail?id=19'>
2022-09-24 18:40:17.576 | INFO     | gm_api_automation.middleware.LogMiddleware:process_response:92 - POST http://127.0.0.1/createrTestSuits
2022-09-24 18:40:17.577 | INFO     | gm_api_automation.middleware.LogMiddleware:process_response:93 - 请求参数: {'name': '套件名称20', 'project': '41', 'cron': '', 'env': '20', 'case_list': [44, 54], 'desc': ''}
2022-09-24 18:40:17.577 | INFO     | gm_api_automation.middleware.LogMiddleware:process_response:94 - 响应信息: {"code":200,"message":"测试套件创建成功","success":true,"data":{}}
2022-09-24 18:40:43.355 | INFO     | gm_api_automation.middleware.LogMiddleware:process_response:92 - POST http://127.0.0.1/createrTestSuits
2022-09-24 18:40:43.355 | INFO     | gm_api_automation.middleware.LogMiddleware:process_response:93 - 请求参数: {'name': '套件名称21', 'project': '41', 'cron': '', 'env': '20', 'case_list': [44, 54, 13], 'desc': ''}
2022-09-24 18:40:43.356 | INFO     | gm_api_automation.middleware.LogMiddleware:process_response:94 - 响应信息: {"code":400,"message":"无效主键 “13” － 对象不存在。","success":false,"data":{}}
2022-09-24 18:40:55.978 | INFO     | gm_api_automation.middleware.LogMiddleware:process_response:92 - POST http://127.0.0.1/createrTestSuits
2022-09-24 18:40:55.979 | INFO     | gm_api_automation.middleware.LogMiddleware:process_response:93 - 请求参数: {'name': '套件名称21', 'project': '41', 'cron': '', 'env': '20', 'case_list': [44, 54], 'desc': ''}
2022-09-24 18:40:55.979 | INFO     | gm_api_automation.middleware.LogMiddleware:process_response:94 - 响应信息: {"code":200,"message":"测试套件创建成功","success":true,"data":{}}
